datestamp,usdzar,dxy,vix,brent,us_2y,us_10y,sa_10y,jibar_3m,sa_repo,em_equity
2004-01-05,6.3129,86.07,17.489999771118164,30.89,1.9153000116348267,4.3774,8.83636298946998,7.775,8.0,462.29
2004-01-06,6.445,85.63,16.729999542236328,30.82,1.81850004196167,4.271,8.79823472934498,7.794,8.0,460.95
2004-01-07,6.565,86.2,15.5,30.76,1.8184000253677368,4.2416,8.77069241670565,7.813,8.0,459.84
2004-01-08,6.5605,85.54,15.609999656677246,31.08,1.8264000415802002,4.2553,8.75212595136555,7.825,8.0,461.86
2004-01-09,6.6713,85.11,16.75,31.37,1.656000018119812,4.0803,8.69995827938158,7.838,8.0,468.07
2004-01-12,6.9523,85.56,16.81999969482422,31.76,1.6476000547409058,4.0861,8.67542742537557,7.838,8.0,467.36
2004-01-13,6.8879,85.51,18.040000915527344,31.37,1.5824999809265137,4.011,8.825968793733981,7.841,8.0,467.66
2004-01-14,7.1201,86.12,16.75,31.03,1.6225999593734741,3.9937,8.95757041095873,7.853,8.0,464.13
2004-01-15,7.385,86.57,15.5600004196167,31.56,1.6384999752044678,3.9688,8.92271608081815,7.853,8.0,458.75
2004-01-16,7.235,87.73,15.0,30.47,1.6698999404907227,4.0299,8.95857760227399,7.853,8.0,459.11
2004-01-19,7.2725,87.96,15.0,30.57,1.669600009918213,4.0298,8.99832497489243,7.853,8.0,462.46
2004-01-20,7.065,86.62,15.210000038146973,31.23,1.652899980545044,4.0548,9.026949637959799,7.85,8.0,467.07
2004-01-21,7.1069,86.34,14.34000015258789,30.86,1.6365000009536743,4.0182,9.0337519099115,7.853,8.0,465.47
2004-01-22,7.085,85.82,14.710000038146973,31.11,1.5951000452041626,3.953,9.00577875160012,7.853,8.0,465.64
2004-01-23,7.2225,86.56,14.84000015258789,30.96,1.6598000526428223,4.072,9.04906343944788,7.884,8.0,467.9
2004-01-26,7.0925,87.25,14.550000190734863,30.45,1.6926000118255615,4.1301,9.129762918362449,7.903,8.0,469.77
2004-01-27,7.0363,86.25,15.350000381469727,30.23,1.642699956893921,4.0738,9.448880171449261,7.909,8.0,471.44
2004-01-28,7.0025,86.97,16.780000686645508,29.77,1.816499948501587,4.1885,9.30949608666016,7.925,8.0,468.84
2004-01-29,7.0355,87.58,17.139999389648438,29.13,1.7831000089645386,4.1729,9.45835587842959,7.925,8.0,459.23
2004-01-30,7.0713,87.2,16.6299991607666,29.18,1.8188999891281128,4.1319,9.388285112725061,7.925,8.0,457.19
2004-02-02,6.9851,87.44,17.110000610351562,30.23,1.8028000593185425,4.1455,9.38982394659999,7.969,8.0,456.76
2004-02-03,6.9065,86.81,17.34000015258789,29.5,1.746500015258789,4.0968,9.2723096552926,7.981,8.0,457.28
2004-02-04,6.8391,86.83,17.8700008392334,28.88,1.7544000148773193,4.1123,9.20688413147549,7.988,8.0,455.68
2004-02-05,6.9873,86.87,17.709999084472656,29.27,1.8265999555587769,4.1669,9.2448279242871,7.969,8.0,453.64
2004-02-06,6.97,86.02,16.0,28.83,1.7455999851226807,4.0772,9.3082076195385,7.969,8.0,459.98
2004-02-09,6.8981,86.0,16.389999389648438,29.11,1.7373000383377075,4.052,9.271039693324171,7.975,8.0,467.95
2004-02-10,6.84,85.84,15.9399995803833,30.04,1.801900029182434,4.1121,9.23029630053871,7.981,8.0,468.95
2004-02-11,6.7274,85.09,15.390000343322754,29.87,1.7044999599456787,4.0306,9.23411355789362,7.988,8.0,472.08
2004-02-12,6.6205,85.29,15.3100004196167,30.07,1.704300045967102,4.0441,9.13705705680085,7.975,8.0,477.17
2004-02-13,6.6353,85.55,15.579999923706055,30.57,1.670699954032898,4.0402,9.03286822660649,7.969,8.0,480.05
2004-02-16,6.65,85.38,15.579999923706055,30.32,1.6704000234603882,4.0402,9.12395841245244,7.963,8.0,479.63
2004-02-17,6.515,84.97,15.399999618530273,30.69,1.6619999408721924,4.0383,9.11506136667084,7.963,8.0,483.69
2004-02-18,6.635,85.94,15.59000015258789,30.99,1.6783000230789185,4.0479,9.05560238588677,7.956,8.0,483.19
2004-02-19,6.6351,85.86,15.800000190734863,30.82,1.645300030708313,4.0306,9.23097954733661,7.959,8.0,478.54
2004-02-20,6.715,87.24,16.040000915527344,30.69,1.701799988746643,4.0961,9.22378202765254,7.966,8.0,475.48
2004-02-23,6.6488,86.91,16.290000915527344,30.81,1.6521999835968018,4.0363,9.207397917888201,7.966,8.0,473.38
2004-02-24,6.5701,86.15,15.899999618530273,30.81,1.6354999542236328,4.0229,9.1714228286036,7.959,8.0,470.44
2004-02-25,6.575,87.25,14.930000305175781,31.57,1.6022000312805176,4.0075,9.19583401887033,7.966,8.0,470.96
2004-02-26,6.6475,87.67,14.829999923706055,31.57,1.6728999614715576,4.0344,9.21937994054434,7.978,8.0,472.6
2004-02-27,6.6328,87.31,14.550000190734863,32.23,1.6410000324249268,3.9711,9.30499714742681,7.984,8.0,477.73
2004-03-01,6.6275,87.52,14.4399995803833,33.34,1.6490000486373901,3.973,9.35990065439648,7.975,8.0,485.28
2004-03-02,6.9118,88.9,14.859999656677246,33.15,1.7210999727249146,4.0421,9.42704953221409,7.984,8.0,488.37
2004-03-03,6.845,88.94,14.550000190734863,32.23,1.7213000059127808,4.0498,9.56636378524478,8.0,8.0,482.41
2004-03-04,6.7975,89.14,14.399999618530273,32.89,1.6971999406814575,4.0151,9.53214526168274,8.006,8.0,485.45
2004-03-05,6.6163,88.17,14.479999542236328,33.35,1.5605000257492065,3.8491,9.35339781922159,8.006,8.0,488.31
2004-03-08,6.5338,87.9,15.789999961853027,32.77,1.496000051498413,3.768,9.2806310019802,8.0,8.0,486.31
2004-03-09,6.5538,88.43,16.600000381469727,32.23,1.479699969291687,3.7211,9.29650115027756,8.0,8.0,485.25
2004-03-10,6.645,88.95,18.670000076293945,31.99,1.5037000179290771,3.7285,9.36384672252718,8.0,8.0,476.34
2004-03-11,6.64,88.51,20.670000076293945,32.83,1.4551000595092773,3.6985,9.35291015508225,8.0,8.0,469.34
2004-03-12,6.7737,89.12,18.299999237060547,32.24,1.5192999839782715,3.777,9.40272863645203,8.0,8.0,466.8
2004-03-15,6.71,88.81,21.1299991607666,33.8,1.5271999835968018,3.7619,9.39887966828522,8.0,8.0,464.25
2004-03-16,6.725,88.59,20.34000015258789,33.45,1.4701999425888062,3.6794,9.38011171973938,8.0,8.0,464.57
2004-03-17,6.7138,88.66,18.110000610351562,33.53,1.4944000244140625,3.7111,9.40066389077545,8.0,8.0,470.02
2004-03-18,6.66,87.64,18.530000686645508,33.13,1.5187000036239624,3.7542,9.39548313456997,8.0,8.0,474.64
2004-03-19,6.64,88.13,19.149999618530273,33.26,1.5099999904632568,3.771,9.36045603913446,8.0,8.0,476.81
2004-03-23,6.52,87.85,20.670000076293945,33.31,1.4686000347137451,3.6901,9.40001580828851,8.0,8.0,465.32
2004-03-24,6.6,88.89,19.809999465942383,33.01,1.4601999521255493,3.7069,9.42548749709322,8.0,8.0,465.21
2004-03-25,6.5776,88.9,17.8799991607666,31.83,1.5,3.7368,9.42043940413137,8.006,8.0,463.31
2004-03-26,6.54,88.89,17.329999923706055,31.99,1.579699993133545,3.8292,9.4301082893988,8.019,8.0,466.63
2004-03-29,6.368,88.63,16.5,31.74,1.6116000413894653,3.8882,9.44396947648533,8.019,8.0,473.0
2004-03-30,6.3323,88.43,16.280000686645508,32.45,1.6196000576019287,3.8939,9.47164901076841,8.041,8.0,476.44
2004-03-31,6.2925,87.61,16.739999771118164,31.51,1.5717999935150146,3.8348,9.554885793223681,8.053,8.0,482.06
2004-04-01,6.3038,87.21,16.649999618530273,31.55,1.6198999881744385,3.8786,9.584856784098621,8.066,8.0,485.34
2004-04-02,6.398,88.51,15.640000343322754,30.21,1.8459999561309814,4.1435,9.65813035689603,8.072,8.0,487.02
2004-04-05,6.415,89.22,14.970000267028809,30.69,1.8788000345230103,4.2064,9.64100010241572,8.072,8.0,490.44
2004-04-06,6.325,88.62,15.319999694824219,31.35,1.8307000398635864,4.1475,9.606503798719789,8.078,8.0,493.09
2004-04-07,6.315,88.27,15.760000228881836,32.45,1.8393000364303589,4.1573,9.6034338291809,8.078,8.0,494.83
2004-04-08,6.2724,89.02,16.260000228881836,33.34,1.8573999404907227,4.1909,9.58692051433349,8.078,8.0,495.86
2004-04-13,6.5575,89.8,17.260000228881836,33.19,1.9895000457763672,4.3519,9.64013561609066,8.078,8.0,494.44
2004-04-15,6.4525,90.06,15.739999771118164,33.12,2.0566999912261963,4.4003,9.68430072108916,8.084,8.0,483.5
2004-04-16,6.4401,89.94,14.9399995803833,33.64,1.9845999479293823,4.3383,9.6701299023652,8.084,8.0,482.35
2004-04-19,6.5375,89.8,15.420000076293945,33.46,2.034899950027466,4.3845,9.67605002650587,8.084,8.0,481.58
2004-04-20,6.5325,90.49,16.670000076293945,33.11,2.1519999504089355,4.4573,9.68829614566694,8.091,8.0,482.16
2004-04-21,6.7835,91.12,15.600000381469727,32.46,2.1612000465393066,4.423,9.70742699240438,8.088,8.0,476.9
2004-04-22,6.775,90.82,14.609999656677246,33.39,2.1120998859405518,4.3807,9.66136737862592,8.094,8.0,472.81
2004-04-23,6.765,91.08,14.010000228881836,33.09,2.2320001125335693,4.4578,9.65518423487884,8.088,8.0,478.23
2004-04-26,6.7137,90.62,14.770000457763672,33.58,2.224600076675415,4.4336,9.67537039290152,8.088,8.0,474.38
2004-04-28,6.9225,91.17,16.290000915527344,34.31,2.243499994277954,4.4967,9.79003353893809,8.088,8.0,463.16
2004-04-29,6.8914,90.57,16.600000381469727,34.38,2.3464999198913574,4.5356,9.80191180545478,8.081,8.0,449.88
2004-04-30,6.9901,90.48,17.190000534057617,34.48,2.314500093460083,4.5053,9.87085211663504,8.081,8.0,441.3
2004-05-03,6.9868,90.76,16.6200008392334,34.48,2.30649995803833,4.4993,9.8352517083114,8.084,8.0,440.68
2004-05-04,6.9175,89.81,16.549999237060547,35.93,2.3227999210357666,4.5649,9.83178493240527,8.084,8.0,447.49
2004-05-05,6.785,89.32,15.770000457763672,36.72,2.3227999210357666,4.5794,9.838981067610419,8.084,8.0,446.13
2004-05-06,6.935,89.89,17.049999237060547,36.53,2.3717000484466553,4.598,9.84067483648426,8.084,8.0,438.8
2004-05-07,7.035,91.13,18.1299991607666,37.0,2.617799997329712,4.7709,9.9309723670349,8.091,8.0,433.52
2004-05-10,6.9978,91.56,19.770000457763672,35.97,2.585400104522705,4.7921,10.1029460091969,8.091,8.0,412.97
2004-05-11,6.8525,91.66,18.56999969482422,37.36,2.5694000720977783,4.7462,10.1462235175518,8.097,8.0,415.85
2004-05-12,6.9075,91.29,18.139999389648438,37.95,2.5862998962402344,4.805,10.0973289799018,8.097,8.0,421.86
2004-05-13,6.96,91.96,18.860000610351562,38.49,2.6528000831604004,4.8516,10.2221029824678,8.097,8.0,416.96
2004-05-14,6.7375,91.66,18.469999313354492,38.76,2.530100107192993,4.7678,10.1251848236787,8.097,8.0,409.14
2004-05-17,6.81,91.0,19.959999084472656,37.91,2.464200019836426,4.6887,10.1540081588719,8.097,8.0,395.93
2004-05-18,6.7937,91.25,19.329999923706055,36.95,2.51419997215271,4.7341,10.205840375321799,8.097,8.0,402.82
2004-05-19,6.7588,90.53,18.93000030517578,37.9,2.5560998916625977,4.7717,10.1777354685938,8.097,8.0,419.5
2004-05-20,6.7747,91.03,18.670000076293945,37.26,2.498300075531006,4.7004,10.1379379652714,8.103,8.0,414.24
2004-05-21,6.745,90.49,18.489999771118164,36.51,2.5409998893737793,4.7558,10.1030184485308,8.103,8.0,419.41
2004-05-24,6.6633,90.55,18.079999923706055,38.17,2.5246999263763428,4.732,10.1223130847704,8.097,8.0,423.2
2004-05-25,6.6126,89.84,15.960000038146973,37.44,2.533400058746338,4.7201,10.0419008807028,8.113,8.0,422.51
2004-05-26,6.5978,89.79,15.970000267028809,37.08,2.4416000843048096,4.6549,9.96177220986497,8.113,8.0,426.19
2004-05-27,6.5585,88.67,15.279999732971191,36.25,2.459700107574463,4.5999,9.97753620728066,8.113,8.0,433.11
2004-05-28,6.5092,88.9,15.5,36.58,2.5322999954223633,4.6468,9.98046166290326,8.103,8.0,434.13
2004-05-31,6.515,88.9,15.5,36.58,2.5322999954223633,4.6468,10.004819295115,8.103,8.0,431.26
2004-06-01,6.4087,88.88,16.299999237060547,39.08,2.5889999866485596,4.7001,10.0609847350011,8.106,8.0,431.66
2004-06-02,6.5475,88.84,16.079999923706055,36.86,2.637700080871582,4.7377,10.1726935116549,8.106,8.0,430.03
2004-06-03,6.4572,88.95,17.030000686645508,36.4,2.6135001182556152,4.7099,10.1922590318952,8.106,8.0,420.2
2004-06-04,6.465,88.54,16.780000686645508,35.67,2.6874001026153564,4.7715,10.193732628149501,8.106,8.0,422.33
2004-06-07,6.465,88.25,15.390000343322754,35.96,2.654900074005127,4.7596,10.2329555078136,8.106,8.0,434.71
2004-06-08,6.5831,88.51,15.010000228881836,35.05,2.6877999305725098,4.7615,10.3212110356446,8.106,8.0,434.55
2004-06-09,6.6573,89.73,15.390000343322754,35.29,2.761899948120117,4.8055,10.3057127851668,8.106,8.0,430.33
2004-06-10,6.4463,89.25,15.039999961853027,35.74,2.7952001094818115,4.7935,10.2513541631986,8.106,8.0,426.69
2004-06-11,6.515,90.01,15.039999961853027,35.44,2.8046000003814697,4.7995,10.259957171294399,8.106,8.0,419.24
2004-06-14,6.6225,89.94,16.06999969482422,35.49,2.9293999671936035,4.8698,10.250506749960401,8.106,8.0,412.17
2004-06-15,6.4775,89.09,15.050000190734863,35.29,2.7474000453948975,4.676,10.3046623113429,8.106,8.0,415.05
2004-06-17,6.5232,89.6,15.149999618530273,36.21,2.7562999725341797,4.6779,10.3086264354783,8.113,8.0,418.71
2004-06-18,6.3908,89.08,14.989999771118164,36.21,2.782399892807007,4.7096,10.1970779193111,8.113,8.0,417.14
2004-06-21,6.3175,89.25,15.260000228881836,35.13,2.749300003051758,4.6837,10.1043697770842,8.106,8.0,419.28
2004-06-22,6.3,89.43,14.3100004196167,35.61,2.757999897003174,4.7175,10.050837948798499,8.113,8.0,417.53
2004-06-23,6.2513,89.42,13.979999542236328,35.03,2.724900007247925,4.6956,10.0096447381554,8.106,8.0,420.26
2004-06-24,6.3143,88.7,14.8100004196167,35.3,2.75,4.644,9.98357437535272,8.106,8.0,427.77
2004-06-25,6.305,88.88,15.1899995803833,34.97,2.733799934387207,4.6459,10.0380441317831,8.106,8.0,431.17
2004-06-28,6.1725,88.72,16.06999969482422,33.7,2.8552000522613525,4.7354,10.019897810512001,8.106,8.0,428.74
2004-06-29,6.2406,89.41,15.470000267028809,33.11,2.81469988822937,4.6855,10.0285446032065,8.106,8.0,428.15
2004-06-30,6.1362,88.8,14.34000015258789,34.5,2.6772000789642334,4.5806,9.99896161535252,8.106,8.0,432.2
2004-07-01,6.1799,88.79,15.199999809265137,36.07,2.6366000175476074,4.5629,9.86782246255347,8.106,8.0,433.11
2004-07-02,6.1094,87.99,15.079999923706055,35.92,2.52239990234375,4.4589,9.84149358978345,8.106,8.0,429.97
2004-07-05,6.1822,88.23,15.079999923706055,36.3,2.5220000743865967,4.4549,9.91276080217848,8.106,8.0,429.54
2004-07-06,6.2125,88.12,16.25,37.18,2.5380001068115234,4.4743,9.93769126933725,8.106,8.0,429.34
2004-07-07,6.1213,87.65,15.8100004196167,36.61,2.5380001068115234,4.4743,9.93441916618421,8.106,8.0,431.92
2004-07-08,6.0525,87.54,16.200000762939453,37.77,2.513200044631958,4.4704,9.841876929772491,8.113,8.0,427.05
2004-07-09,6.0775,87.42,15.779999732971191,37.05,2.512200117111206,4.4565,9.80284112596849,8.113,8.0,429.25
2004-07-12,6.0551,87.39,14.960000038146973,36.63,2.5201001167297363,4.4447,9.76824395512971,8.107,8.0,430.01
2004-07-13,6.1059,87.83,14.460000038146973,36.69,2.552500009536743,4.47,9.86250996565387,8.121,8.0,430.34
2004-07-14,6.0703,87.58,13.760000228881836,38.54,2.585099935531616,4.4797,9.81393969546254,8.118,8.0,426.38
2004-07-15,6.0924,87.99,14.710000038146973,38.11,2.601300001144409,4.4797,9.86614816515303,8.118,8.0,424.76
2004-07-16,5.9535,87.14,14.34000015258789,38.0,2.493299961090088,4.3491,9.75597902470308,8.118,8.0,428.58
2004-07-19,5.929,87.18,15.170000076293945,37.9,2.517699956893921,4.3509,9.6685178298475,8.118,8.0,430.44
2004-07-20,5.9648,87.83,14.170000076293945,37.01,2.6166999340057373,4.4441,9.68897004436296,8.1,8.0,426.46
2004-07-21,6.0888,88.56,16.40999984741211,37.16,2.6579999923706055,4.4656,9.81724630333043,8.111,8.0,428.1
2004-07-22,6.0616,88.45,15.75,38.01,2.649600028991699,4.444,9.84608460196329,8.104,8.0,423.74
2004-07-23,6.2137,89.26,16.5,38.27,2.6491000652313232,4.4301,9.956815618264871,8.096,8.0,421.41
2004-07-26,6.2415,89.03,17.299999237060547,38.11,2.7074999809265137,4.4848,9.98483149699325,8.096,8.0,418.51
2004-07-27,6.3232,89.79,16.549999237060547,38.54,2.791300058364868,4.6132,10.0505498837996,8.096,8.0,419.81
2004-07-28,6.2588,89.75,16.149999618530273,39.53,2.7325000762939453,4.5834,9.95934312310828,8.096,8.0,419.9
2004-07-29,6.2513,89.95,15.680000305175781,39.25,2.7499001026153564,4.5754,9.853508014363669,8.061,8.0,419.03
2004-07-30,6.2675,89.96,15.319999694824219,40.03,2.6770999431610107,4.4747,9.831441789117571,8.05,8.0,423.14
2004-08-02,6.334,89.75,15.369999885559082,39.97,2.6445999145507812,4.4491,9.88442770171555,8.05,8.0,420.9
2004-08-03,6.2462,89.57,16.030000686645508,40.64,2.6363000869750977,4.4236,9.82913116760898,8.05,8.0,421.82
2004-08-04,6.245,89.68,16.209999084472656,39.7,2.644200086593628,4.4176,9.76927882519143,8.05,8.0,420.64
2004-08-05,6.2313,89.64,18.31999969482422,41.12,2.6440999507904053,4.4,9.73101622724086,8.05,8.0,423.86
2004-08-06,6.1224,88.36,19.34000015258789,40.63,2.3833000659942627,4.2196,9.58051696681718,8.05,8.0,421.28
2004-08-10,6.1775,88.79,17.469999313354492,41.28,2.528899908065796,4.2888,9.635379670106719,8.05,8.0,423.13
2004-08-11,6.2131,88.83,18.040000915527344,41.57,2.4958999156951904,4.2713,9.59669155690585,8.05,8.0,419.25
2004-08-12,6.4313,88.69,19.079999923706055,42.29,2.495500087738037,4.2538,9.28883248742207,8.057,7.5,420.6
2004-08-13,6.4773,87.9,17.979999542236328,43.88,2.453399896621704,4.2268,9.49857744569076,7.375,7.5,421.79
2004-08-16,6.5775,87.96,17.56999969482422,43.67,2.47760009765625,4.2616,9.584523377672701,7.389,7.5,422.15
2004-08-17,6.4554,88.06,17.020000457763672,42.99,2.3951001167297363,4.1901,9.55575596596146,7.396,7.5,424.02
2004-08-18,6.4953,88.08,16.229999542236328,43.03,2.427500009536743,4.2364,9.507885457718581,7.396,7.5,425.83
2004-08-19,6.5988,87.79,16.959999084472656,44.33,2.3775999546051025,4.2132,9.54388745988608,7.396,7.5,432.05
2004-08-20,6.57,88.12,16.0,43.54,2.4339001178741455,4.2325,9.53972879092398,7.396,7.5,432.2
2004-08-23,6.6681,89.06,15.880000114440918,43.03,2.466599941253662,4.2829,9.578214039583639,7.396,7.5,431.6
2004-08-24,6.7257,89.45,15.329999923706055,42.32,2.4495999813079834,4.2712,9.562589843500401,7.396,7.5,431.95
2004-08-25,6.6676,89.42,14.979999542236328,40.68,2.4658000469207764,4.2615,9.50425741995551,7.396,7.5,433.9
2004-08-26,6.5951,89.3,14.90999984741211,40.33,2.4716999530792236,4.2092,9.31005643794019,7.396,7.5,437.59
2004-08-27,6.7463,89.77,14.710000038146973,40.64,2.4797000885009766,4.2265,9.35666242762257,7.404,7.5,438.12
2004-08-30,6.7038,89.69,15.4399995803833,40.64,2.4554998874664307,4.1763,9.44448985073046,7.404,7.5,438.84
2004-08-31,6.6313,88.94,15.289999961853027,39.61,2.3910999298095703,4.1167,9.3818952548204,7.404,7.5,439.75
2004-09-01,6.6125,88.87,14.90999984741211,41.47,2.382999897003174,4.1128,9.29974482676372,7.396,7.5,443.39
2004-09-02,6.5535,88.98,14.279999732971191,41.57,2.4558000564575195,4.2129,9.29323417131286,7.382,7.5,445.47
2004-09-03,6.625,89.63,13.90999984741211,41.23,2.578399896621704,4.2945,9.3603137677795,7.382,7.5,442.46
2004-09-06,6.6325,89.56,13.90999984741211,40.62,2.586899995803833,4.2906,9.37596100435296,7.382,7.5,444.58
2004-09-07,6.6248,89.23,14.069999694824219,40.76,2.5462000370025635,4.238,9.35754171046754,7.382,7.5,444.94
2004-09-08,6.632,88.77,14.0600004196167,40.39,2.4644999504089355,4.1587,9.34346703091965,7.382,7.5,445.63
2004-09-09,6.665,88.83,14.010000228881836,42.22,2.4809999465942383,4.1953,9.23984183698135,7.382,7.5,446.4
2004-09-10,6.5525,88.39,13.760000228881836,40.2,2.481300115585327,4.1856,9.11971224949159,7.375,7.5,450.56
2004-09-13,6.5454,88.54,13.170000076293945,41.06,2.4649999141693115,4.1354,9.17653393894949,7.375,7.5,454.32
2004-09-14,6.495,88.46,13.5600004196167,41.73,2.4321999549865723,4.1238,9.10003805077006,7.375,7.5,457.67
2004-09-15,6.576,89.15,14.640000343322754,41.85,2.4735000133514404,4.1643,9.17763571334388,7.354,7.5,455.99
2004-09-16,6.5635,88.8,14.390000343322754,40.75,2.407599925994873,4.0719,9.14726762322699,7.35,7.5,460.17
2004-09-17,6.5425,88.84,14.029999732971191,42.45,2.473599910736084,4.1064,9.00631082680961,7.318,7.5,460.68
2004-09-20,6.4773,88.99,14.430000305175781,42.91,2.424299955368042,4.0564,8.986850188207,7.264,7.5,463.51
2004-09-21,6.4319,88.13,13.65999984741211,43.39,2.4576001167297363,4.0353,9.01802990997546,7.25,7.5,466.57
2004-09-22,6.4963,88.51,14.739999771118164,44.93,2.45770001411438,3.978,9.069661795511589,7.25,7.5,462.68
2004-09-23,6.4207,88.44,14.800000190734863,45.13,2.5160999298095703,4.0161,9.0533890796965,7.25,7.5,462.07
2004-09-27,6.399,88.29,14.619999885559082,45.93,2.5336999893188477,3.9891,9.05121704201472,7.25,7.5,459.09
2004-09-28,6.4125,88.11,13.829999923706055,46.45,2.5171000957489014,4.0024,9.05676177073655,7.25,7.5,460.5
2004-09-29,6.4388,88.1,13.210000038146973,46.08,2.5929999351501465,4.0866,9.13603684791375,7.25,7.5,461.74
2004-09-30,6.4535,87.37,13.34000015258789,46.38,2.6050000190734863,4.1194,9.25042361368215,7.25,7.5,464.15
2004-10-01,6.4786,87.63,12.75,46.62,2.6215999126434326,4.1871,9.34272014374623,7.293,7.5,470.55
2004-10-04,6.4592,88.38,13.40999984741211,46.19,2.638000011444092,4.1637,9.30663641369677,7.364,7.5,480.4
2004-10-05,6.5085,88.17,13.949999809265137,47.13,2.630000114440918,4.1734,9.28381470368893,7.4,7.5,480.26
2004-10-06,6.5207,88.48,13.279999732971191,47.99,2.6874001026153564,4.2201,9.26443237566553,7.4,7.5,480.4
2004-10-07,6.6075,88.34,14.5,48.9,2.6875998973846436,4.2416,9.28480228855369,7.425,7.5,481.49
2004-10-08,6.5406,87.51,15.050000190734863,49.71,2.581700086593628,4.1286,9.17535512822964,7.479,7.5,481.7
2004-10-11,6.5523,87.54,14.710000038146973,50.66,2.5817999839782715,4.1305,9.209240800514799,7.479,7.5,480.08
2004-10-12,6.5913,88.02,15.050000190734863,49.6,2.5490000247955322,4.0976,9.20205627481304,7.486,7.5,471.92
2004-10-13,6.5597,87.88,15.420000076293945,50.05,2.491499900817871,4.0552,9.17736110709343,7.486,7.5,467.62
2004-10-14,6.5131,87.55,16.43000030517578,50.84,2.4667999744415283,4.0244,9.110478900247521,7.486,7.5,464.58
2004-10-15,6.425,87.09,15.039999961853027,49.93,2.516200065612793,4.0531,9.01780028232384,7.479,7.5,466.45
2004-10-18,6.3663,87.02,14.710000038146973,48.91,2.5078999996185303,4.0415,8.93233829855589,7.471,7.5,467.23
2004-10-19,6.2997,86.84,15.130000114440918,48.77,2.5409998893737793,4.0318,8.82401336519112,7.471,7.5,469.46
2004-10-20,6.31,86.35,14.850000381469727,50.52,2.4995999336242676,3.98,8.87289937585184,7.471,7.5,463.38
2004-10-21,6.245,86.02,14.539999961853027,50.72,2.541100025177002,3.9952,8.82601107654579,7.471,7.5,465.96
2004-10-22,6.1563,85.87,15.279999732971191,51.22,2.516200065612793,3.974,8.84440015504125,7.471,7.5,468.15
2004-10-25,6.2123,84.97,16.579999923706055,50.78,2.5078001022338867,3.9701,8.78352860466215,7.471,7.5,464.38
2004-10-26,6.26,85.21,16.389999389648438,51.56,2.524600028991699,3.9988,8.86220322465386,7.464,7.5,465.98
2004-10-27,6.1601,85.44,15.720000267028809,49.45,2.583199977874756,4.0816,8.814772102093151,7.464,7.5,469.74
2004-10-28,6.1,85.28,15.390000343322754,48.37,2.572700023651123,4.0487,8.89885341653191,7.45,7.5,472.46
2004-10-29,6.1,84.91,16.270000457763672,48.98,2.5483999252319336,4.0235,8.865915307513909,7.45,7.5,474.27
2004-11-01,6.11,85.2,16.270000457763672,47.06,2.5808000564575195,4.0698,8.91771911926129,7.45,7.5,475.87
2004-11-02,6.1063,85.47,16.18000030517578,46.55,2.56469988822937,4.0465,8.99130923885891,7.45,7.5,479.0
2004-11-03,6.075,84.7,14.039999961853027,47.56,2.5810000896453857,4.0736,8.98527030206399,7.45,7.5,485.76
2004-11-04,6.0918,84.54,13.970000267028809,46.01,2.621799945831299,4.0716,8.854962260325399,7.45,7.5,486.64
2004-11-05,6.0906,84.01,13.84000015258789,46.42,2.7613000869750977,4.1727,8.91663293450322,7.45,7.5,490.35
2004-11-08,6.193,84.09,13.800000190734863,45.92,2.8027000427246094,4.2158,8.945452562821039,7.45,7.5,487.81
2004-11-09,6.1975,84.21,13.609999656677246,43.71,2.811300039291382,4.2257,9.02816370736354,7.45,7.5,489.25
2004-11-10,6.205,84.43,13.079999923706055,44.75,2.836899995803833,4.2394,8.96553008056185,7.45,7.5,491.81
2004-11-11,6.197,84.29,13.039999961853027,43.02,2.8464999198913574,4.2519,8.960817154089149,7.45,7.5,492.52
2004-11-12,6.1163,83.69,13.329999923706055,42.31,2.813800096511841,4.1786,8.811264403259,7.457,7.5,497.78
2004-11-15,6.0601,84.0,13.380000114440918,40.34,2.863600015640259,4.1863,8.76047689120176,7.45,7.5,501.63
2004-11-16,6.0565,83.8,13.210000038146973,42.29,2.88070011138916,4.2056,8.71813480765381,7.45,7.5,500.33
2004-11-17,5.965,83.29,13.210000038146973,42.76,2.806299924850464,4.1287,8.66076255861032,7.45,7.5,508.05
2004-11-18,6.0337,83.69,12.979999542236328,42.72,2.8399999141693115,4.1134,8.65157563833357,7.45,7.5,508.64
2004-11-19,6.005,83.31,13.5,44.89,2.916800022125244,4.2035,8.647197849037811,7.45,7.5,505.8
2004-11-22,6.0123,83.19,12.970000267028809,44.38,2.942500114440918,4.1784,8.70083320062645,7.45,7.5,501.37
2004-11-23,5.9764,82.94,12.670000076293945,44.45,2.9516000747680664,4.1823,8.72078083396015,7.45,7.5,504.49
2004-11-24,5.935,82.41,12.720000267028809,44.82,3.0209999084472656,4.1976,8.64929408574481,7.45,7.5,508.5
2004-11-25,5.9061,81.87,12.720000267028809,44.66,3.0129001140594482,4.1937,8.55983961762426,7.45,7.5,510.76
2004-11-26,5.835,81.78,12.779999732971191,44.57,3.029099941253662,4.2459,8.537011723958141,7.45,7.5,511.7
2004-11-29,5.785,81.93,13.300000190734863,45.75,3.053499937057495,4.3179,8.57613066262336,7.45,7.5,515.04
2004-11-30,5.8033,81.82,13.239999771118164,45.51,2.9967000484466553,4.3492,8.5288362028892,7.45,7.5,517.95
2004-12-01,5.783,81.56,12.970000267028809,42.31,3.005000114440918,4.3649,8.39593607674386,7.45,7.5,518.55
2004-12-02,5.8438,81.95,12.979999542236328,40.15,3.0378000736236572,4.4063,8.39211152525279,7.45,7.5,521.54
2004-12-03,5.705,80.98,12.960000038146973,39.36,2.9156999588012695,4.2497,8.42534462188928,7.45,7.5,520.82
2004-12-06,5.7517,81.28,13.1899995803833,39.65,2.9075000286102295,4.2206,8.35566379607696,7.45,7.5,521.69
2004-12-07,5.7938,81.24,13.670000076293945,38.27,2.9321000576019287,4.2206,8.284353812647199,7.45,7.5,518.39
2004-12-08,5.8525,81.9,13.1899995803833,38.69,2.8910999298095703,4.1183,8.28809820205756,7.45,7.5,511.07
2004-12-09,5.8049,82.11,12.880000114440918,39.67,2.9240000247955322,4.1664,8.278598596803349,7.45,7.5,507.14
2004-12-10,5.815,82.67,12.760000228881836,37.38,2.932300090789795,4.1489,8.38310468058822,7.45,7.5,503.92
2004-12-13,5.745,82.1,12.539999961853027,37.84,2.957200050354004,4.147,8.30760563416745,7.45,7.5,507.48
2004-12-14,5.7304,82.32,12.729999542236328,39.25,2.9572999477386475,4.1219,8.19322990689223,7.45,7.5,512.6
2004-12-15,5.7243,81.63,12.350000381469727,42.22,2.932499885559082,4.0739,8.17884259883945,7.464,7.5,519.15
2004-12-17,5.785,82.16,11.949999809265137,43.39,2.9993999004364014,4.199,8.212601058548339,7.464,7.5,520.91
2004-12-20,5.7138,81.67,11.829999923706055,42.45,3.024600028991699,4.1835,8.094442949802131,7.464,7.5,524.93
2004-12-21,5.6699,81.94,11.550000190734863,42.37,3.0248000621795654,4.1622,8.02804719521184,7.471,7.5,527.49
2004-12-22,5.6251,81.93,11.449999809265137,40.64,2.999799966812134,4.1931,7.98875066752535,7.471,7.5,527.91
2004-12-23,5.6405,81.93,11.229999542236328,40.71,3.0088999271392822,4.2242,7.93626804891918,7.471,7.5,530.14
2004-12-24,5.6676,81.28,11.229999542236328,40.07,2.9921998977661133,4.2144,7.95058234237571,7.471,7.5,531.6
2004-12-28,5.6264,80.72,12.0,40.07,3.0683999061584473,4.2906,7.94633145296984,7.471,7.5,534.4
2004-12-29,5.6975,80.85,11.619999885559082,39.17,3.1024999618530273,4.322,7.94565777016135,7.471,7.5,536.37
2004-12-30,5.6566,80.53,12.5600004196167,40.37,3.081199884414673,4.2534,7.983664794135641,7.471,7.5,538.84
2004-12-31,5.665,80.85,13.289999961853027,40.46,3.0650999546051025,4.2182,8.01193863788404,7.471,7.5,542.17
2005-01-03,5.6538,81.3,14.079999923706055,40.46,3.089600086212158,4.2104,8.01690967117409,7.471,7.5,542.22
2005-01-04,5.8295,82.52,13.979999542236328,41.04,3.196199893951416,4.2886,8.00261701813068,7.479,7.5,532.89
2005-01-05,5.9225,82.54,14.09000015258789,40.51,3.2046000957489014,4.2808,8.08246459513664,7.479,7.5,525.2
2005-01-06,6.125,83.15,13.579999923706055,42.85,3.155600070953369,4.2612,8.15343503493931,7.479,7.5,518.25
2005-01-07,6.0875,83.6,13.489999771118164,43.18,3.1891000270843506,4.269,8.05361316775724,7.486,7.5,518.96
2005-01-10,6.0095,83.35,13.229999542236328,42.92,3.214099884033203,4.269,8.08188364037014,7.486,7.5,519.86
2005-01-11,5.961,83.07,13.1899995803833,43.12,3.2060999870300293,4.2357,8.03437207416868,7.486,7.5,521.77
2005-01-12,5.9489,82.17,12.5600004196167,43.68,3.206399917602539,4.2337,8.03305995624542,7.486,7.5,522.25
2005-01-13,6.0325,82.51,12.84000015258789,45.21,3.1733999252319336,4.1635,8.03291708864879,7.486,7.5,525.0
2005-01-14,6.01,82.97,12.430000305175781,45.15,3.224400043487549,4.208,8.089486684925639,7.486,7.5,528.16
2005-01-17,6.0398,83.24,12.430000305175781,45.03,3.224600076675415,4.2082,8.11846916695294,7.486,7.5,531.68
2005-01-18,6.095,83.36,12.470000267028809,45.39,3.224900007247925,4.1848,8.208715741534899,7.5,7.5,528.23
2005-01-19,6.035,83.6,13.180000305175781,44.71,3.2165000438690186,4.1711,8.18390388640132,7.5,7.5,529.18
2005-01-20,6.06,83.84,13.829999923706055,44.32,3.183300018310547,4.1614,8.254989069419851,7.504,7.5,524.32
2005-01-21,5.9838,83.26,14.359999656677246,45.73,3.141900062561035,4.1399,8.190002582979531,7.521,7.5,525.49
2005-01-24,5.9375,83.24,14.649999618530273,46.01,3.1842000484466553,4.1204,8.10394079422249,7.521,7.5,527.31
2005-01-25,5.9725,83.99,14.0600004196167,46.96,3.2098000049591064,4.1925,8.05114784061775,7.521,7.5,527.85
2005-01-26,5.9413,83.3,13.4399995803833,46.51,3.2523000240325928,4.1964,8.00307996039369,7.521,7.5,532.79
2005-01-27,5.9363,83.43,13.239999771118164,46.44,3.279599905014038,4.2179,7.97473394637321,7.521,7.5,533.86
2005-01-28,5.9425,83.48,13.239999771118164,44.95,3.2551000118255615,4.1397,7.94633739253338,7.521,7.5,535.71
2005-01-31,5.985,83.57,12.819999694824219,45.92,3.2716000080108643,4.128,7.8400849147584495,7.521,7.5,542.28
2005-02-01,6.0306,83.45,12.029999732971191,44.82,3.279900074005127,4.1377,7.74417411053715,7.5,7.5,541.82
2005-02-02,6.0326,83.54,11.65999984741211,44.01,3.3127999305725098,4.1396,7.76223645296655,7.5,7.5,543.43
2005-02-03,6.1238,83.93,11.789999961853027,43.85,3.3376998901367188,4.163,7.836887691142751,7.5,7.5,546.2
2005-02-04,6.177,84.39,11.210000038146973,43.89,3.2808001041412354,4.0753,7.782408889151419,7.5,7.5,549.46
2005-02-07,6.2213,85.12,11.729999542236328,43.04,3.2973999977111816,4.0501,7.70069705642467,7.5,7.5,551.27
2005-02-08,6.2673,85.1,11.600000381469727,43.07,3.3059000968933105,4.0153,7.71957251547199,7.5,7.5,549.41
2005-02-09,6.2363,84.91,12.0,43.13,3.231800079345703,3.979,7.687814693019431,7.5,7.5,551.93
2005-02-10,6.1213,84.54,11.510000228881836,44.48,3.289799928665161,4.0888,7.7815086693888995,7.479,7.5,551.48
2005-02-11,6.085,84.57,11.430000305175781,44.8,3.3236000537872314,4.0844,7.770553785052391,7.486,7.5,553.84
2005-02-14,6.0395,83.96,11.520000457763672,45.53,3.34879994392395,4.069,7.69428049547011,7.5,7.5,561.08
2005-02-15,5.9525,83.59,11.270000457763672,45.39,3.3408000469207764,4.096,7.60031822218636,7.5,7.5,562.76
2005-02-16,5.9763,83.67,11.100000381469727,46.15,3.3994998931884766,4.1521,7.64391108703258,7.5,7.5,562.49
2005-02-17,5.9378,83.48,11.770000457763672,45.82,3.3580000400543213,4.1794,7.70756018691394,7.5,7.5,563.98
2005-02-18,5.9275,83.49,11.180000305175781,46.34,3.434999942779541,4.2655,7.6923801327771,7.5,7.5,566.62
2005-02-21,5.9328,83.52,11.180000305175781,46.73,3.4268999099731445,4.2616,7.74653940190594,7.5,7.5,567.84
2005-02-22,5.7813,82.41,13.140000343322754,48.62,3.427299976348877,4.2853,7.64897381480664,7.5,7.5,571.84
2005-02-23,5.7993,82.68,12.390000343322754,48.51,3.435800075531006,4.2617,7.67739491186851,7.5,7.5,571.27
2005-02-24,5.8168,82.9,11.569999694824219,49.44,3.4784998893737793,4.2833,7.581689271228351,7.5,7.5,577.45
2005-02-25,5.79,82.66,11.489999771118164,49.61,3.521899938583374,4.2638,7.566056937986181,7.5,7.5,581.73
2005-02-28,5.8175,82.51,12.079999923706055,50.06,3.5957999229431152,4.3766,7.5378831767202,7.5,7.5,588.68
2005-03-01,5.84,82.78,12.039999961853027,50.11,3.5713999271392822,4.3647,7.66092167921898,7.5,7.5,586.9
2005-03-02,5.905,83.08,12.5,51.22,3.5552000999450684,4.3767,7.74399104043869,7.5,7.5,580.37
2005-03-03,5.9563,83.31,12.930000305175781,51.95,3.5636000633239746,4.3768,7.74602205854983,7.5,7.5,582.03
2005-03-04,5.832,82.52,11.9399995803833,51.8,3.555999994277954,4.3076,7.76376752304187,7.5,7.5,585.26
2005-03-07,5.8558,82.79,12.260000228881836,52.09,3.589200019836426,4.3076,7.76324175686463,7.5,7.5,587.48
2005-03-08,5.781,81.98,12.399999618530273,52.84,3.614300012588501,4.3911,7.76180388664345,7.5,7.5,586.91
2005-03-09,5.7633,81.63,12.699999809265137,53.38,3.6561999320983887,4.5196,7.938400187725001,7.5,7.5,587.37
2005-03-10,5.8363,81.59,12.489999771118164,52.66,3.664799928665161,4.4633,7.99926757379348,7.5,7.5,581.79
2005-03-11,5.855,81.42,12.800000190734863,53.1,3.7160000801086426,4.5423,8.01855247760338,7.5,7.5,585.03
2005-03-14,5.977,81.97,12.390000343322754,53.66,3.7248001098632812,4.508,8.11180772517246,7.5,7.5,577.29
2005-03-15,6.1092,82.12,13.149999618530273,53.85,3.733599901199341,4.5445,8.07855416019158,7.5,7.5,567.43
2005-03-16,6.0775,81.59,13.489999771118164,54.8,3.708899974822998,4.5062,8.09717401856305,7.5,7.5,565.97
2005-03-17,6.0926,81.84,13.289999961853027,55.06,3.66729998588562,4.464,8.16134389028424,7.525,7.5,564.08
2005-03-18,6.0545,82.05,13.140000343322754,55.59,3.693700075149536,4.5066,8.14970853980916,7.536,7.5,564.03
2005-03-22,6.2183,83.36,14.270000457763672,54.59,3.8215999603271484,4.6411,8.23023932024395,7.536,7.5,557.28
2005-03-23,6.22,83.94,14.0600004196167,53.04,3.8136000633239746,4.5841,8.3714760538646,7.543,7.5,547.41
2005-03-24,6.2175,84.13,13.420000076293945,53.93,3.850100040435791,4.5968,8.33407917544478,7.543,7.5,546.14
2005-03-29,6.3313,84.32,14.489999771118164,53.03,3.834199905395508,4.5726,8.49823418380102,7.55,7.5,538.63
2005-03-30,6.2969,84.29,13.640000343322754,52.09,3.826200008392334,4.5462,8.529442846224299,7.55,7.5,540.13
2005-03-31,6.2395,84.06,14.020000457763672,54.29,3.7744998931884766,4.4815,8.40955217054297,7.55,7.5,548.69
2005-04-01,6.244,84.43,14.09000015258789,56.51,3.725100040435791,4.4475,8.43544517831962,7.586,7.5,555.86
2005-04-04,6.2365,84.78,14.109999656677246,56.23,3.7167999744415283,4.4556,8.569554526065511,7.593,7.5,550.39
2005-04-05,6.1888,84.66,13.680000305175781,55.44,3.7167000770568848,4.4678,8.622021300517451,7.593,7.5,551.0
2005-04-06,6.1375,84.68,13.149999618530273,55.27,3.6754000186920166,4.4215,8.52461698949329,7.593,7.5,553.59
2005-04-07,6.1384,84.87,12.329999923706055,54.04,3.716599941253662,4.4802,8.47709449637285,7.593,7.5,555.66
2005-04-08,6.1483,84.4,12.619999885559082,52.89,3.7411999702453613,4.4683,8.51799464888636,7.593,7.5,555.44
2005-04-11,6.153,84.22,11.979999542236328,53.21,3.716200113296509,4.428,8.43496041835078,7.593,7.5,554.1
2005-04-12,6.1312,84.44,11.300000190734863,51.98,3.6828999519348145,4.3518,8.46418770403918,7.593,7.5,552.83
2005-04-13,6.1188,84.4,13.3100004196167,50.48,3.6494998931884766,4.3599,8.40806083556445,7.593,7.5,554.58
2005-04-14,6.2763,85.0,14.529999732971191,50.91,3.549499988555908,4.308,8.309888309462329,7.593,7.0,543.55
2005-04-15,6.2783,84.56,17.739999771118164,51.61,3.4902000427246094,4.2406,8.116455761657141,7.0,7.0,535.99
2005-04-18,6.259,84.0,16.559999465942383,50.78,3.54830002784729,4.2704,7.984494197165571,7.0,7.0,526.39
2005-04-19,6.1701,83.76,14.960000038146973,52.94,3.506200075149536,4.2109,7.888466723236561,7.0,7.0,533.07
2005-04-20,6.074,83.52,16.920000076293945,53.78,3.4807000160217285,4.1853,7.979212015115119,7.0,7.0,534.11
2005-04-21,6.093,83.7,14.40999984741211,54.01,3.62280011177063,4.2945,8.06679446544097,6.982,7.0,535.58
2005-04-22,6.0485,83.5,15.380000114440918,54.97,3.5969998836517334,4.2449,8.105683380435579,6.961,7.0,537.62
2005-04-25,6.061,83.82,14.619999885559082,54.4,3.6303999423980713,4.2469,8.23970725740223,6.954,7.0,540.31
2005-04-26,6.1026,83.96,14.90999984741211,54.14,3.647200107574463,4.2649,8.21829839786126,6.954,7.0,542.18
2005-04-28,6.14,84.35,16.860000610351562,52.48,3.5594000816345215,4.1442,8.22715518732924,6.95,7.0,531.23
2005-04-29,6.0858,84.43,15.3100004196167,51.09,3.6494998931884766,4.1976,8.18446482321567,6.95,7.0,531.99
2005-05-03,6.085,84.51,14.529999732971191,50.52,3.632999897003174,4.1641,8.23044145766531,6.95,7.0,533.93
2005-05-04,5.9876,84.0,13.850000381469727,50.97,3.608299970626831,4.1859,8.11552955965074,6.95,7.0,542.89
2005-05-05,5.9463,83.94,13.979999542236328,51.13,3.5425000190734863,4.1543,8.05053846238027,6.95,7.0,548.02
2005-05-06,6.0283,84.62,14.050000190734863,50.77,3.71560001373291,4.2576,8.10531710991062,6.95,7.0,550.78
2005-05-09,6.1203,84.64,13.75,51.29,3.7488999366760254,4.2816,8.221137098016861,6.943,7.0,550.21
2005-05-10,6.1582,84.45,14.90999984741211,51.43,3.6659998893737793,4.2,8.24840729229434,6.943,7.0,547.23
2005-05-11,6.1982,84.89,14.449999809265137,50.07,3.674299955368042,4.202,8.32170651918957,6.95,7.0,543.33
2005-05-12,6.2867,85.49,16.1200008392334,48.34,3.6410999298095703,4.1703,8.34933742235193,6.95,7.0,540.04
2005-05-13,6.3313,86.1,16.31999969482422,48.66,3.5826001167297363,4.1173,8.30205850586278,6.936,7.0,537.3
2005-05-16,6.37,86.12,15.680000305175781,48.05,3.59089994430542,4.1269,8.31169597917376,6.936,7.0,536.59
2005-05-17,6.4353,86.21,14.569999694824219,49.34,3.5908000469207764,4.1134,8.390357619040909,6.943,7.0,535.79
2005-05-18,6.4055,85.77,13.630000114440918,48.15,3.5822999477386475,4.0884,8.28381301719301,6.943,7.0,540.53
2005-05-19,6.395,86.09,13.319999694824219,47.88,3.632499933242798,4.1115,8.2348605079193,6.943,7.0,545.81
2005-05-20,6.5314,86.63,13.140000343322754,48.03,3.6577000617980957,4.121,8.25927774639101,6.943,7.0,544.38
2005-05-23,6.5375,86.4,12.949999809265137,48.37,3.615600109100342,4.0538,8.323801276339541,6.943,7.0,542.91
2005-05-24,6.578,86.37,12.6899995803833,48.82,3.5901999473571777,4.0271,8.312991862751511,6.939,7.0,544.94
2005-05-25,6.485,86.35,12.579999923706055,50.07,3.598599910736084,4.0864,8.24662073136999,6.943,7.0,543.31
2005-05-26,6.63,86.85,12.239999771118164,50.16,3.622499942779541,4.0787,8.28504779151788,6.943,7.0,544.15
2005-05-27,6.5633,86.42,12.149999618530273,50.7,3.6389000415802,4.0709,8.21137744246034,6.943,7.0,550.5
2005-05-30,6.6525,86.94,12.149999618530273,50.7,3.6389999389648438,4.069,8.25936003051584,6.943,7.0,552.74
2005-05-31,6.812,87.76,13.289999961853027,50.73,3.5736000537872314,3.981,8.32485217548534,6.943,7.0,548.15
2005-06-01,6.92,88.11,12.359999656677246,53.27,3.475399971008301,3.8844,8.28571908132998,6.95,7.0,546.59
2005-06-02,6.8013,87.75,11.84000015258789,52.4,3.524399995803833,3.9032,8.15616378808626,6.954,7.0,551.4
2005-06-03,6.8358,88.04,12.149999618530273,54.17,3.557300090789795,3.9732,7.92816083769078,6.954,7.0,555.79
2005-06-06,6.7126,87.6,12.279999732971191,53.67,3.573899984359741,3.9522,8.0201806237445,6.954,7.0,555.16
2005-06-07,6.6315,87.49,12.390000343322754,53.13,3.5573999881744385,3.901,7.85110307108349,6.95,7.0,553.76
2005-06-08,6.78,87.88,12.699999809265137,52.11,3.59879994392395,3.9331,7.854900284835881,6.954,7.0,555.57
2005-06-09,6.7587,88.07,12.079999923706055,53.82,3.615499973297119,3.9483,7.9345292453932,6.954,7.0,552.48
2005-06-10,6.7332,88.69,11.960000038146973,52.67,3.6907999515533447,4.0514,7.87174353907296,6.954,7.0,556.16
2005-06-13,6.8425,88.95,11.649999618530273,54.78,3.690999984741211,4.0918,7.9900650393207,6.954,7.0,556.73
2005-06-14,6.891,89.3,11.789999961853027,53.73,3.682800054550171,4.1072,8.00163669103471,6.954,7.0,558.15
2005-06-15,6.7702,88.62,11.460000038146973,54.5,3.708199977874756,4.0995,7.981058268339069,6.954,7.0,562.58
2005-06-17,6.6138,87.65,11.479999542236328,57.76,3.700700044631958,4.0705,7.87740443456798,6.954,7.0,569.96
2005-06-20,6.705,88.49,11.470000267028809,58.32,3.709399938583374,4.1091,7.97008746025133,6.954,7.0,569.29
2005-06-21,6.705,88.12,11.079999923706055,57.5,3.684299945831299,4.0396,7.989347003292149,6.954,7.0,567.36
2005-06-22,6.722,88.56,11.050000190734863,56.58,3.6001999378204346,3.94,7.90575185388321,6.954,7.0,572.22
2005-06-23,6.765,89.12,12.130000114440918,57.96,3.6087000370025635,3.9514,7.8449919132538195,6.954,7.0,570.31
2005-06-24,6.6975,88.78,12.180000305175781,58.36,3.5750999450683594,3.917,7.82459424024276,6.954,7.0,567.25
2005-06-27,6.6229,88.45,12.520000457763672,59.3,3.575200080871582,3.9017,7.80714113352966,6.954,7.0,565.97
2005-06-28,6.6531,88.99,11.579999923706055,57.18,3.6433000564575195,3.9703,7.8614785166389005,6.954,7.0,566.91
2005-06-29,6.6634,89.11,11.770000457763672,56.15,3.6519999504089355,3.9779,7.8607973467433006,6.954,7.0,565.45
2005-06-30,6.6495,89.09,12.039999961853027,55.58,3.6331000328063965,3.913,7.88626390204103,6.954,7.0,565.17
2005-07-01,6.848,90.13,11.399999618530273,57.54,3.7400999069213867,4.0489,7.94839392394355,6.954,7.0,568.16
2005-07-04,6.8337,90.46,11.399999618530273,57.94,3.7318999767303467,4.0373,7.97307894411394,6.954,7.0,565.94
2005-07-05,6.86,90.44,11.680000305175781,58.29,3.781599998474121,4.105,7.999302467797589,6.954,7.0,563.17
2005-07-06,6.8493,90.38,12.270000457763672,59.85,3.7651000022888184,4.0682,7.9800388335155,6.954,7.0,565.5
2005-07-07,6.855,90.28,12.489999771118164,59.28,3.71560001373291,4.0605,7.979681135283689,6.954,7.0,562.6
2005-07-08,6.865,90.25,11.449999809265137,58.2,3.765700101852417,4.0914,7.98524059908212,6.954,7.0,564.09
2005-07-11,6.7223,89.46,11.279999732971191,57.44,3.7825000286102295,4.0933,8.00543891077498,6.961,7.0,574.18
2005-07-12,6.535,88.35,10.949999809265137,58.82,3.83270001411438,4.142,7.932713441281431,6.996,7.0,582.21
2005-07-13,6.672,89.25,10.84000015258789,58.27,3.8245999813079834,4.1556,8.043237215941499,7.0,7.0,583.42
2005-07-14,6.6128,89.48,10.8100004196167,57.31,3.833199977874756,4.1732,8.02367184328947,7.0,7.0,587.53
2005-07-15,6.6357,89.72,10.329999923706055,57.61,3.859100103378296,4.1635,7.9848720197290906,7.0,7.0,582.83
2005-07-18,6.6433,89.64,10.770000457763672,56.99,3.884700059890747,4.2204,8.00429060402324,7.0,7.0,583.93
2005-07-19,6.6755,89.85,10.449999809265137,57.36,3.8512001037597656,4.1792,8.040257118353331,7.0,7.0,586.41
2005-07-20,6.5963,89.34,10.229999542236328,56.65,3.8684000968933105,4.1576,8.03210716073189,7.0,7.0,589.18
2005-07-21,6.575,88.93,10.970000267028809,55.72,3.9363999366760254,4.2757,7.96163942487202,7.0,7.0,593.23
2005-07-22,6.6255,89.64,10.520000457763672,57.58,3.903599977493286,4.2185,7.9513361637554905,7.0,7.0,596.12
2005-07-25,6.6469,89.57,11.100000381469727,57.86,3.937999963760376,4.2442,7.92860439119494,7.0,7.0,595.77
2005-07-26,6.7023,90.0,10.989999771118164,58.03,3.929800033569336,4.2245,7.94290941337713,7.0,7.0,591.28
2005-07-27,6.6356,89.73,10.359999656677246,58.01,3.9814999103546143,4.2541,7.82682965820733,7.0,7.0,594.09
2005-07-28,6.6243,89.34,10.520000457763672,58.76,3.9405999183654785,4.1891,7.77815662631387,7.0,7.0,600.39
2005-07-29,6.5811,89.35,11.569999694824219,59.37,4.014699935913086,4.276,7.778324118309859,7.0,7.0,602.56
2005-08-01,6.537,88.89,12.079999923706055,60.44,4.031300067901611,4.3099,7.70263118788812,7.0,7.0,607.06
2005-08-02,6.531,88.76,11.75,60.62,4.039700031280518,4.3338,7.6973978285007405,7.0,7.0,614.64
2005-08-03,6.44,87.99,11.829999923706055,59.65,4.006800174713135,4.292,7.64435189081683,7.0,7.0,618.27
2005-08-04,6.4231,87.8,12.520000457763672,60.12,4.031700134277344,4.312,7.58613897416968,7.0,7.0,618.68
2005-08-05,6.4645,88.06,12.479999542236328,61.07,4.098800182342529,4.3861,7.63550304948742,7.0,7.0,615.71
2005-08-08,6.463,87.92,13.210000038146973,62.7,4.149099826812744,4.4184,7.66639241770099,7.0,7.0,615.76
2005-08-10,6.3795,87.61,12.380000114440918,63.99,4.116199970245361,4.3903,7.72902555327271,6.993,7.0,622.6
2005-08-11,6.3402,87.1,12.420000076293945,65.38,4.066299915313721,4.3203,7.73591352964447,6.993,7.0,623.49
2005-08-12,6.3538,86.98,12.739999771118164,66.45,4.033299922943115,4.2423,7.681262698865909,7.0,7.0,621.3
2005-08-15,6.438,87.32,12.260000228881836,65.58,4.058700084686279,4.281,7.74290790074824,7.0,7.0,620.93
2005-08-16,6.425,87.39,13.520000457763672,65.41,4.0,4.2056,7.74301949738137,7.0,7.0,617.84
2005-08-17,6.4988,88.0,13.300000190734863,62.56,4.042300224304199,4.2674,7.72364122585298,7.0,7.0,615.83
2005-08-18,6.5453,88.55,13.420000076293945,62.4,3.9834001064300537,4.1978,7.77723798381158,7.0,7.0,608.15
2005-08-19,6.5475,88.6,13.420000076293945,64.36,4.017600059509277,4.2054,7.7626816431717,7.0,7.0,604.18
2005-08-22,6.495,88.14,13.420000076293945,64.5,4.009300231933594,4.2073,7.744774884821071,7.0,7.0,612.43
2005-08-23,6.4776,88.08,13.34000015258789,64.65,3.9755001068115234,4.1784,7.7314791598795605,7.0,7.0,609.62
2005-08-24,6.4819,87.91,14.170000076293945,66.01,3.967099905014038,4.1649,7.793320034080151,7.0,7.0,604.27
2005-08-25,6.4758,87.64,13.729999542236328,66.27,4.0,4.1553,7.94406410286048,7.0,7.0,605.42
2005-08-26,6.4775,87.86,13.720000267028809,64.87,4.065700054168701,4.186,7.90459009374453,7.0,7.0,604.76
2005-08-29,6.485,88.25,13.520000457763672,64.87,4.049300193786621,4.1667,7.99116399342068,7.0,7.0,599.37
2005-08-30,6.544,88.35,13.649999618530273,67.57,3.9344000816345215,4.0899,7.99435710358737,7.004,7.0,600.45
2005-08-31,6.366,87.58,12.600000381469727,67.02,3.8113999366760254,4.0137,7.88278158791201,7.004,7.0,606.23
2005-09-01,6.295,86.55,13.149999618530273,67.72,3.721100091934204,4.0307,7.7982054652365,7.004,7.0,616.83
2005-09-02,6.255,86.3,13.569999694824219,66.06,3.75219988822937,4.0362,7.7498709611138,7.004,7.0,624.0
2005-09-05,6.2623,86.26,13.569999694824219,64.85,3.7353999614715576,4.0285,7.771096062443469,7.004,7.0,624.86
2005-09-06,6.3383,86.57,12.930000305175781,64.67,3.8010001182556152,4.0953,7.86818169664552,7.004,7.0,626.47
2005-09-07,6.3237,86.97,12.520000457763672,62.89,3.8422999382019043,4.1375,7.90880552714715,7.004,7.0,628.17
2005-09-08,6.3388,87.04,12.930000305175781,63.08,3.86680006980896,4.1452,7.9321221752748,7.004,7.0,629.6
2005-09-09,6.3157,86.89,11.979999542236328,62.84,3.8661000728607178,4.1181,7.9039505241735695,7.004,7.0,633.59
2005-09-12,6.385,87.68,11.649999618530273,61.8,3.907599925994873,4.1701,7.98739652740678,6.986,7.0,635.83
2005-09-13,6.3917,87.75,12.390000343322754,61.61,3.8573999404907227,4.1258,7.9720204308705895,6.986,7.0,633.52
2005-09-14,6.3563,87.67,12.90999984741211,63.37,3.873800039291382,4.1643,7.96063292958679,6.986,7.0,635.55
2005-09-15,6.3751,88.13,12.489999771118164,63.16,3.8903000354766846,4.2107,8.01660689032497,6.979,7.0,637.86
2005-09-16,6.3742,88.06,11.220000267028809,61.81,3.97379994392395,4.271,8.007800798808109,6.989,7.0,640.21
2005-09-19,6.4135,88.44,12.140000343322754,65.61,3.914799928665161,4.2457,8.00724326302871,6.989,7.0,642.73
2005-09-20,6.4062,88.6,12.640000343322754,64.2,3.973599910736084,4.2418,7.9533077647609405,6.968,7.0,647.17
2005-09-21,6.3676,88.14,13.789999961853027,64.73,3.914400100708008,4.166,7.90250718072147,6.968,7.0,650.73
2005-09-22,6.337,88.56,13.329999923706055,64.6,3.9395999908447266,4.1795,7.89029397338709,6.968,7.0,645.64
2005-09-23,6.3801,89.29,12.960000038146973,62.44,4.015699863433838,4.2456,7.92402404163184,6.968,7.0,640.73
2005-09-26,6.3643,89.11,13.039999961853027,63.93,4.049699783325195,4.2906,7.96311684788055,6.968,7.0,645.35
2005-09-27,6.4726,89.6,12.760000228881836,62.97,4.066800117492676,4.2808,7.96651592083341,6.968,7.0,647.89
2005-09-28,6.385,89.47,12.630000114440918,63.93,4.075399875640869,4.2534,7.97548599034334,6.964,7.0,650.42
2005-09-29,6.3627,89.4,12.239999771118164,63.84,4.123300075531006,4.2945,7.981572906344519,6.957,7.0,655.74
2005-09-30,6.3701,89.52,11.920000076293945,63.48,4.164899826049805,4.324,7.961784491205861,6.957,7.0,661.32
2005-10-03,6.432,90.13,12.460000038146973,62.8,4.206500053405762,4.3833,8.00549806789299,6.986,7.0,661.51
2005-10-04,6.4438,90.1,13.199999809265137,61.22,4.2067999839782715,4.3674,8.00526778676071,7.0,7.0,663.75
2005-10-05,6.5263,89.98,14.550000190734863,60.12,4.173699855804443,4.3398,8.00518042482842,7.0,7.0,652.81
2005-10-06,6.537,88.66,14.960000038146973,58.37,4.1905999183654785,4.3873,7.97560137984724,7.0,7.0,637.24
2005-10-07,6.5288,89.17,14.59000015258789,59.21,4.183000087738037,4.354,8.00874056956016,7.0,7.0,637.9
2005-10-10,6.4945,89.46,15.550000190734863,58.78,4.183199882507324,4.3557,7.947312805266959,7.0,7.0,642.57
2005-10-11,6.535,89.97,15.630000114440918,60.08,4.216899871826172,4.3914,7.94889071238309,7.0,7.0,646.35
2005-10-12,6.5748,89.63,16.219999313354492,60.57,4.225299835205078,4.4392,7.952829372218511,7.0,7.0,636.78
2005-10-13,6.5773,89.81,16.469999313354492,60.14,4.225599765777588,4.4612,8.02750848362721,7.0,7.0,622.37
2005-10-14,6.56,89.46,14.869999885559082,59.35,4.251699924468994,4.4793,8.01129873334536,7.036,7.0,618.36
2005-10-17,6.5468,89.8,14.670000076293945,60.57,4.277299880981445,4.4934,7.99871665182774,7.032,7.0,621.44
2005-10-18,6.5875,90.29,15.329999923706055,59.28,4.243800163269043,4.4694,8.024605885858021,7.036,7.0,616.36
2005-10-19,6.565,89.99,13.5,58.6,4.235599994659424,4.4594,8.00875535082505,7.043,7.0,603.73
2005-10-20,6.615,89.78,16.110000610351562,57.91,4.218900203704834,4.4295,8.006671306232551,7.043,7.0,605.67
2005-10-21,6.6125,90.31,16.1299991607666,58.48,4.202600002288818,4.3837,8.034105726680291,7.043,7.0,607.83
2005-10-24,6.6223,90.11,14.739999771118164,58.24,4.245500087738037,4.4436,8.05012606024047,7.043,7.0,612.86
2005-10-25,6.615,89.24,14.529999732971191,60.24,4.331299781799316,4.5341,8.01653509532534,7.043,7.0,612.86
2005-10-26,6.6955,89.49,14.59000015258789,58.87,4.366099834442139,4.5827,7.90819711675682,7.043,7.0,615.59
2005-10-27,6.7264,89.1,16.020000457763672,59.14,4.340700149536133,4.5463,7.8942297152511705,7.121,7.0,608.02
2005-10-28,6.7025,89.59,14.25,59.42,4.381899833679199,4.5648,7.9130918740997895,7.121,7.0,605.69
2005-10-31,6.7025,90.07,15.319999694824219,58.1,4.373799800872803,4.5506,7.934607836489061,7.121,7.0,617.41
2005-11-01,6.6685,90.08,14.850000381469727,58.37,4.39870023727417,4.5629,7.88760132011574,7.121,7.0,626.6
2005-11-02,6.6433,89.72,13.479999542236328,58.38,4.423699855804443,4.6036,7.874423654192491,7.121,7.0,634.65
2005-11-03,6.64,90.44,13.0,60.52,4.457099914550781,4.6465,7.84928008996307,7.129,7.0,639.35
2005-11-04,6.695,91.26,13.170000076293945,59.25,4.466100215911865,4.659,7.898275219357711,7.136,7.0,637.38
2005-11-07,6.7427,91.29,13.100000381469727,58.04,4.4496002197265625,4.6223,7.95727895038352,7.136,7.0,636.94
2005-11-08,6.7425,91.37,13.079999923706055,57.81,4.4079999923706055,4.5512,7.912198380377331,7.136,7.0,635.83
2005-11-09,6.755,91.5,12.800000190734863,56.88,4.48360013961792,4.6388,7.868074718399801,7.136,7.0,640.54
2005-11-10,6.77,92.08,11.899999618530273,55.68,4.425600051879883,4.5535,7.878538114776699,7.136,7.0,641.59
2005-11-11,6.7529,91.98,11.630000114440918,54.99,4.426000118255615,4.5333,7.85178852937108,7.136,7.0,646.64
2005-11-14,6.783,92.13,12.180000305175781,54.73,4.485099792480469,4.6043,7.86342422534413,7.243,7.0,647.82
2005-11-15,6.7825,92.09,12.229999542236328,54.05,4.459799766540527,4.5569,7.8594117773460495,7.25,7.0,645.46
2005-11-16,6.727,92.33,12.260000228881836,56.0,4.392399787902832,4.4706,7.84312214059306,7.25,7.0,648.71
2005-11-17,6.6993,91.88,11.25,54.85,4.367099761962891,4.4569,7.81090460298586,7.25,7.0,654.86
2005-11-18,6.67,91.93,11.119999885559082,54.88,4.384399890899658,4.4881,7.802673951191521,7.25,7.0,657.74
2005-11-21,6.6445,92.03,10.819999694824219,55.34,4.367499828338623,4.4588,7.75239598470441,7.25,7.0,658.81
2005-11-22,6.5932,91.5,10.600000381469727,56.41,4.299600124359131,4.4256,7.73329490138431,7.25,7.0,653.12
2005-11-23,6.535,91.37,10.960000038146973,56.21,4.342299938201904,4.47,7.60665435091838,7.236,7.0,663.99
2005-11-24,6.5315,91.6,10.960000038146973,55.3,4.348999977111816,4.47,7.63576497515634,7.193,7.0,666.58
2005-11-25,6.5163,92.04,10.880000114440918,55.01,4.315999984741211,4.4274,7.64191489614092,7.164,7.0,667.16
2005-11-28,6.485,90.98,11.84000015258789,54.88,4.315899848937988,4.404,7.6499782840801,7.179,7.0,668.24
2005-11-29,6.4936,91.62,11.890000343322754,54.32,4.390200138092041,4.4743,7.614335265848469,7.171,7.0,665.58
2005-11-30,6.4625,91.57,12.0600004196167,55.05,4.406799793243408,4.484,7.618457197878451,7.164,7.0,667.99
2005-12-01,6.4563,91.82,11.239999771118164,56.15,4.43179988861084,4.5135,7.560778309601961,7.164,7.0,672.36
2005-12-02,6.353,91.93,11.010000228881836,57.05,4.4156999588012695,4.5115,7.485504106817439,7.164,7.0,679.1
2005-12-05,6.3287,91.48,11.600000381469727,57.73,4.46589994430542,4.5687,7.52180655602446,7.114,7.0,682.63
2005-12-06,6.2815,91.44,11.520000457763672,57.61,4.390999794006348,4.482,7.4907087813934,7.107,7.0,687.52
2005-12-07,6.3255,91.89,12.180000305175781,56.98,4.399499893188477,4.5095,7.5193276456833,7.107,7.0,689.09
2005-12-08,6.345,91.26,12.210000038146973,58.67,4.357900142669678,4.4623,7.516602145893541,7.107,7.0,684.81
2005-12-09,6.3798,91.25,11.6899995803833,57.31,4.400100231170654,4.5233,7.511984021619781,7.107,7.0,683.73
2005-12-12,6.3308,90.32,11.470000267028809,59.44,4.4253997802734375,4.547,7.4679822449244,7.086,7.0,688.56
2005-12-13,6.3036,90.38,11.109999656677246,59.52,4.400400161743164,4.5193,7.486047326612801,7.086,7.0,691.38
2005-12-14,6.3388,89.83,10.479999542236328,59.6,4.358399868011475,4.4563,7.41988038795037,7.086,7.0,692.13
2005-12-15,6.458,90.02,10.729999542236328,59.85,4.349999904632568,4.4602,7.47013283504685,7.071,7.0,690.19
2005-12-19,6.358,89.87,11.380000114440918,56.11,4.367300033569336,4.4385,7.45165973181953,7.057,7.0,693.91
2005-12-20,6.3608,90.78,11.1899995803833,56.17,4.401400089263916,4.4601,7.42417566999001,7.057,7.0,693.5
2005-12-21,6.3783,90.94,10.8100004196167,56.72,4.4355998039245605,4.4877,7.43269157276049,7.05,7.0,699.04
2005-12-22,6.365,90.72,10.289999961853027,56.55,4.376200199127197,4.4267,7.44307502300001,7.05,7.0,700.08
2005-12-23,6.345,90.78,10.270000457763672,56.69,4.35099983215332,4.372,7.352164740621079,7.05,7.0,703.32
2005-12-27,6.3758,91.19,11.569999694824219,56.29,4.342599868774414,4.3366,7.35672358310993,7.05,7.0,705.77
2005-12-28,6.3413,91.21,11.350000381469727,57.64,4.3597002029418945,4.3737,7.3019852951763,7.05,7.0,701.81
2005-12-29,6.3235,91.1,11.609999656677246,58.07,4.359799861907959,4.3541,7.34025976844948,7.05,7.0,707.68
2005-12-30,6.3288,91.17,12.069999694824219,58.98,4.399600028991699,4.3911,7.33354635636789,7.05,7.0,706.48
2006-01-03,6.2243,89.84,11.140000343322754,61.35,4.324900150299072,4.3637,7.32025970213823,7.05,7.0,721.13
2006-01-04,6.155,89.14,11.369999885559082,61.68,4.300000190734863,4.3422,7.265558250988049,7.05,7.0,734.94
2006-01-05,6.1629,89.33,11.3100004196167,61.13,4.316500186920166,4.3519,7.27000638898091,7.05,7.0,737.87
2006-01-06,6.0715,88.91,11.0,62.72,4.349400043487549,4.3733,7.2478381225524995,7.05,7.0,744.63
2006-01-09,6.0474,89.25,11.130000114440918,62.01,4.34089994430542,4.3654,7.233570154462329,7.05,7.0,751.99
2006-01-10,6.0835,89.33,10.859999656677246,61.92,4.390999794006348,4.4243,7.24849723468909,7.05,7.0,748.98
2006-01-11,5.996,88.99,10.9399995803833,62.17,4.416100025177002,4.4518,7.22720886066829,7.025,7.0,753.24
2006-01-12,6.069,89.44,11.199999809265137,62.62,4.374199867248535,4.4026,7.23633361804262,7.0,7.0,757.38
2006-01-13,6.038,88.89,11.229999542236328,62.26,4.331999778747559,4.3534,7.215676640217961,7.0,7.0,756.75
2006-01-16,6.0065,89.12,11.229999542236328,62.93,4.331699848175049,4.3534,7.17448963044474,7.0,7.0,761.85
2006-01-17,6.0248,89.3,11.90999984741211,64.9,4.3231000900268555,4.324,7.25763398152017,7.0,7.0,751.47
2006-01-18,6.0518,89.25,12.25,64.19,4.3231000900268555,4.3318,7.31595948261122,7.0,7.0,738.7
2006-01-19,5.97,89.39,11.979999542236328,65.23,4.365300178527832,4.3729,7.282900801927459,7.029,7.0,753.54
2006-01-20,6.0035,88.97,14.5600004196167,66.43,4.348100185394287,4.3493,7.26801396383501,7.038,7.0,754.22
2006-01-23,5.959,87.95,13.930000305175781,66.16,4.3480000495910645,4.3551,7.2983143758908895,7.038,7.0,752.09
2006-01-24,6.0194,88.06,13.3100004196167,65.34,4.381999969482422,4.3904,7.36088170264889,7.046,7.0,762.14
2006-01-25,6.0484,88.33,12.869999885559082,64.23,4.450300216674805,4.4754,7.358216471593231,7.046,7.0,769.91
2006-01-26,6.1013,88.62,12.420000076293945,64.92,4.4822998046875,4.5172,7.3577402941665495,7.046,7.0,772.46
2006-01-27,6.1448,89.32,11.970000267028809,66.24,4.490600109100342,4.5092,7.3325851275105105,7.05,7.0,779.37
2006-01-30,6.1138,89.42,12.390000343322754,66.59,4.5071001052856445,4.5251,7.32299767393875,7.05,7.0,778.35
2006-01-31,6.0579,88.96,12.949999809265137,65.99,4.515500068664551,4.5152,7.2666729663398,7.05,7.0,783.77
2006-02-01,6.0935,89.51,12.359999656677246,65.03,4.573699951171875,4.5551,7.27915507217191,7.05,7.0,786.12
2006-02-02,6.0766,89.41,13.229999542236328,62.88,4.59060001373291,4.5571,7.285887402480309,7.05,7.0,778.76
2006-02-03,6.094,89.89,12.960000038146973,63.39,4.566199779510498,4.5232,7.272311046334661,7.05,7.0,767.59
2006-02-06,6.1062,90.29,13.039999961853027,63.33,4.6082000732421875,4.5432,7.25877646921579,7.05,7.0,779.61
2006-02-07,6.2048,90.24,13.59000015258789,61.56,4.599999904632568,4.5652,7.24202007296812,7.05,7.0,773.41
2006-02-08,6.1763,90.43,12.829999923706055,61.06,4.625400066375732,4.5873,7.292167253868199,7.1,7.0,761.18
2006-02-09,6.1025,90.29,13.119999885559082,60.75,4.650899887084961,4.5432,7.25502936655201,7.1,7.0,768.86
2006-02-10,6.1375,90.55,12.869999885559082,59.64,4.677199840545654,4.5845,7.19236071787516,7.1,7.0,771.21
2006-02-13,6.1635,90.54,13.350000381469727,59.38,4.669099807739258,4.5766,7.211358744685981,7.1,7.0,760.64
2006-02-14,6.1286,90.54,12.25,59.52,4.6778998374938965,4.6102,7.16265712901591,7.1,7.0,761.94
2006-02-15,6.077,90.72,12.3100004196167,58.15,4.686699867248535,4.5964,7.0495906696264,7.1,7.0,762.25
2006-02-16,6.0555,90.73,11.479999542236328,58.79,4.687099933624268,4.5825,7.0297121286844995,7.1,7.0,768.46
2006-02-17,6.0225,90.64,12.010000228881836,59.89,4.67140007019043,4.5372,7.03563533873504,7.1,7.0,778.56
2006-02-20,6.0132,90.42,12.010000228881836,61.54,4.671800136566162,4.5372,7.00912139194603,7.092,7.0,785.28
2006-02-21,6.0704,90.55,12.40999984741211,61.6,4.697800159454346,4.5648,7.03556217527516,7.083,7.0,782.51
2006-02-22,6.0718,90.67,11.880000114440918,60.44,4.663599967956543,4.5215,7.110844003256619,7.083,7.0,779.07
2006-02-23,6.1127,90.39,11.869999885559082,60.54,4.716100215911865,4.5549,7.05911191995375,7.083,7.0,784.88
2006-02-24,6.1068,90.61,11.460000038146973,62.6,4.716100215911865,4.5727,7.13181030063753,7.083,7.0,786.06
2006-02-27,6.1826,90.63,11.59000015258789,60.99,4.724400043487549,4.5905,7.17169088114928,7.083,7.0,790.32
2006-02-28,6.165,90.11,12.34000015258789,61.76,4.674600124359131,4.551,7.2060598972401895,7.092,7.0,782.11
2006-03-02,6.102,89.56,11.720000267028809,64.07,4.707900047302246,4.6282,7.185826270362041,7.092,7.0,791.85
2006-03-03,6.1773,89.66,11.960000038146973,64.18,4.741399765014648,4.6801,7.2187429236579,7.083,7.0,784.85
2006-03-06,6.239,89.89,12.739999771118164,62.34,4.766600131988525,4.7504,7.26652583250071,7.083,7.0,781.97
2006-03-07,6.2513,90.77,12.65999984741211,61.17,4.749899864196777,4.7223,7.30014538256961,7.083,7.0,758.38
2006-03-08,6.3025,90.62,12.319999694824219,60.03,4.7164998054504395,4.7263,7.304446544286581,7.083,7.0,749.47
2006-03-09,6.265,90.75,12.680000305175781,61.06,4.708099842071533,4.7243,7.27767684909098,7.083,7.0,749.97
2006-03-10,6.2485,90.85,11.850000381469727,60.83,4.733500003814697,4.7567,7.32253614466926,7.083,7.0,752.45
2006-03-13,6.2482,90.54,11.369999885559082,62.2,4.716700077056885,4.7668,7.2957143544239695,7.083,7.0,762.19
2006-03-14,6.2208,90.0,10.739999771118164,63.97,4.632400035858154,4.6924,7.292028158079961,7.083,7.0,763.59
2006-03-15,6.1885,89.7,11.350000381469727,62.94,4.674600124359131,4.7266,7.26814777515941,7.083,7.0,773.78
2006-03-16,6.173,89.07,11.979999542236328,62.91,4.6153998374938965,4.6404,7.26046274894208,7.083,7.0,778.65
2006-03-17,6.2146,88.92,12.119999885559082,63.26,4.6321001052856445,4.6705,7.23251794605205,7.083,7.0,782.39
2006-03-20,6.2988,89.13,11.789999961853027,61.34,4.649099826812744,4.6565,7.271497480008319,7.083,7.0,784.61
2006-03-22,6.285,89.72,11.210000038146973,61.5,4.734300136566162,4.6986,7.276515874571091,7.092,7.0,770.53
2006-03-23,6.3201,90.46,11.170000076293945,63.27,4.768700122833252,4.7329,7.288246033959051,7.092,7.0,772.57
2006-03-24,6.261,90.07,11.1899995803833,63.51,4.708899974822998,4.6686,7.31397469726651,7.092,7.0,774.14
2006-03-27,6.2742,90.07,11.460000038146973,63.61,4.734799861907959,4.7028,7.28379864357474,7.092,7.0,777.99
2006-03-28,6.2915,90.25,11.579999923706055,64.97,4.7906999588012695,4.7797,7.32003879570783,7.092,7.0,771.46
2006-03-29,6.2905,90.21,10.949999809265137,65.55,4.798999786376953,4.8041,7.37080278069554,7.092,7.0,772.32
2006-03-30,6.1762,89.39,11.569999694824219,66.46,4.832300186157227,4.8551,7.32213231938736,7.092,7.0,783.83
2006-03-31,6.1765,89.73,11.390000343322754,65.91,4.816100120544434,4.8472,7.38493254930047,7.092,7.0,787.8
2006-04-03,6.0963,89.63,11.569999694824219,66.84,4.841400146484375,4.8615,7.42172212303914,7.092,7.0,801.69
2006-04-04,6.042,88.83,11.140000343322754,66.39,4.816500186920166,4.8637,7.36102046479285,7.092,7.0,808.46
2006-04-05,6.0298,88.63,11.130000114440918,67.1,4.799900054931641,4.8433,7.3407875905009705,7.092,7.0,812.05
2006-04-06,6.061,88.96,11.449999809265137,67.84,4.833600044250488,4.8987,7.32470423521229,7.092,7.0,817.21
2006-04-07,6.1315,89.69,12.260000228881836,67.29,4.893199920654297,4.9774,7.36662853892643,7.075,7.0,814.06
2006-04-10,6.1495,89.65,12.1899995803833,68.75,4.8765997886657715,4.9526,7.364901411624509,7.075,7.0,810.84
2006-04-11,6.125,89.44,13.0,69.37,4.860000133514404,4.9197,7.35477740553038,7.083,7.0,807.73
2006-04-12,6.113,89.62,12.760000228881836,69.42,4.902500152587891,4.9777,7.35929523239555,7.083,7.0,803.92
2006-04-13,6.1235,89.59,12.380000114440918,70.14,4.946300029754639,5.0447,7.346552361712259,7.083,7.0,803.62
2006-04-18,5.9901,88.24,11.399999618530273,71.85,4.827600002288818,4.9824,7.31654732743173,7.083,7.0,827.79
2006-04-19,5.9606,87.79,11.319999694824219,72.95,4.844900131225586,5.0221,7.2657676657489905,7.092,7.0,838.24
2006-04-20,6.0775,88.25,11.640000343322754,72.87,4.879300117492676,5.0389,7.285674560591531,7.092,7.0,839.73
2006-04-21,5.9772,88.05,11.59000015258789,74.17,4.897299766540527,5.0079,7.27147554963157,7.083,7.0,843.6
2006-04-24,6.0463,87.45,11.75,73.86,4.871799945831299,4.9768,7.2525320988443704,7.083,7.0,840.73
2006-04-25,6.104,87.32,11.75,72.46,4.932400226593018,5.0667,7.24939397161926,7.079,7.0,836.4
2006-04-26,6.1538,87.22,11.760000228881836,72.44,4.984600067138672,5.1046,7.3074086588669,7.079,7.0,844.86
2006-04-28,6.005,86.11,11.59000015258789,72.5,4.85830020904541,5.0505,7.268808328026349,7.079,7.0,841.58
2006-05-02,6.029,85.79,11.989999771118164,74.87,4.908100128173828,5.1075,7.2919748506569695,7.079,7.0,856.8
2006-05-03,6.0426,85.84,11.989999771118164,73.32,4.93310022354126,5.1414,7.29274155236854,7.079,7.0,860.24
2006-05-04,6.035,85.36,11.859999656677246,70.39,4.9664998054504395,5.1521,7.32174050461286,7.079,7.0,864.63
2006-05-05,6.064,85.14,11.619999885559082,70.88,4.924699783325195,5.0997,7.352298490283079,7.079,7.0,870.38
2006-05-08,6.0587,85.23,12.0,69.33,4.949900150299072,5.1104,7.391077736648629,7.079,7.0,881.51
2006-05-09,6.0263,84.83,11.989999771118164,71.22,4.9583001136779785,5.1211,7.38237145463247,7.079,7.0,881.24
2006-05-10,6.094,84.5,11.779999732971191,70.82,4.98360013961792,5.1234,7.390779559132881,7.075,7.0,879.34
2006-05-11,6.094,84.27,12.489999771118164,72.51,4.983699798583984,5.151,7.4111795668101905,7.083,7.0,873.29
2006-05-12,6.2915,83.91,14.1899995803833,72.18,5.000899791717529,5.1938,7.4696996994652,7.083,7.0,856.95
2006-05-15,6.4158,84.54,13.569999694824219,70.21,4.975500106811523,5.1533,7.6013001913873905,7.083,7.0,820.11
2006-05-16,6.36,84.17,13.350000381469727,70.24,4.9415998458862305,5.0947,7.523488067417,7.083,7.0,817.37
2006-05-17,6.45,84.85,16.260000228881836,69.04,4.950099945068359,5.1431,7.5454837462124,7.083,7.0,816.15
2006-05-18,6.4538,84.51,16.989999771118164,69.67,4.90749979019165,5.0605,7.574696301673919,7.083,7.0,791.7
2006-05-19,6.48,84.88,17.18000030517578,68.68,4.958700180053711,5.0584,7.57833606835166,7.083,7.0,786.47
2006-05-22,6.538,84.35,17.719999313354492,69.35,4.941699981689453,5.0383,7.589006548105901,7.083,7.0,750.01
2006-05-23,6.6175,84.35,18.260000228881836,71.0,4.915999889373779,5.0123,7.551900246811701,7.079,7.0,763.24
2006-05-24,6.598,84.95,17.360000610351562,69.22,4.93310022354126,5.0363,7.580287754170049,7.079,7.0,748.69
2006-05-25,6.5025,84.71,15.5,70.71,4.949699878692627,5.0683,7.56578402888215,7.079,7.0,751.03
2006-05-26,6.5275,85.16,14.260000228881836,70.59,4.941400051116943,5.0481,7.54933444795558,7.079,7.0,769.7
2006-05-29,6.5188,85.05,14.260000228881836,70.59,4.941400051116943,5.0481,7.5404933602582895,7.079,7.0,773.74
2006-05-30,6.7055,84.28,18.65999984741211,71.05,4.966400146484375,5.0762,7.544456126529191,7.079,7.0,757.5
2006-05-31,6.7368,84.72,16.440000534057617,70.41,5.0329999923706055,5.1186,7.62142056142368,7.079,7.0,751.0
2006-06-01,6.5963,84.79,14.520000457763672,69.39,5.01639986038208,5.0984,7.63835750795666,7.079,7.0,751.87
2006-06-02,6.6713,84.04,14.319999694824219,71.03,4.9079999923706055,4.9898,7.59451566830346,7.079,7.0,767.11
2006-06-05,6.6723,84.14,16.649999618530273,71.37,4.974899768829346,5.0177,7.59965434938782,7.079,7.0,759.54
2006-06-06,6.7716,84.73,17.34000015258789,70.81,4.991799831390381,4.9997,7.66450854434406,7.079,7.0,743.98
2006-06-07,6.7438,84.99,17.799999237060547,69.19,5.000199794769287,5.0177,7.78671777765207,7.079,7.0,726.3
2006-06-08,6.7372,85.84,18.350000381469727,69.05,5.00029993057251,4.9936,7.92301126091499,7.079,7.5,697.33
2006-06-09,6.7638,85.72,18.1200008392334,70.48,4.992099761962891,4.9714,7.89277987694499,7.479,7.5,706.1
2006-06-12,6.7902,85.85,20.959999084472656,68.93,5.009099960327148,4.9774,7.93957726023745,7.479,7.5,695.1
2006-06-13,6.8468,86.48,23.809999465942383,66.92,5.000800132751465,4.9613,8.01680485815888,7.479,7.5,665.27
2006-06-14,6.842,86.14,21.459999084472656,66.98,5.111299991607666,5.0617,7.97124375476769,7.483,7.5,673.3
2006-06-15,6.88,86.02,15.899999618530273,67.43,5.128600120544434,5.094,8.01433638243346,7.483,7.5,688.87
2006-06-19,7.005,86.32,17.829999923706055,68.11,5.172500133514404,5.1345,8.05914276140343,7.434,7.5,701.94
2006-06-20,7.08,86.18,16.690000534057617,68.08,5.190000057220459,5.1487,8.09943276573558,7.434,7.5,692.96
2006-06-21,7.1375,85.78,15.520000457763672,69.17,5.190299987792969,5.1528,8.1511410132924,7.43,7.5,698.41
2006-06-22,7.3356,86.39,15.880000114440918,69.95,5.233699798583984,5.208,8.25560686556424,7.43,7.5,702.82
2006-06-23,7.4267,86.88,15.890000343322754,69.93,5.261000156402588,5.2223,8.447984238171511,7.529,7.5,699.76
2006-06-26,7.392,86.49,15.619999885559082,70.73,5.244100093841553,5.2326,8.665745525056,7.571,7.5,699.85
2006-06-27,7.2963,86.47,16.399999618530273,70.98,5.235799789428711,5.1998,8.51040973113948,7.574,7.5,706.51
2006-06-28,7.225,86.63,15.789999961853027,71.41,5.275000095367432,5.2429,8.41968429656339,7.574,7.5,708.37
2006-06-29,7.1338,85.92,13.029999732971191,72.88,5.183300018310547,5.1936,8.50346507881944,7.574,7.5,723.52
2006-06-30,7.174,85.16,13.079999923706055,73.51,5.149799823760986,5.1364,8.47017773841437,7.541,7.5,747.54
2006-07-03,7.0331,85.19,13.050000190734863,73.39,5.166399955749512,5.1486,8.35586196382935,7.541,7.5,759.05
2006-07-04,7.0463,85.15,13.050000190734863,72.51,5.166399955749512,5.1486,8.39507160313087,7.536,7.5,762.89
2006-07-05,7.2615,85.6,14.149999618530273,73.98,5.23360013961792,5.2204,8.57161576298313,7.536,7.5,745.81
2006-07-06,7.175,85.35,13.649999618530273,74.08,5.208399772644043,5.1793,8.59262646581144,7.538,7.5,749.57
2006-07-07,7.1405,85.01,13.970000267028809,73.51,5.166299819946289,5.1261,8.42421730798066,7.538,7.5,751.51
2006-07-10,7.1288,85.5,14.020000457763672,72.89,5.166200160980225,5.1241,8.40496133603812,7.538,7.5,755.98
2006-07-11,7.0993,85.36,13.140000343322754,73.67,5.1493000984191895,5.0996,8.36515669037699,7.533,7.5,752.8
2006-07-12,7.1675,85.91,14.489999771118164,74.39,5.166200160980225,5.0976,8.36639049133465,7.533,7.5,752.7
2006-07-13,7.257,85.84,17.790000915527344,76.69,5.106800079345703,5.063,8.39839699574936,7.529,7.5,734.56
2006-07-14,7.207,86.1,18.049999237060547,77.27,5.0894999504089355,5.0629,8.37215660384726,7.529,7.5,722.67
2006-07-17,7.263,87.02,18.639999389648438,75.92,5.106400012969971,5.0629,8.508328011452269,7.596,7.5,710.33
2006-07-18,7.1878,87.01,17.739999771118164,74.36,5.18310022354126,5.1302,8.49180126648621,7.617,7.5,711.65
2006-07-19,7.053,86.52,15.550000190734863,73.9,5.097700119018555,5.0487,8.52038478356961,7.646,7.5,722.12
2006-07-20,6.9804,86.22,16.209999084472656,73.72,5.054900169372559,5.0263,8.271126423622011,7.658,7.5,734.99
2006-07-21,7.0433,85.93,17.399999618530273,73.75,5.071499824523926,5.0404,8.30839919680613,7.658,7.5,729.88
2006-07-24,7.0045,86.34,14.979999542236328,74.61,5.079999923706055,5.0424,8.33786040552842,7.663,7.5,731.34
2006-07-25,6.9988,86.64,14.850000381469727,73.28,5.114200115203857,5.0628,8.31092662834952,7.7,7.5,739.41
2006-07-26,6.9593,85.86,14.619999885559082,74.0,5.0625,5.0302,8.292311097341349,7.713,7.5,740.47
2006-07-27,6.8589,85.84,14.9399995803833,75.01,5.041600227355957,5.0343,8.34253516618571,7.783,7.5,755.89
2006-07-28,6.875,85.38,14.329999923706055,73.39,4.975100040435791,4.9896,8.42981754592753,7.854,7.5,755.4
2006-07-31,6.9475,85.3,14.949999809265137,75.15,4.949999809265137,4.9794,8.456913507902799,7.888,7.5,755.84
2006-08-01,6.944,85.01,15.050000190734863,75.89,4.949900150299072,4.9753,8.55479736924066,7.921,7.5,748.66
2006-08-02,6.9149,85.18,14.34000015258789,76.89,4.949699878692627,4.9632,8.53471481926559,7.954,7.5,756.12
2006-08-03,6.8625,85.04,14.460000038146973,76.56,4.982999801635742,4.9591,8.49709216653473,7.958,8.0,756.69
2006-08-04,6.8225,84.58,14.34000015258789,76.17,4.898900032043457,4.8925,8.33474405415463,8.071,8.0,763.4
2006-08-07,6.8013,84.74,15.229999542236328,78.3,4.9405999183654785,4.9186,8.32662856849707,8.079,8.0,760.83
2006-08-08,6.8045,84.83,15.229999542236328,77.55,4.898499965667725,4.9165,8.39371481607692,8.079,8.0,764.79
2006-08-10,6.764,85.12,14.460000038146973,75.28,4.923299789428711,4.9309,8.41147130393408,8.079,8.0,767.98
2006-08-11,6.795,85.49,14.300000190734863,75.63,4.965000152587891,4.9691,8.434830218423139,8.079,8.0,768.47
2006-08-14,6.8685,85.67,14.260000228881836,74.3,5.007199764251709,4.9952,8.51318479792844,8.079,8.0,766.58
2006-08-15,6.8595,85.22,13.420000076293945,73.8,4.9394001960754395,4.9289,8.4242496791015,8.079,8.0,769.3
2006-08-16,6.7715,84.88,12.40999984741211,73.08,4.871399879455566,4.859,8.39716278492027,8.113,8.0,780.41
2006-08-17,6.823,85.04,12.239999771118164,71.58,4.896599769592285,4.863,8.35581512176443,8.117,8.0,783.47
2006-08-18,7.027,85.09,11.640000343322754,72.3,4.870500087738037,4.841,8.43716088814888,8.154,8.0,777.22
2006-08-21,7.039,84.63,12.220000267028809,73.38,4.8531999588012695,4.8112,8.5067187118385,8.18,8.0,772.0
2006-08-22,7.1375,85.17,12.1899995803833,73.24,4.861400127410889,4.8092,8.51931756720087,8.18,8.0,776.54
2006-08-23,7.167,85.13,12.399999618530273,72.02,4.861199855804443,4.8072,8.50863623503353,8.18,8.0,769.95
2006-08-24,7.1615,85.28,12.399999618530273,72.68,4.869500160217285,4.7992,8.54371024985928,8.18,8.0,764.88
2006-08-25,7.1843,85.38,12.3100004196167,72.7,4.851600170135498,4.7793,8.56395394750593,8.168,8.0,766.0
2006-08-28,7.1815,85.26,12.180000305175781,70.82,4.868500232696533,4.7911,8.53017163315325,8.218,8.0,765.63
2006-08-29,7.105,84.96,12.279999732971191,69.86,4.851099967956543,4.7772,8.46355939035239,8.224,8.0,771.03
2006-08-30,7.0838,84.97,12.220000267028809,70.18,4.808700084686279,4.7515,8.438796016647759,8.22,8.0,776.86
2006-08-31,7.1993,85.05,12.3100004196167,70.25,4.775400161743164,4.7258,8.57372261972067,8.224,8.0,773.12
2006-09-01,7.2075,84.92,11.960000038146973,69.15,4.757900238037109,4.7236,8.59446166091308,8.228,8.0,778.57
2006-09-04,7.1613,84.68,11.960000038146973,67.71,4.757599830627441,4.7235,8.56236161049269,8.228,8.0,789.96
2006-09-05,7.1725,85.0,12.630000114440918,68.09,4.790800094604492,4.7789,8.54407516090938,8.22,8.0,789.34
2006-09-06,7.3335,85.1,13.739999771118164,66.93,4.807499885559082,4.7948,8.59515835268558,8.22,8.0,780.72
2006-09-07,7.3563,85.53,13.880000114440918,66.53,4.807300090789795,4.7848,8.65547617426412,8.22,8.0,770.73
2006-09-08,7.3888,85.95,13.15999984741211,65.33,4.80679988861084,4.7708,8.65536930426108,8.22,8.0,770.11
2006-09-11,7.359,85.92,12.989999771118164,64.55,4.823500156402588,4.8006,8.6704236383584,8.22,8.0,754.72
2006-09-12,7.3275,85.92,11.920000076293945,62.99,4.814899921417236,4.7688,8.63906309540685,8.22,8.0,759.73
2006-09-13,7.2988,85.86,11.180000305175781,62.99,4.7895002365112305,4.7588,8.61154323141473,8.263,8.0,767.25
2006-09-14,7.4265,85.66,11.550000190734863,62.24,4.831500053405762,4.7886,8.57834119241949,8.288,8.0,769.13
2006-09-15,7.375,85.98,11.760000228881836,63.33,4.856599807739258,4.7885,8.54969174480231,8.304,8.0,771.51
2006-09-18,7.305,85.81,11.779999732971191,64.05,4.873499870300293,4.8044,8.441487726820041,8.296,8.0,782.27
2006-09-19,7.3713,85.94,11.979999542236328,62.17,4.796899795532227,4.7328,8.46201235376145,8.3,8.0,781.7
2006-09-20,7.425,85.81,11.390000343322754,60.47,4.813700199127197,4.7288,8.4062380731568,8.304,8.0,777.83
2006-09-21,7.605,85.2,12.25,61.34,4.6859002113342285,4.636,8.44878400705066,8.304,8.0,774.48
2006-09-22,7.665,85.16,12.59000015258789,60.41,4.667799949645996,4.5888,8.46589622943985,8.304,8.0,764.86
2006-09-26,7.6415,85.63,11.529999732971191,60.12,4.692800045013428,4.5828,8.36843919735853,8.313,8.0,768.1
2006-09-27,7.646,85.69,11.579999923706055,62.21,4.683899879455566,4.5984,8.23036031030203,8.313,8.0,776.01
2006-09-28,7.675,85.77,11.720000267028809,62.54,4.6579999923706055,4.612,8.3468220591126,8.321,8.0,780.55
2006-09-29,7.7838,86.03,11.979999542236328,62.48,4.6828999519348145,4.6276,8.41104711681848,8.313,8.0,778.16
2006-10-02,7.7365,85.6,12.569999694824219,60.45,4.64139986038208,4.6,8.42769991735921,8.463,8.0,781.09
2006-10-03,7.8788,85.71,12.239999771118164,58.43,4.649600028991699,4.6137,8.42130558751119,8.508,8.0,775.75
2006-10-04,7.8615,85.84,11.859999656677246,59.22,4.583000183105469,4.5587,8.424787737824591,8.529,8.0,774.38
2006-10-05,7.8175,85.92,11.979999542236328,60.0,4.649600028991699,4.6037,8.42683268148658,8.554,8.0,784.87
2006-10-06,7.825,86.5,11.5600004196167,59.83,4.73330020904541,4.6943,8.438584129500699,8.554,8.0,783.79
2006-10-09,7.8308,86.55,11.680000305175781,60.54,4.733399868011475,4.6942,8.447037061756529,8.563,8.0,782.43
2006-10-10,7.7229,87.02,11.520000457763672,59.34,4.817800045013428,4.7518,8.438505468496981,8.575,8.0,786.23
2006-10-11,7.7188,87.12,11.619999885559082,58.65,4.851500034332275,4.7778,8.44797522303771,8.583,8.0,785.83
2006-10-12,7.5388,86.92,11.09000015258789,58.76,4.83489990234375,4.7698,8.29868417991148,8.583,8.0,790.49
2006-10-13,7.485,87.12,10.75,59.52,4.861000061035156,4.7977,8.2093388784822,8.617,8.5,803.67
2006-10-16,7.515,87.0,11.09000015258789,59.96,4.844200134277344,4.7757,8.19363753269277,8.663,8.5,808.57
2006-10-17,7.6148,86.87,11.729999542236328,60.94,4.835899829864502,4.7656,8.22784511456897,8.675,8.5,803.1
2006-10-18,7.605,86.88,11.34000015258789,59.58,4.83620023727417,4.7536,8.190948751125129,8.704,8.5,806.01
2006-10-19,7.5113,86.24,10.899999618530273,60.87,4.861999988555908,4.7816,8.19518955427968,8.704,8.5,807.48
2006-10-20,7.5425,86.27,10.630000114440918,59.68,4.871300220489502,4.7855,8.23392014179561,8.704,8.5,807.13
2006-10-23,7.6985,86.71,11.079999923706055,59.21,4.906000137329102,4.8277,8.292681295958081,8.718,8.5,804.16
2006-10-24,7.728,86.7,10.779999732971191,59.86,4.906300067901611,4.8196,8.26574914762432,8.726,8.5,807.24
2006-10-25,7.5563,86.38,10.65999984741211,62.05,4.841800212860107,4.7614,8.16569010323733,8.726,8.5,811.65
2006-10-26,7.51,85.89,10.5600004196167,60.77,4.8003997802734375,4.7174,7.94081837861856,8.726,8.5,816.6
2006-10-27,7.4138,85.56,10.800000190734863,61.08,4.742499828338623,4.6715,7.89539000778113,8.726,8.5,814.83
2006-10-30,7.5198,85.59,11.199999809265137,58.68,4.750800132751465,4.6694,7.911316006902471,8.726,8.5,806.16
2006-10-31,7.371,85.32,11.100000381469727,59.03,4.692599773406982,4.5981,7.839772840373101,8.73,8.5,814.44
2006-11-01,7.3955,85.42,11.510000228881836,58.98,4.642600059509277,4.5645,7.83960360551728,8.759,8.5,822.12
2006-11-02,7.4388,85.34,11.420000076293945,57.87,4.667099952697754,4.594,7.90841639971627,8.776,8.5,821.25
2006-11-03,7.3898,85.71,11.15999984741211,59.15,4.815999984741211,4.715,7.88845958588843,8.776,8.5,826.91
2006-11-06,7.3535,85.75,11.15999984741211,59.75,4.799200057983398,4.693,7.84381665868655,8.776,8.5,831.61
2006-11-07,7.3245,85.43,11.09000015258789,58.48,4.765500068664551,4.6571,7.79064598046826,8.776,8.5,838.02
2006-11-08,7.3205,85.41,10.75,59.59,4.748600006103516,4.6352,7.79165225361425,8.776,8.5,835.99
2006-11-09,7.247,85.18,11.010000228881836,61.32,4.7399001121521,4.6253,7.69536071881978,8.776,8.5,842.1
2006-11-10,7.225,85.07,10.789999961853027,59.71,4.730800151824951,4.5877,7.68295008117378,8.776,8.5,842.7
2006-11-13,7.2613,85.37,10.859999656677246,59.05,4.764200210571289,4.6093,7.75196013822272,8.776,8.5,840.78
2006-11-14,7.2468,85.3,10.5,58.84,4.738699913024902,4.5622,7.72084962139739,8.776,8.5,847.9
2006-11-15,7.192,85.33,10.3100004196167,59.46,4.806000232696533,4.6171,7.78689549582859,8.776,8.5,848.24
2006-11-16,7.262,85.49,10.15999984741211,58.54,4.848199844360352,4.6644,7.71410753603186,8.776,8.5,851.17
2006-11-17,7.2785,85.31,10.050000190734863,58.99,4.762899875640869,4.5993,7.77205471412382,8.776,8.5,843.76
2006-11-20,7.2413,85.42,9.970000267028809,58.98,4.771200180053711,4.5973,7.77428211551211,8.776,8.5,844.1
2006-11-21,7.2225,85.24,9.899999618530273,60.39,4.753900051116943,4.5698,7.7303272885738,8.788,8.5,850.76
2006-11-22,7.1675,84.53,10.140000343322754,59.49,4.736400127410889,4.558,7.6978924242327,8.867,8.5,859.93
2006-11-23,7.2078,84.46,10.140000343322754,59.35,4.735599994659424,4.5579,7.68755737564623,8.867,8.5,861.55
2006-11-24,7.1635,83.66,10.729999542236328,60.03,4.726799964904785,4.548,7.7020265144952,8.867,8.5,862.97
2006-11-27,7.158,83.5,12.300000190734863,60.44,4.718200206756592,4.5285,7.66353193968297,8.871,8.5,863.13
2006-11-28,7.1275,83.13,11.619999885559082,61.21,4.675000190734863,4.5011,7.74569003747323,8.871,8.5,853.03
2006-11-29,7.143,83.49,10.829999923706055,63.07,4.6828999519348145,4.5206,7.72580520989698,8.893,8.5,866.53
2006-11-30,7.1538,82.95,10.90999984741211,64.26,4.608399868011475,4.4581,7.787455894025549,8.918,8.5,874.08
2006-12-01,7.24,82.48,11.65999984741211,64.62,4.5167999267578125,4.4327,7.762761939810139,8.975,8.5,875.71
2006-12-04,7.1468,82.43,11.229999542236328,63.45,4.508299827575684,4.4229,7.7819997001465895,8.975,8.5,879.31
2006-12-05,7.0885,82.51,11.270000457763672,63.32,4.507999897003174,4.4403,7.71323246302692,8.975,8.5,888.38
2006-12-06,7.076,82.74,11.329999923706055,63.07,4.582799911499023,4.4851,7.69377892985027,8.975,8.5,891.28
2006-12-07,7.055,82.76,12.670000076293945,62.57,4.5742998123168945,4.4811,7.67760852317657,8.975,9.0,891.41
2006-12-08,7.0883,83.29,12.069999694824219,62.2,4.666200160980225,4.5437,7.75639676336944,9.038,9.0,885.44
2006-12-11,7.075,83.18,10.710000038146973,61.84,4.657700061798096,4.5182,7.77523650810087,9.098,9.0,881.67
2006-12-12,6.9755,82.94,10.649999618530273,61.52,4.6072001457214355,4.4848,7.72750027708855,9.138,9.0,875.41
2006-12-13,6.9838,83.32,10.180000305175781,61.33,4.699900150299072,4.5791,7.751253533469769,9.175,9.0,876.02
2006-12-14,6.9825,83.7,9.970000267028809,62.12,4.733699798583984,4.5968,7.737396908414371,9.176,9.0,886.75
2006-12-15,7.0053,84.04,10.050000190734863,63.49,4.7170000076293945,4.5928,7.71473102252167,9.176,9.0,891.64
2006-12-18,7.0313,84.0,10.600000381469727,62.13,4.708499908447266,4.5809,7.72329774007935,9.176,9.0,895.31
2006-12-19,7.02,83.45,10.300000190734863,62.81,4.708600044250488,4.5888,7.7462084337956,9.176,9.0,881.43
2006-12-20,6.9363,83.55,10.260000228881836,63.23,4.708600044250488,4.5947,7.69677596092315,9.176,9.0,892.43
2006-12-21,7.01,83.59,10.529999732971191,62.46,4.64900016784668,4.5454,7.64493318127797,9.176,9.0,892.77
2006-12-22,7.0575,83.81,11.359999656677246,62.42,4.71750020980835,4.6185,7.6162248220494595,9.168,9.0,892.95
2006-12-27,7.083,83.97,10.640000343322754,60.52,4.777900218963623,4.6503,7.625045555647921,9.168,9.0,905.33
2006-12-28,7.0088,83.82,10.989999771118164,60.67,4.791399955749512,4.6802,7.62916285934471,9.176,9.0,910.19
2006-12-29,7.006,83.65,11.5600004196167,60.86,4.808000087738037,4.7022,7.61445110109185,9.176,9.0,912.65
2007-01-02,6.9108,83.27,11.5600004196167,60.44,4.791299819946289,4.6802,7.5258128368001,9.175,9.0,926.18
2007-01-03,7.0045,83.92,12.039999961853027,57.96,4.757999897003174,4.6582,7.36520982382391,9.175,9.0,920.77
2007-01-04,7.1048,84.34,11.510000228881836,55.11,4.691299915313721,4.6024,7.45624083006332,9.175,9.0,906.71
2007-01-05,7.2725,84.64,12.140000343322754,55.64,4.7494001388549805,4.6442,7.47553415903163,9.179,9.0,893.96
2007-01-08,7.2375,84.57,12.0,55.6,4.774400234222412,4.6522,7.468389446839129,9.201,9.0,888.97
2007-01-09,7.3095,84.75,11.90999984741211,55.18,4.791200160980225,4.6542,7.48235883641318,9.226,9.0,877.59
2007-01-10,7.285,85.07,11.470000267028809,53.69,4.808000087738037,4.6843,7.53674134209157,9.23,9.0,867.13
2007-01-11,7.2754,85.28,10.869999885559082,51.7,4.850200176239014,4.7305,7.556086378302081,9.268,9.0,873.86
2007-01-12,7.22,85.02,10.149999618530273,52.95,4.875800132751465,4.775,7.629605359828549,9.275,9.0,884.53
2007-01-15,7.215,84.94,10.149999618530273,53.12,4.875899791717529,4.775,7.63788274808966,9.296,9.0,896.71
2007-01-16,7.2365,85.06,10.739999771118164,52.26,4.859000205993652,4.7467,7.714460843474261,9.308,9.0,895.05
2007-01-17,7.1688,84.94,10.59000015258789,52.78,4.901599884033203,4.7791,7.70860776302515,9.308,9.0,893.71
2007-01-18,7.1625,84.91,10.850000381469727,51.75,4.876200199127197,4.7427,7.599506414930129,9.308,9.0,896.85
2007-01-19,7.1648,84.86,10.399999618530273,53.44,4.910699844360352,4.7752,7.615569230481039,9.304,9.0,896.78
2007-01-22,7.146,85.04,10.770000457763672,52.7,4.902299880981445,4.759,7.60951996444642,9.304,9.0,903.7
2007-01-23,7.1075,84.67,10.34000015258789,55.1,4.936800003051758,4.8077,7.60527609523112,9.313,9.0,905.81
2007-01-24,7.1405,84.93,9.890000343322754,55.43,4.928299903869629,4.8077,7.57129068698474,9.321,9.0,915.88
2007-01-25,7.275,85.11,11.220000267028809,54.12,4.966300010681152,4.8731,7.575285630550919,9.283,9.0,912.78
2007-01-26,7.2613,85.23,11.130000114440918,55.29,4.966300010681152,4.8733,7.60758252071658,9.225,9.0,901.99
2007-01-29,7.3228,85.09,11.449999809265137,53.68,4.974699974060059,4.8897,7.64641909925082,9.258,9.0,894.71
2007-01-30,7.309,84.99,10.960000038146973,56.39,4.958000183105469,4.8693,7.62135927147687,9.276,9.0,899.42
2007-01-31,7.2165,84.6,10.420000076293945,57.4,4.916500091552734,4.808,7.5713142211943,9.304,9.0,901.48
2007-02-01,7.1643,84.64,10.3100004196167,56.72,4.958099842071533,4.8346,7.47978722574297,9.325,9.0,912.68
2007-02-02,7.1875,84.96,10.079999923706055,58.41,4.93310022354126,4.8204,7.462738083936089,9.329,9.0,919.62
2007-02-05,7.2233,85.08,10.550000190734863,58.1,4.916299819946289,4.8021,7.48183414711609,9.329,9.0,922.04
2007-02-06,7.166,84.77,10.649999618530273,58.42,4.891200065612793,4.7655,7.445708441860339,9.329,9.0,928.65
2007-02-07,7.1685,84.71,10.319999694824219,57.23,4.866000175476074,4.7432,7.45020898432744,9.329,9.0,928.6
2007-02-08,7.1425,84.69,10.4399995803833,59.03,4.874300003051758,4.7319,7.42465096120127,9.321,9.0,924.93
2007-02-09,7.189,84.88,11.100000381469727,59.01,4.8993000984191895,4.7797,7.434108994642349,9.35,9.0,924.16
2007-02-12,7.2975,85.12,11.609999656677246,56.6,4.924600124359131,4.8037,7.52530188171458,9.363,9.0,911.84
2007-02-13,7.2445,84.69,10.34000015258789,57.03,4.933000087738037,4.8078,7.49663028874689,9.367,9.0,915.24
2007-02-14,7.195,84.18,10.229999542236328,57.43,4.865300178527832,4.7359,7.48522589901997,9.373,9.0,928.43
2007-02-15,7.19,84.05,10.220000267028809,57.6,4.831399917602539,4.7061,7.4308409760391605,9.325,9.0,935.21
2007-02-16,7.158,84.06,10.020000457763672,58.95,4.822400093078613,4.6882,7.43977028617324,9.025,9.0,937.11
2007-02-19,7.114,84.02,10.020000457763672,58.14,4.822199821472168,4.6882,7.38180861817027,9.033,9.0,939.21
2007-02-20,7.1275,84.18,10.239999771118164,57.98,4.813600063323975,4.6743,7.33006225104836,9.033,9.0,936.43
2007-02-21,7.075,84.22,10.199999809265137,59.35,4.839200019836426,4.6902,7.3270379290570204,9.033,9.0,937.59
2007-02-22,7.071,84.34,10.180000305175781,60.62,4.857800006866455,4.7279,7.26104743964809,9.033,9.0,943.88
2007-02-23,7.0635,84.05,10.579999923706055,60.88,4.799699783325195,4.6703,7.281605700111619,9.075,9.0,940.24
2007-02-26,7.081,83.93,11.149999618530273,61.33,4.758299827575684,4.6248,7.35865920925225,9.075,9.0,940.41
2007-02-27,7.2845,83.46,18.309999465942383,61.36,4.584700107574463,4.5109,7.39480541911479,9.079,9.0,911.53
2007-02-28,7.2325,83.57,15.420000076293945,61.89,4.642300128936768,4.5657,7.408995095662781,9.075,9.0,895.54
2007-03-01,7.276,83.77,15.819999694824219,62.11,4.60890007019043,4.5499,7.4577753893377,9.079,9.0,882.15
2007-03-02,7.4163,83.74,18.610000610351562,62.08,4.525199890136719,4.497,7.476442481516419,9.075,9.0,877.6
2007-03-05,7.497,84.17,19.6299991607666,60.54,4.516499996185303,4.495,7.533266764726131,9.083,9.0,844.18
2007-03-06,7.3826,84.04,15.960000038146973,61.39,4.5742998123168945,4.5282,7.48597383775758,9.083,9.0,864.71
2007-03-07,7.4368,83.78,15.239999771118164,62.5,4.524099826812744,4.4871,7.461530185596319,9.083,9.0,866.25
2007-03-08,7.3544,84.13,14.289999961853027,62.33,4.55709981918335,4.5125,7.4264536862693395,9.088,9.0,882.69
2007-03-09,7.3523,84.25,14.09000015258789,61.13,4.66510009765625,4.5871,7.45327904541791,9.088,9.0,889.33
2007-03-12,7.3525,83.88,13.989999771118164,60.74,4.63129997253418,4.5516,7.4404584537940295,9.088,9.0,895.37
2007-03-13,7.5035,83.71,18.1299991607666,60.9,4.505099773406982,4.4907,7.424581657545811,9.117,9.0,888.88
2007-03-14,7.4275,83.64,17.270000457763672,61.06,4.555099964141846,4.5338,7.489525662609429,9.113,9.0,872.26
2007-03-15,7.411,83.65,16.43000030517578,60.98,4.579999923706055,4.5358,7.46079733737889,9.117,9.0,883.82
2007-03-16,7.4863,83.19,16.790000915527344,60.3,4.587600231170654,4.5435,7.44518692419953,9.117,9.0,882.88
2007-03-19,7.445,83.35,14.59000015258789,60.52,4.621200084686279,4.5632,7.44657505672208,9.117,9.0,893.74
2007-03-20,7.39,83.07,13.270000457763672,60.2,4.604000091552734,4.5494,7.44789324301289,9.129,9.0,898.41
2007-03-22,7.2048,83.09,12.930000305175781,62.51,4.578000068664551,4.5829,7.43794412717863,9.133,9.0,921.66
2007-03-23,7.2075,83.28,12.949999809265137,63.18,4.602799892425537,4.6105,7.49344450615077,9.133,9.0,923.44
2007-03-26,7.2231,83.08,13.15999984741211,64.41,4.576900005340576,4.6006,7.53748374799532,9.125,9.0,925.35
2007-03-27,7.2743,83.01,13.479999542236328,64.6,4.559500217437744,4.5966,7.60769484365627,9.171,9.0,922.04
2007-03-28,7.3354,83.03,14.979999542236328,65.78,4.567699909210205,4.6204,7.610607598296159,9.175,9.0,913.77
2007-03-29,7.2578,83.09,15.140000343322754,67.88,4.582699775695801,4.6423,7.594950849906749,9.175,9.0,924.67
2007-03-30,7.2638,82.93,14.640000343322754,68.1,4.574399948120117,4.6443,7.64760447783452,9.179,9.0,929.03
2007-04-02,7.2493,82.87,14.529999732971191,68.74,4.582799911499023,4.6403,7.61211296682348,9.179,9.0,928.13
2007-04-03,7.177,83.15,13.460000038146973,67.81,4.616099834442139,4.6642,7.54306274064563,9.179,9.0,937.11
2007-04-04,7.1479,82.96,13.239999771118164,68.4,4.59119987487793,4.6482,7.548184630390519,9.179,9.0,947.44
2007-04-05,7.1275,82.677,13.229999542236328,68.24,4.624899864196777,4.6782,7.535538044200001,9.179,9.0,950.29
2007-04-10,7.145,82.704,12.680000305175781,67.42,4.692299842834473,4.7184,7.550761500957,9.192,9.0,960.33
2007-04-11,7.147,82.671,13.489999771118164,67.84,4.717800140380859,4.7304,7.50600306200986,9.204,9.0,963.62
2007-04-12,7.1618,82.369,12.710000038146973,68.72,4.726500034332275,4.7345,7.51572824292668,9.208,9.0,963.34
2007-04-13,7.1814,82.129,12.199999809265137,68.97,4.761099815368652,4.7608,7.54747242041721,9.142,9.0,968.99
2007-04-16,7.107,82.073,11.979999542236328,67.25,4.735899925231934,4.7346,7.51245027305313,9.142,9.0,980.67
2007-04-17,7.0208,81.831,12.140000343322754,65.93,4.6682000160217285,4.6803,7.517795934940221,9.15,9.0,978.44
2007-04-18,7.0214,81.743,12.420000076293945,66.04,4.634399890899658,4.6502,7.523013342545661,9.175,9.0,975.68
2007-04-19,7.0588,81.644,12.539999961853027,65.94,4.634500026702881,4.6642,7.51869307160275,9.171,9.0,964.33
2007-04-20,7.0513,81.643,12.069999694824219,66.49,4.643400192260742,4.6703,7.4828177380570295,9.171,9.0,979.57
2007-04-23,7.0923,81.738,13.039999961853027,68.15,4.6178998947143555,4.6402,7.50938989259204,9.171,9.0,980.86
2007-04-24,7.0205,81.546,13.119999885559082,67.16,4.592400074005127,4.6202,7.52819212948895,9.175,9.0,980.16
2007-04-25,6.9545,81.428,13.210000038146973,68.57,4.626699924468994,4.6502,7.460067452619771,9.196,9.0,982.72
2007-04-26,7.0288,81.75,12.789999961853027,67.65,4.665500164031982,4.6964,7.46460567609256,9.208,9.0,983.51
2007-04-30,7.08,81.447,14.220000267028809,67.65,4.591000080108643,4.6222,7.4760458957839,9.208,9.0,969.93
2007-05-02,7.0146,81.767,13.079999923706055,66.25,4.640900135040283,4.6422,7.484469835936911,9.208,9.0,975.12
2007-05-03,6.9559,81.949,13.09000015258789,66.05,4.690999984741211,4.6723,7.426736621471471,9.208,9.0,986.5
2007-05-04,6.928,81.741,12.90999984741211,65.31,4.666500091552734,4.6382,7.38750974971834,9.208,9.0,995.29
2007-05-07,6.8885,81.676,13.149999618530273,64.44,4.666600227355957,4.6262,7.375196722842101,9.208,9.0,999.54
2007-05-08,6.9009,81.939,13.210000038146973,65.54,4.666800022125244,4.6342,7.399439171313831,9.213,9.0,993.15
2007-05-09,6.9065,82.016,12.880000114440918,65.2,4.725800037384033,4.6618,7.3496371743744,9.213,9.0,998.77
2007-05-10,7.0363,82.292,13.600000381469727,65.79,4.67549991607666,4.6379,7.4063595486709,9.213,9.0,993.9
2007-05-11,6.939,82.116,12.949999809265137,66.83,4.701300144195557,4.6717,7.38646459292568,9.213,9.0,990.84
2007-05-14,6.9469,82.066,13.960000038146973,66.83,4.726900100708008,4.6936,7.37000642702639,9.213,9.0,998.01
2007-05-15,6.911,81.755,14.010000228881836,68.11,4.727200031280518,4.7016,7.39402045991967,9.213,9.0,992.52
2007-05-16,6.9663,82.163,13.5,68.01,4.727399826049805,4.7096,7.4020974250621405,9.213,9.0,1003.9
2007-05-17,7.0327,82.318,13.510000228881836,70.27,4.77869987487793,4.7517,7.42955547817723,9.208,9.0,1003.16
2007-05-18,7.0138,82.197,12.760000228881836,69.42,4.813799858093262,4.8001,7.43452956391942,9.208,9.0,1005.71
2007-05-21,7.005,82.364,13.300000190734863,70.49,4.796999931335449,4.782,7.46716600920247,9.233,9.0,1014.06
2007-05-22,7.0768,82.386,13.0600004196167,69.52,4.831600189208984,4.8245,7.442513721062941,9.258,9.0,1017.43
2007-05-23,7.078,82.31,13.239999771118164,70.6,4.831999778747559,4.8468,7.49356286073985,9.275,9.0,1015.96
2007-05-24,7.146,82.406,14.079999923706055,70.72,4.832399845123291,4.8387,7.55080480999806,9.275,9.0,1003.4
2007-05-25,7.082,82.331,13.34000015258789,70.69,4.85129976272583,4.8572,7.57083748211296,9.279,9.0,1004.87
2007-05-28,7.098,82.332,13.34000015258789,69.71,4.8516998291015625,4.8573,7.575108065471619,9.279,9.0,1008.01
2007-05-29,7.1413,82.31,13.529999732971191,68.13,4.895500183105469,4.8818,7.5641617814646205,9.279,9.0,1006.1
2007-05-30,7.1325,82.433,12.829999923706055,67.84,4.875,4.8675,7.65470205731522,9.279,9.0,999.32
2007-05-31,7.1175,82.301,13.050000190734863,68.04,4.908100128173828,4.8879,7.76302053438164,9.354,9.0,1014.78
2007-06-01,7.09,82.322,12.779999732971191,69.07,4.9664998054504395,4.9516,7.82098900456953,9.421,9.0,1031.52
2007-06-04,7.1275,82.058,13.289999961853027,70.4,4.958099842071533,4.9271,7.82019153313587,9.421,9.0,1034.45
2007-06-05,7.1703,81.89,13.630000114440918,70.45,5.000100135803223,4.9908,7.79215364279225,9.421,9.0,1035.55
2007-06-06,7.206,81.897,14.869999885559082,71.02,4.94980001449585,4.9641,7.792223013717719,9.425,9.0,1024.03
2007-06-07,7.2819,82.294,17.059999465942383,71.22,5.0254998207092285,5.13,7.8305470422667804,9.424,9.0,1019.64
2007-06-08,7.215,82.691,14.84000015258789,68.6,4.98360013961792,5.0991,7.8595872341971,9.571,9.5,1006.86
2007-06-11,7.2385,82.712,14.710000038146973,69.56,5.008999824523926,5.1514,7.946315592289641,9.579,9.5,1014.24
2007-06-12,7.285,82.891,16.670000076293945,68.79,5.093800067901611,5.2928,7.879845393908271,9.646,9.5,1014.13
2007-06-13,7.2223,83.035,14.729999542236328,69.94,5.077099800109863,5.1979,7.8832355529802305,9.671,9.5,1015.26
2007-06-14,7.1882,83.128,13.640000343322754,70.96,5.0858001708984375,5.2212,7.87695601464676,9.675,9.5,1036.43
2007-06-15,7.1445,82.851,13.9399995803833,71.47,5.018199920654297,5.1627,7.891516200806,9.675,9.5,1049.36
2007-06-18,7.0882,82.715,13.420000076293945,72.18,4.992700099945068,5.1335,7.87709657610062,9.675,9.5,1061.79
2007-06-19,7.0742,82.544,12.850000381469727,71.84,4.93310022354126,5.0814,7.89155541599308,9.675,9.5,1061.79
2007-06-20,7.15,82.518,14.670000076293945,70.42,4.967299938201904,5.1316,7.95349919904067,9.688,9.5,1064.28
2007-06-21,7.1522,82.731,14.210000038146973,70.22,4.967299938201904,5.1863,8.02129535810851,9.717,9.5,1066.99
2007-06-22,7.157,82.336,15.75,71.18,4.907400131225586,5.13,8.030793184965509,9.725,9.5,1064.22
2007-06-25,7.175,82.325,16.649999618530273,71.36,4.864500045776367,5.08,8.04089582004883,9.725,9.5,1057.32
2007-06-26,7.196,82.295,18.889999389648438,70.17,4.8643999099731445,5.078,8.107958641681961,9.725,9.5,1051.1
2007-06-27,7.1278,82.316,15.529999732971191,70.53,4.891499996185303,5.0802,8.190157904152159,9.729,9.5,1045.0
2007-06-28,7.0798,82.333,15.539999961853027,70.52,4.941400051116943,5.1033,8.24111468293247,9.758,9.5,1056.39
2007-06-29,7.043,81.92,16.229999542236328,71.41,4.8582000732421875,5.0244,8.22233140500159,9.775,9.5,1059.69
2007-07-02,6.9512,81.395,15.399999618530273,72.63,4.8414998054504395,4.9892,8.07663661723015,9.792,9.5,1072.89
2007-07-03,6.9938,81.486,14.920000076293945,72.93,4.874599933624268,5.0372,8.0865989074471,9.808,9.5,1088.94
2007-07-04,6.966,81.433,14.920000076293945,73.05,4.874499797821045,5.0373,8.0818286827484,9.817,9.5,1095.53
2007-07-05,7.0115,81.538,15.479999542236328,74.75,4.966700077056885,5.1402,8.11630767714685,9.813,9.5,1097.32
2007-07-06,6.9869,81.465,14.720000267028809,75.62,4.983500003814697,5.1824,8.13623730394234,9.817,9.5,1105.99
2007-07-09,6.967,81.433,15.15999984741211,75.78,4.949900150299072,5.1382,8.10313845747906,9.846,9.5,1119.3
2007-07-10,7.0213,80.86,17.56999969482422,76.4,4.832099914550781,5.0212,8.0837528933665,9.846,9.5,1116.29
2007-07-11,7.02,80.73,16.639999389648438,75.44,4.890900135040283,5.086,8.13236660124261,9.846,9.5,1113.77
2007-07-12,6.9645,80.635,15.539999961853027,76.4,4.933000087738037,5.1239,8.15172267456487,9.85,9.5,1130.16
2007-07-13,6.9578,80.576,15.149999618530273,77.57,4.916100025177002,5.0928,8.13674635027947,9.867,9.5,1146.12
2007-07-16,6.9725,80.522,15.59000015258789,77.33,4.865200042724609,5.0385,8.131232628740289,9.867,9.5,1140.3
2007-07-17,6.9465,80.54,15.630000114440918,75.53,4.873600006103516,5.0491,8.16007492660192,9.867,9.5,1140.11
2007-07-18,6.942,80.424,16.0,76.76,4.8480000495910645,5.0283,8.208942396021909,9.867,9.5,1132.2
2007-07-19,6.8688,80.419,15.229999542236328,77.67,4.839399814605713,5.0159,8.18495389983295,9.867,9.5,1144.11
2007-07-20,6.8938,80.288,16.950000762939453,77.64,4.76230001449585,4.9497,8.2144125350937,9.867,9.5,1151.04
2007-07-23,6.821,80.354,16.809999465942383,76.86,4.779200077056885,4.9477,8.20447974400435,9.867,9.5,1163.13
2007-07-24,6.8676,80.077,18.549999237060547,75.08,4.736199855804443,4.9085,8.15663476800558,9.867,9.5,1156.68
2007-07-25,6.885,80.652,18.100000381469727,76.32,4.727399826049805,4.8983,8.17579882634189,9.867,9.5,1147.59
2007-07-26,7.0878,80.453,20.739999771118164,75.18,4.558899879455566,4.7854,8.262035195250329,9.867,9.5,1121.38
2007-07-27,7.11,80.946,24.170000076293945,76.26,4.4928998947143555,4.757,8.3101409173998,9.875,9.5,1085.33
2007-07-30,7.1055,80.849,20.8700008392334,75.74,4.583700180053711,4.802,8.31002471943027,9.875,9.5,1094.58
2007-07-31,7.1388,80.77,23.520000457763672,77.05,4.517399787902832,4.7388,8.31008129303737,9.913,9.5,1112.77
2007-08-01,7.1015,80.872,23.670000076293945,75.35,4.599999904632568,4.7919,8.35975761916482,9.925,9.5,1074.65
2007-08-02,7.0918,80.713,21.219999313354492,75.76,4.574999809265137,4.7654,8.32659378951289,9.925,9.5,1080.9
2007-08-03,7.128,80.177,25.15999984741211,74.75,4.4166998863220215,4.6842,8.36942767689416,9.925,9.5,1080.33
2007-08-06,7.02,80.255,22.940000534057617,71.17,4.507800102233887,4.7371,8.388294336761358,9.925,9.5,1058.72
2007-08-07,7.0505,80.479,21.559999465942383,71.8,4.557600021362305,4.7677,8.33549549375279,9.925,9.5,1063.42
2007-08-08,7.021,80.343,21.450000762939453,70.99,4.657800197601318,4.8767,8.19559664644079,9.963,9.5,1093.45
2007-08-10,7.1755,80.679,28.299999237060547,70.39,4.456200122833252,4.8076,8.288224356622969,9.975,9.5,1043.57
2007-08-13,7.1943,81.048,26.56999969482422,70.23,4.414000034332275,4.7599,8.23541722590654,9.975,9.5,1054.14
2007-08-14,7.3115,81.489,27.68000030517578,70.51,4.363399982452393,4.7243,8.239755736404911,9.975,9.5,1038.97
2007-08-15,7.425,81.822,30.670000076293945,71.64,4.287499904632568,4.7243,8.216033918435011,9.983,9.5,1014.01
2007-08-16,7.475,81.729,30.829999923706055,69.42,4.211599826812744,4.6572,8.216225238996099,9.983,9.5,956.86
2007-08-17,7.3368,81.426,29.989999771118164,70.44,4.184599876403809,4.6847,8.184709345405249,10.117,10.0,957.96
2007-08-20,7.415,81.4,26.329999923706055,69.85,4.083099842071533,4.6257,8.13461080699734,10.117,10.0,993.69
2007-08-21,7.373,81.492,25.25,68.69,4.023600101470947,4.5904,8.15895021976868,10.117,10.0,991.87
2007-08-22,7.234,81.249,22.889999389648438,68.7,4.182600021362305,4.6452,8.15418511384248,10.117,10.0,1017.42
2007-08-23,7.2423,81.145,22.6200008392334,69.86,4.249599933624268,4.6452,8.13470154493607,10.129,10.0,1035.28
2007-08-24,7.168,80.667,20.719999313354492,70.62,4.29040002822876,4.6156,8.10539341240867,10.125,10.0,1039.79
2007-08-27,7.2402,80.739,22.719999313354492,70.95,4.204899787902832,4.5627,8.06996591572266,10.117,10.0,1059.35
2007-08-28,7.3173,80.756,26.299999237060547,70.55,4.068399906158447,4.5062,8.09889133384951,10.117,10.0,1050.4
2007-08-29,7.1552,80.7,23.809999465942383,72.13,4.161099910736084,4.5587,8.133406731751,10.117,10.0,1047.94
2007-08-30,7.1715,80.794,25.059999465942383,71.9,4.090400218963623,4.5061,8.21005677706852,10.125,10.0,1061.67
2007-08-31,7.1475,80.791,23.3799991607666,72.69,4.131999969482422,4.5292,8.29805735928069,10.163,10.0,1086.98
2007-09-03,7.1901,80.814,23.3799991607666,73.41,4.1321001052856445,4.5291,8.34323332625139,10.163,10.0,1091.95
2007-09-04,7.2078,80.88,22.780000686645508,73.92,4.123899936676025,4.5466,8.3471046413871,10.163,10.0,1090.91
2007-09-05,7.2463,80.622,24.579999923706055,74.34,4.007900238037109,4.4669,8.35321234446752,10.163,10.0,1085.15
2007-09-06,7.1938,80.472,23.989999771118164,74.77,4.082499980926514,4.5076,8.3526452743829,10.163,10.0,1093.9
2007-09-07,7.256,79.959,26.229999542236328,75.07,3.8998000621795654,4.3816,8.39502944044985,10.171,10.0,1088.49
2007-09-10,7.2135,79.816,27.3799991607666,75.48,3.8498001098632812,4.322,8.39816344022682,10.171,10.0,1075.4
2007-09-11,7.1788,79.704,25.270000457763672,76.38,3.940999984741211,4.3679,8.4171958969418,10.171,10.0,1087.93
2007-09-12,7.1385,79.365,24.959999084472656,77.68,3.9576001167297363,4.4102,8.40318750966019,10.167,10.0,1089.75
2007-09-13,7.1708,79.513,24.760000228881836,77.4,4.0243000984191895,4.4643,8.34888946771115,10.167,10.0,1101.36
2007-09-14,7.1488,79.617,24.920000076293945,76.22,4.032700061798096,4.4544,8.290652000996609,10.158,10.0,1107.74
2007-09-17,7.2221,79.72,26.479999542236328,76.98,4.066299915313721,4.466,8.27450083452132,10.179,10.0,1098.63
2007-09-18,7.1055,79.209,20.350000381469727,77.59,3.97379994392395,4.4717,8.26957626496729,10.179,10.0,1108.01
2007-09-19,7.0925,79.3,20.030000686645508,78.47,3.990499973297119,4.5458,8.17892885990521,10.183,10.0,1145.65
2007-09-20,7.056,78.582,20.450000762939453,79.09,4.108799934387207,4.6957,8.18329785527588,10.196,10.0,1153.67
2007-09-21,7.0003,78.597,19.0,79.3,4.032700061798096,4.6203,8.16915921226891,10.2,10.0,1161.14
2007-09-25,6.9908,78.313,18.600000381469727,77.62,3.9902000427246094,4.6242,8.176080206874051,10.205,10.0,1170.09
2007-09-26,6.946,78.493,17.6299991607666,77.43,3.981600046157837,4.6202,8.15223482625408,10.205,10.0,1181.42
2007-09-27,6.8875,78.338,17.0,80.03,3.942500114440918,4.5631,8.008470791805811,10.209,10.0,1202.89
2007-09-28,6.8698,77.719,18.0,79.17,3.9835000038146973,4.5865,8.01295704138392,10.213,10.0,1204.9
2007-10-01,6.8372,77.904,17.84000015258789,77.64,3.9999001026153564,4.5452,8.01668336185506,10.296,10.0,1218.05
2007-10-02,6.9263,78.303,18.489999771118164,77.38,3.966900110244751,4.5216,8.03622136716135,10.317,10.0,1244.23
2007-10-03,6.9371,78.573,18.799999237060547,77.19,4.016300201416016,4.5588,7.9941456156963895,10.329,10.0,1233.37
2007-10-04,6.9118,78.481,18.440000534057617,78.97,3.974900007247925,4.5097,7.99438980130491,10.329,10.0,1226.06
2007-10-05,6.8073,78.308,16.90999984741211,78.9,4.0742998123168945,4.6356,7.95036699924009,10.317,10.0,1246.04
2007-10-08,6.855,78.672,17.459999084472656,76.58,4.074399948120117,4.6356,7.944615153215601,10.317,10.0,1250.18
2007-10-09,6.8365,78.526,16.1200008392334,77.49,4.1244001388549805,4.6475,7.949529785333,10.304,10.0,1260.52
2007-10-10,6.875,78.375,16.670000076293945,78.6,4.141200065612793,4.6495,7.94115551694268,10.317,10.0,1271.44
2007-10-11,6.7395,78.078,18.8799991607666,80.15,4.116199970245361,4.6355,7.92698319788891,10.317,10.0,1289.46
2007-10-12,6.7695,78.224,17.729999542236328,80.55,4.225800037384033,4.6812,7.90352310560456,10.583,10.5,1276.5
2007-10-15,6.8458,78.088,19.25,82.75,4.217599868774414,4.6772,7.83953616629857,10.621,10.5,1290.46
2007-10-16,6.8678,78.251,20.020000457763672,84.16,4.125199794769287,4.6473,7.9077640100702205,10.617,10.5,1274.63
2007-10-17,6.8379,78.12,18.540000915527344,83.13,3.973900079727173,4.5522,7.92000976158989,10.617,10.5,1279.87
2007-10-18,6.8063,77.59,18.5,84.6,3.9065001010894775,4.4893,8.03166452925882,10.617,10.5,1279.07
2007-10-19,6.81,77.407,22.959999084472656,83.79,3.7797999382019043,4.3915,8.02674388678912,10.625,10.5,1263.26
2007-10-22,6.8463,78.06,21.639999389648438,83.27,3.8552000522613525,4.4108,8.06951295656486,10.663,10.5,1234.29
2007-10-23,6.693,77.589,20.40999984741211,82.85,3.8127999305725098,4.403,8.06429944272349,10.654,10.5,1268.7
2007-10-24,6.6575,77.546,20.799999237060547,84.37,3.736599922180176,4.3388,8.10017129828671,10.638,10.5,1265.33
2007-10-25,6.5451,77.278,21.170000076293945,87.48,3.7641000747680664,4.3775,7.98976898519264,10.654,10.5,1284.0
2007-10-26,6.499,77.027,19.559999465942383,88.69,3.7723000049591064,4.4006,7.878431604585109,10.713,10.5,1311.52
2007-10-29,6.54,76.837,19.8700008392334,90.32,3.7969000339508057,4.3811,7.854583727447401,10.704,10.5,1338.49
2007-10-30,6.5786,76.773,21.06999969482422,87.44,3.8050999641418457,4.379,7.88354614670758,10.717,10.5,1331.97
2007-10-31,6.4986,76.479,18.530000686645508,90.63,3.945199966430664,4.4708,7.81368895885329,10.713,10.5,1337.45
2007-11-01,6.5976,76.594,23.209999084472656,89.72,3.756200075149536,4.3458,7.92540179481564,10.713,10.5,1327.89
2007-11-02,6.56,76.337,23.010000228881836,92.08,3.674099922180176,4.3165,7.91658329677075,10.713,10.5,1310.15
2007-11-05,6.5901,76.425,24.309999465942383,90.49,3.6742000579833984,4.3338,7.9553867650386705,10.713,10.5,1286.14
2007-11-06,6.5093,76.04,21.389999389648438,93.26,3.707200050354004,4.3726,7.89812128227607,10.717,10.5,1304.67
2007-11-07,6.523,75.412,26.489999771118164,93.24,3.5422000885009766,4.3084,7.9394925991976395,10.775,10.5,1303.26
2007-11-08,6.5183,75.456,26.15999984741211,92.79,3.4677999019622803,4.2829,7.95953380488506,10.779,10.5,1282.06
2007-11-09,6.6238,75.4,28.5,93.18,3.4254000186920166,4.2133,8.008119816743681,10.779,10.5,1278.03
2007-11-12,6.843,75.902,31.09000015258789,91.98,3.425100088119507,4.2133,8.03134321495094,10.821,10.5,1232.0
2007-11-13,6.679,75.881,24.100000381469727,88.83,3.5411999225616455,4.2635,7.97836158395214,10.829,10.5,1240.25
2007-11-14,6.5855,75.814,25.940000534057617,91.36,3.499500036239624,4.25,7.976307382152539,10.821,10.5,1279.9
2007-11-15,6.7295,76.069,28.059999465942383,90.94,3.316699981689453,4.1403,7.994596532734979,10.829,10.5,1264.66
2007-11-16,6.715,75.827,25.489999771118164,91.62,3.3403000831604004,4.167,7.97604206027103,10.871,10.5,1245.8
2007-11-19,6.7835,75.78,26.010000228881836,92.28,3.1486001014709473,4.0714,8.02428515259777,10.917,10.5,1227.05
2007-11-20,6.688,75.205,24.8799991607666,95.49,3.1977999210357666,4.0961,8.06699632594515,10.925,10.5,1228.45
2007-11-21,6.825,75.073,26.84000015258789,94.84,2.9969000816345215,4.0067,8.100741095175911,10.967,10.5,1188.45
2007-11-22,6.7873,75.051,26.84000015258789,94.5,2.9941999912261963,4.0065,8.1439923639151,10.975,10.5,1185.38
2007-11-23,6.8375,75.053,25.610000610351562,95.76,3.0776000022888184,3.9989,8.15923110716711,10.975,10.5,1186.06
2007-11-26,6.9875,74.859,28.90999984741211,95.32,2.884999990463257,3.8391,8.16881211341901,11.05,10.5,1200.94
2007-11-27,6.9983,75.096,26.280000686645508,92.52,3.067699909210205,3.9477,8.23551233058936,11.067,10.5,1187.93
2007-11-28,6.8623,75.076,24.110000610351562,89.81,3.1760001182556152,4.0347,8.1787067960123,11.067,10.5,1203.67
2007-11-29,6.81,75.588,23.969999313354492,90.22,3.0439000129699707,3.9344,8.24039230213911,11.079,10.5,1226.75
2007-11-30,6.8038,76.147,22.8700008392334,88.26,2.9946999549865723,3.9379,8.22200734414168,11.079,10.5,1242.06
2007-12-03,6.8075,75.935,23.610000610351562,89.8,2.848299980163574,3.8459,8.22274755890251,11.079,10.5,1243.17
2007-12-04,6.8218,75.694,23.790000915527344,89.53,2.8722000122070312,3.8926,8.18434198397311,11.079,10.5,1246.81
2007-12-05,6.7788,76.413,22.530000686645508,88.49,2.928800106048584,3.9547,8.10312436724602,11.125,10.5,1269.44
2007-12-06,6.7214,76.383,20.959999084472656,90.18,3.0264999866485596,4.0076,8.07961744588303,11.125,10.5,1280.52
2007-12-07,6.6975,76.288,20.850000381469727,88.64,3.0999999046325684,4.1048,8.09921185251461,11.183,11.0,1282.74
2007-12-10,6.6641,76.062,20.739999771118164,88.04,3.1658999919891357,4.1567,8.06028239882841,11.217,11.0,1276.9
2007-12-11,6.8183,76.222,23.59000015258789,89.99,2.9189000129699707,3.9694,8.05336137318813,11.225,11.0,1279.18
2007-12-12,6.7268,76.144,22.469999313354492,94.02,3.1328001022338867,4.0893,8.07022231628043,11.229,11.0,1272.12
2007-12-13,6.7395,76.562,22.559999465942383,92.12,3.2321999073028564,4.2011,8.08871662603307,11.225,11.0,1242.3
2007-12-14,6.8888,77.436,23.270000457763672,92.67,3.3076000213623047,4.234,8.12815936436983,11.229,11.0,1224.65
2007-12-18,6.9068,77.412,22.639999389648438,90.12,3.1910998821258545,4.1179,8.18218974778396,11.225,11.0,1189.49
2007-12-19,6.9458,77.587,21.68000030517578,91.48,3.099400043487549,4.0278,8.22284144469516,11.225,11.0,1197.03
2007-12-20,7.0629,77.794,20.579999923706055,90.88,3.0910000801086426,4.0507,8.30672763762329,11.229,11.0,1196.0
2007-12-21,7.0288,77.721,18.469999313354492,92.46,3.1914000511169434,4.1679,8.32485749637181,11.233,11.0,1215.99
2007-12-24,6.9833,77.572,18.600000381469727,92.7,3.2421000003814697,4.2125,8.32485749637181,11.233,11.0,1237.68
2007-12-27,6.8764,76.607,20.260000228881836,94.78,3.209399938583374,4.1969,8.32485749637181,11.233,11.0,1248.52
2007-12-28,6.812,76.218,20.739999771118164,93.88,3.1038999557495117,4.0732,8.26524170393821,11.233,11.0,1247.07
2007-12-31,6.8625,76.695,22.5,93.85,3.046600103378296,4.0232,8.18215922823391,11.25,11.0,1245.59
2008-01-01,6.8548,76.648,22.5,93.85,3.046299934387207,4.0231,8.18215922823391,11.25,11.0,1245.95
2008-01-02,6.825,75.972,23.170000076293945,97.84,2.875999927520752,3.9033,8.24501443433337,11.288,11.0,1235.23
2008-01-03,6.8538,75.889,22.489999771118164,97.6,2.810699939727783,3.8918,8.244434056192711,11.296,11.0,1227.51
2008-01-04,6.872,75.793,23.940000534057617,96.79,2.74399995803833,3.8651,8.239374405463119,11.308,11.0,1225.03
2008-01-07,6.9053,76.174,23.790000915527344,94.39,2.7432000637054443,3.8311,8.24663720098332,11.304,11.0,1207.47
2008-01-08,6.9175,76.111,25.43000030517578,95.54,2.677500009536743,3.7822,8.26042473494333,11.321,11.0,1220.31
2008-01-09,6.8635,76.419,24.1200008392334,94.37,2.717400074005127,3.8215,8.2522144137816,11.325,11.0,1227.0
2008-01-10,6.8268,75.934,23.450000762939453,92.22,2.692199945449829,3.8837,8.20450964506005,11.325,11.0,1221.29
2008-01-11,6.7588,75.978,23.68000030517578,91.07,2.551100015640259,3.7835,8.117320410498131,11.329,11.0,1213.7
2008-01-14,6.7363,75.613,22.899999618530273,92.92,2.5501999855041504,3.7647,8.036981397190699,11.358,11.0,1218.0
2008-01-15,6.8443,75.574,23.34000015258789,90.98,2.4756999015808105,3.6751,8.01344528337564,11.363,11.0,1196.16
2008-01-16,6.9518,76.258,24.3799991607666,89.75,2.4992001056671143,3.7345,8.02956165700459,11.367,11.0,1147.47
2008-01-17,7.1063,76.174,28.459999084472656,88.75,2.400099992752075,3.6211,8.0536525460587,11.367,11.0,1140.76
2008-01-18,7.0505,76.383,27.18000030517578,89.23,2.346100091934204,3.6297,8.106577454475369,11.367,11.0,1136.25
2008-01-21,7.2223,76.866,27.18000030517578,87.51,2.3447999954223633,3.6296,8.22989592530037,11.367,11.0,1069.83
2008-01-22,7.0913,76.346,31.010000228881836,88.45,1.993399977684021,3.4332,8.20001482975014,11.367,11.0,1041.06
2008-01-23,7.0531,76.401,29.020000457763672,86.62,2.1468000411987305,3.598,8.18424152645662,11.358,11.0,1055.18
2008-01-24,6.9855,75.692,27.780000686645508,89.07,2.3094000816345215,3.7018,8.07290028977294,11.317,11.0,1083.34
2008-01-25,7.15,75.973,29.079999923706055,90.9,2.18179988861084,3.5494,8.19961004279124,11.3,11.0,1111.14
2008-01-28,7.198,75.579,27.780000686645508,91.38,2.188499927520752,3.5806,8.27867280070536,11.292,11.0,1087.71
2008-01-29,7.2078,75.545,27.31999969482422,92.0,2.2857000827789307,3.6769,8.2219487817686,11.292,11.0,1102.82
2008-01-30,7.3638,75.032,27.6200008392334,92.53,2.16510009765625,3.6656,8.32571604023075,11.296,11.0,1091.35
2008-01-31,7.482,75.178,26.200000762939453,92.21,2.092900037765503,3.5931,8.43032457425399,11.292,11.0,1088.72
2008-02-01,7.36,75.445,24.020000457763672,89.44,2.06850004196167,3.5926,8.38234210708336,11.175,11.0,1120.0
2008-02-04,7.4693,75.37,25.989999771118164,90.47,2.0604000091552734,3.6444,8.371367515391789,11.175,11.0,1142.47
2008-02-05,7.6963,76.116,28.239999771118164,88.82,1.9151999950408936,3.5701,8.44941069006809,11.15,11.0,1127.76
2008-02-06,7.6936,76.141,28.969999313354492,87.78,1.9229999780654907,3.5885,8.55114129351549,11.142,11.0,1104.86
2008-02-07,7.6793,76.938,27.65999984741211,88.51,2.0439000129699707,3.7569,8.57257743287027,11.142,11.0,1095.5
2008-02-08,7.7883,76.67,28.010000228881836,91.94,1.9218000173568726,3.6428,8.52323149843906,11.125,11.0,1095.37
2008-02-11,7.765,76.584,27.600000381469727,93.53,1.9053000211715698,3.6144,8.53135623291989,11.142,11.0,1084.16
2008-02-12,7.7303,76.315,26.329999923706055,92.86,1.913100004196167,3.6579,8.48533621865265,11.158,11.0,1101.26
2008-02-13,7.7388,76.399,24.8799991607666,93.32,1.9127999544143677,3.7282,8.50607525002568,11.158,11.0,1111.51
2008-02-14,7.701,76.155,25.540000915527344,95.09,1.888100028038025,3.8163,8.45845279064179,11.158,11.0,1135.79
2008-02-15,7.6725,76.101,25.020000457763672,94.63,1.9112999439239502,3.7686,8.496259689158089,11.167,11.0,1133.82
2008-02-18,7.6149,76.257,25.020000457763672,94.91,1.9110000133514404,3.7686,8.48416928539289,11.175,11.0,1141.69
2008-02-19,7.678,75.998,25.59000015258789,98.56,2.0671000480651855,3.8959,8.52466255389198,11.179,11.0,1153.72
2008-02-20,7.8225,76.116,24.399999618530273,98.42,2.1247000694274902,3.8902,8.596574748579219,11.225,11.0,1139.53
2008-02-21,7.8095,75.601,25.1200008392334,96.24,1.968000054359436,3.7706,8.55829604750626,11.225,11.0,1154.56
2008-02-22,7.73,75.52,24.059999465942383,97.01,2.016900062561035,3.8016,8.54580197478164,11.225,11.0,1150.3
2008-02-25,7.667,75.529,23.030000686645508,97.69,2.1080000400543213,3.8964,8.57757174648384,11.225,11.0,1161.46
2008-02-26,7.55,74.763,21.899999618530273,99.47,2.0,3.8596,8.5918660908061,11.225,11.0,1172.3
2008-02-27,7.44,74.213,22.690000534057617,98.27,1.9915000200271606,3.8481,8.64176060854048,11.225,11.0,1190.89
2008-02-28,7.56,73.721,23.530000686645508,100.9,1.8162000179290771,3.6697,8.6665646576316,11.275,11.0,1192.04
2008-02-29,7.83,73.714,26.540000915527344,100.1,1.6158000230789185,3.5092,8.7612114806647,11.321,11.0,1167.66
2008-03-03,7.7693,73.704,26.280000686645508,100.48,1.6312999725341797,3.5468,8.87066159194562,11.325,11.0,1144.87
2008-03-04,7.885,73.664,25.520000457763672,97.52,1.6547000408172607,3.6242,8.87854997766246,11.325,11.0,1136.19
2008-03-05,7.8125,73.479,24.600000381469727,101.64,1.6222000122070312,3.668,8.895793522466471,11.325,11.0,1142.17
2008-03-06,8.0788,73.001,27.549999237060547,102.61,1.5017999410629272,3.5826,8.952223067384999,11.325,11.0,1144.28
2008-03-07,8.0248,73.027,27.489999771118164,102.38,1.5157999992370605,3.5317,9.07030710361435,11.325,11.0,1117.5
2008-03-10,8.0245,72.993,29.3799991607666,104.16,1.4830000400543213,3.4549,8.99752312423117,11.325,11.0,1093.94
2008-03-11,7.8176,73.277,26.360000610351562,105.25,1.7402000427246094,3.5921,8.935890775480269,11.325,11.0,1118.4
2008-03-12,7.8725,72.404,27.219999313354492,106.27,1.6186000108718872,3.4604,8.95776115917754,11.325,11.0,1131.16
2008-03-13,7.903,72.072,27.290000915527344,107.54,1.626099944114685,3.5261,9.01628198687699,11.325,11.0,1099.82
2008-03-14,7.9338,71.657,31.15999984741211,107.55,1.478700041770935,3.4679,8.99957454059248,11.325,11.0,1092.54
2008-03-17,8.1175,71.459,32.2400016784668,101.75,1.340499997138977,3.3061,9.07707852033625,11.325,11.0,1044.63
2008-03-18,7.9325,71.571,25.790000915527344,105.56,1.5990999937057495,3.4828,8.99271886653587,11.358,11.0,1065.17
2008-03-19,8.0863,72.144,29.84000015258789,100.72,1.4602999687194824,3.3282,8.96342782883848,11.358,11.0,1065.94
2008-03-20,8.157,72.747,26.6200008392334,100.38,1.5963000059127808,3.3336,8.99265273515792,11.375,11.0,1045.94
2008-03-25,8.05,72.276,25.719999313354492,100.6,1.7681000232696533,3.5053,8.96047765258843,11.375,11.0,1104.35
2008-03-26,8.0568,71.506,26.079999923706055,103.99,1.6193000078201294,3.4602,8.96676270524673,11.375,11.0,1107.6
2008-03-27,8.0075,71.66,25.8799991607666,105.0,1.6862000226974487,3.528,8.987625509026751,11.375,11.0,1106.66
2008-03-28,8.1433,71.678,25.709999084472656,103.77,1.646299958229065,3.4414,8.9812243593394,11.375,11.0,1112.76
2008-03-31,8.0905,71.802,25.610000610351562,100.3,1.5823999643325806,3.4096,8.99433488575296,11.375,11.0,1104.58
2008-04-01,7.9838,72.563,22.68000030517578,100.17,1.7899999618530273,3.5583,8.93923327764943,11.375,11.0,1113.77
2008-04-02,7.8225,72.259,23.43000030517578,103.75,1.8945000171661377,3.5963,8.82283389043759,11.375,11.0,1137.68
2008-04-03,7.7763,72.217,23.209999084472656,102.52,1.8866000175476074,3.5773,8.7601507693099,11.375,11.0,1142.9
2008-04-04,7.875,72.021,22.450000762939453,104.9,1.8144999742507935,3.4657,8.75305038020109,11.375,11.0,1145.21
2008-04-07,7.8,72.202,22.420000076293945,107.14,1.9115999937057495,3.5356,8.72596481679949,11.375,11.0,1160.63
2008-04-08,7.7775,72.232,22.360000610351562,106.34,1.8712999820709229,3.5564,8.73146648308147,11.375,11.0,1153.56
2008-04-09,7.845,71.833,22.809999465942383,108.47,1.7661000490188599,3.4807,8.74608880202514,11.375,11.0,1150.37
2008-04-10,7.855,72.117,21.979999542236328,108.2,1.8391000032424927,3.5394,8.926066156088961,11.375,11.5,1158.78
2008-04-11,7.821,71.808,23.459999084472656,108.75,1.7417000532150269,3.4694,9.02054042827118,11.625,11.5,1160.36
2008-04-14,7.8793,71.875,23.81999969482422,109.84,1.7580000162124634,3.5109,9.03537859293026,11.625,11.5,1145.26
2008-04-15,7.9388,72.023,22.780000686645508,111.31,1.8641999959945679,3.6003,9.04490172925027,11.629,11.5,1150.83
2008-04-16,7.8623,71.408,20.530000686645508,112.66,1.9628000259399414,3.6886,8.99162633041919,11.658,11.5,1164.99
2008-04-17,7.7995,71.68,20.3700008392334,112.43,2.103100061416626,3.7273,8.972494594101,11.675,11.5,1174.26
2008-04-18,7.785,72.012,20.1299991607666,113.92,2.1294000148773193,3.7061,9.01437295261993,11.717,11.5,1175.85
2008-04-21,7.7713,71.647,20.5,114.43,2.1714999675750732,3.7255,9.02412031492174,11.717,11.5,1187.0
2008-04-22,7.65,71.329,20.8700008392334,115.95,2.188699960708618,3.6908,9.014249284788301,11.725,11.5,1189.74
2008-04-23,7.6763,71.819,20.260000228881836,116.46,2.189300060272217,3.7314,9.14155689656185,11.725,11.5,1192.1
2008-04-24,7.7053,72.535,20.059999465942383,114.34,2.382499933242798,3.8249,9.17867310284388,11.775,11.5,1187.15
2008-04-25,7.6168,72.79,19.59000015258789,116.34,2.414799928665161,3.8703,9.156440121210501,11.813,11.5,1189.01
2008-04-29,7.6104,72.895,20.239999771118164,113.43,2.3501999378204346,3.8194,9.2022276765811,11.825,11.5,1180.17
2008-04-30,7.5615,72.509,20.790000915527344,111.36,2.253700017929077,3.7279,9.234078404583359,11.871,11.5,1191.53
2008-05-05,7.565,73.19,18.899999618530273,117.99,2.4170000553131104,3.867,9.21944978755657,11.875,11.5,1209.8
2008-05-06,7.4975,72.999,18.209999084472656,120.31,2.3847999572753906,3.9164,9.182079251055821,11.875,11.5,1215.43
2008-05-07,7.5738,73.514,19.729999542236328,122.32,2.3036000728607178,3.8475,9.18425324542686,11.875,11.5,1206.03
2008-05-08,7.5975,73.477,19.399999618530273,122.84,2.2142999172210693,3.7748,9.21654468866799,11.875,11.5,1196.44
2008-05-09,7.735,73.05,19.40999984741211,125.4,2.2390999794006348,3.7692,9.24591453983791,11.917,11.5,1188.61
2008-05-12,7.6138,72.947,17.790000915527344,122.91,2.304800033569336,3.7974,9.20825003744185,11.925,11.5,1194.11
2008-05-13,7.5794,73.273,17.979999542236328,124.1,2.4695000648498535,3.9131,9.22615818078866,11.925,11.5,1205.59
2008-05-14,7.651,73.399,17.65999984741211,121.86,2.511199951171875,3.9112,9.27356348804336,11.942,11.5,1207.58
2008-05-15,7.5471,73.35,16.299999237060547,121.25,2.420799970626831,3.8144,9.27084772633429,11.975,11.5,1221.4
2008-05-16,7.474,72.844,16.469999313354492,124.99,2.4386000633239746,3.8446,9.216176822262371,12.017,11.5,1240.31
2008-05-19,7.5343,73.045,17.010000228881836,125.06,2.38919997215271,3.8294,9.20024827657951,12.017,11.5,1249.73
2008-05-20,7.6628,72.405,17.579999923706055,127.84,2.29830002784729,3.7746,9.228700029582699,12.046,11.5,1233.67
2008-05-21,7.7346,71.938,18.59000015258789,132.7,2.398200035095215,3.8067,9.31326696554995,12.054,11.5,1233.11
2008-05-22,7.6363,71.899,18.049999237060547,130.51,2.523699998855591,3.9111,9.385898427972549,12.072,11.5,1221.95
2008-05-23,7.681,71.888,19.549999237060547,131.57,2.4251999855041504,3.8425,9.39786047838946,12.075,11.5,1207.96
2008-05-26,7.696,71.99,19.549999237060547,132.37,2.434000015258789,3.8425,9.48218975612179,12.075,11.5,1193.38
2008-05-27,7.732,72.338,19.639999389648438,128.31,2.501199960708618,3.9188,9.487897690282859,12.075,11.5,1191.98
2008-05-28,7.6738,72.547,19.06999969482422,130.93,2.602799892425537,4.0033,9.54189055477718,12.121,11.5,1195.46
2008-05-29,7.5838,73.023,18.139999389648438,126.89,2.6816000938415527,4.075,9.650838900520151,12.575,11.5,1201.86
2008-05-30,7.61,72.879,17.829999923706055,127.78,2.6410999298095703,4.0595,9.83408751662132,12.575,11.5,1210.04
2008-06-02,7.7075,72.929,19.829999923706055,128.02,2.5035998821258545,3.9571,9.896307102042071,12.575,11.5,1207.75
2008-06-03,7.7539,73.24,20.239999771118164,124.58,2.398400068283081,3.8939,9.830785689479251,12.575,11.5,1190.64
2008-06-04,7.7913,73.424,20.799999237060547,122.1,2.446500062942505,3.9764,9.86232630153448,12.575,11.5,1173.46
2008-06-05,7.8338,73.038,18.6299991607666,127.54,2.4948999881744385,4.0383,9.834490043513,12.575,11.5,1184.5
2008-06-06,7.8756,72.39,23.559999465942383,137.69,2.3724000453948975,3.9092,9.86730118236319,12.575,11.5,1182.84
2008-06-09,7.9005,72.854,23.1200008392334,133.91,2.7065999507904053,3.9977,9.96763655349221,12.575,11.5,1167.55
2008-06-10,7.9853,73.696,23.18000030517578,131.02,2.920599937438965,4.1027,10.012232098690701,12.575,11.5,1138.08
2008-06-11,8.0153,73.209,24.1200008392334,135.02,2.805500030517578,4.0735,10.0454344531691,12.575,11.5,1131.43
2008-06-12,8.1475,73.859,23.329999923706055,136.09,3.0373001098632812,4.2108,10.0244588297662,12.575,12.0,1123.12
2008-06-13,8.1063,74.146,21.219999313354492,134.25,3.030600070953369,4.2565,10.2263222312707,12.167,12.0,1120.03
2008-06-17,8.03,73.514,21.1299991607666,133.72,2.890000104904175,4.1973,10.186518515050901,12.229,12.0,1143.87
2008-06-18,8.0121,73.44,22.239999771118164,136.44,2.8487000465393066,4.1363,10.312298722140099,12.288,12.0,1138.79
2008-06-19,7.9463,73.483,21.579999923706055,132.0,2.9323999881744385,4.2073,10.2658040616581,12.325,12.0,1126.75
2008-06-20,7.9913,73.03,22.8700008392334,134.86,2.891700029373169,4.1641,10.2119539739943,12.325,12.0,1110.48
2008-06-23,8.0553,73.434,22.639999389648438,135.91,2.934000015258789,4.1641,10.3424466965228,12.325,12.0,1099.69
2008-06-24,8.024,73.241,22.420000076293945,136.46,2.833699941635132,4.0818,10.3854454411619,12.329,12.0,1091.56
2008-06-25,7.8548,72.933,21.139999389648438,134.33,2.81030011177063,4.0994,10.3261699889646,12.333,12.0,1106.21
2008-06-26,7.9575,72.487,23.93000030517578,139.83,2.6570000648498535,4.033,10.3610460049801,12.371,12.0,1099.71
2008-06-27,7.9145,72.36,23.440000534057617,140.31,2.624799966812134,3.9652,10.4022976505244,12.371,12.0,1084.79
2008-06-30,7.8194,72.463,23.950000762939453,139.83,2.6164000034332275,3.969,10.428425236177,12.375,12.0,1087.12
2008-07-01,7.8867,72.369,23.649999618530273,140.67,2.6482999324798584,4.0021,10.585143644404999,12.421,12.0,1068.75
2008-07-02,7.8495,72.029,25.920000076293945,144.26,2.5752999782562256,3.9575,10.4936371792272,12.421,12.0,1057.15
2008-07-03,7.7425,72.742,24.780000686645508,146.08,2.5250000953674316,3.975,10.3506145696857,12.425,12.0,1033.48
2008-07-04,7.7313,72.731,24.780000686645508,144.42,2.532599925994873,3.975,10.2320440325365,12.425,12.0,1030.32
2008-07-07,7.7525,72.67,25.780000686645508,141.87,2.4265999794006348,3.8995,10.1585601178059,12.425,12.0,1038.29
2008-07-08,7.7365,73.012,23.149999618530273,136.43,2.4753000736236572,3.8822,10.2028837377463,12.425,12.0,1022.61
2008-07-09,7.7463,72.58,25.229999542236328,136.58,2.385499954223633,3.8112,10.1403489944966,12.425,12.0,1036.97
2008-07-10,7.7075,72.493,25.59000015258789,142.03,2.4010000228881836,3.7959,10.21641594567,12.421,12.0,1036.53
2008-07-11,7.6585,72.096,27.489999771118164,144.49,2.5952000617980957,3.9576,10.292117708435299,12.421,12.0,1043.0
2008-07-14,7.6653,71.915,28.479999542236328,143.92,2.4474000930786133,3.8553,10.140089980453899,12.421,12.0,1043.04
2008-07-15,7.6548,71.872,28.540000915527344,138.75,2.365000009536743,3.8188,10.0004748333074,12.408,12.0,1016.17
2008-07-16,7.6095,72.064,25.100000381469727,136.19,2.421600103378296,3.9344,9.79261718515404,12.35,12.0,1015.9
2008-07-17,7.5713,72.242,25.010000228881836,131.07,2.4867000579833984,3.9907,9.62827780207677,12.317,12.0,1031.39
2008-07-18,7.6047,72.189,24.049999237060547,130.19,2.633699893951416,4.0828,9.636971389213949,12.325,12.0,1022.16
2008-07-21,7.5675,71.99,23.049999237060547,132.61,2.5920000076293945,4.0417,9.673843463427339,12.325,12.0,1041.5
2008-07-22,7.4828,72.446,21.18000030517578,129.55,2.716099977493286,4.0987,9.65309404625912,12.325,12.0,1035.64
2008-07-23,7.5687,72.811,21.309999465942383,125.29,2.7325000762939453,4.1165,9.63937132451231,12.3,12.0,1049.92
2008-07-24,7.6873,72.933,23.440000534057617,126.44,2.60479998588562,3.9968,9.43152443136538,12.283,12.0,1042.77
2008-07-25,7.5925,72.86,22.90999984741211,124.52,2.7095999717712402,4.0969,9.396556300450069,12.225,12.0,1024.52
2008-07-28,7.5398,72.649,24.229999542236328,125.84,2.5725998878479004,4.0008,9.27334504243182,12.225,12.0,1024.4
2008-07-29,7.3605,73.309,22.030000686645508,122.71,2.6208999156951904,4.038,9.22992267280112,12.225,12.0,1015.79
2008-07-30,7.3918,73.322,21.209999084472656,127.1,2.6289000511169434,4.0439,9.19347274312605,12.225,12.0,1038.96
2008-07-31,7.336,73.227,22.940000534057617,123.98,2.5078999996185303,3.9462,8.978884203578449,12.225,12.0,1041.86
2008-08-01,7.2201,73.424,22.56999969482422,124.18,2.4907000064849854,3.9307,8.99231035547211,12.188,12.0,1029.81
2008-08-04,7.245,73.462,23.489999771118164,120.68,2.5308001041412354,3.9619,9.07875320299517,12.192,12.0,1008.34
2008-08-05,7.3809,73.881,21.139999389648438,117.7,2.5467000007629395,4.0167,9.02861572664323,12.2,12.0,999.5
2008-08-06,7.4338,74.244,20.229999542236328,117.0,2.57069993019104,4.0501,9.07905861623315,12.2,12.0,1012.18
2008-08-07,7.4965,74.547,21.149999618530273,117.86,2.424299955368042,3.92,9.164184370902701,12.2,12.0,1008.14
2008-08-08,7.7375,75.845,20.65999984741211,113.33,2.496299982070923,3.9276,9.25567615075744,12.2,12.0,990.02
2008-08-11,7.8216,76.125,20.1200008392334,112.67,2.5367000102996826,3.9904,9.102929046036,12.208,12.0,990.59
2008-08-12,7.8175,76.152,21.170000076293945,111.15,2.421999931335449,3.8954,9.05377627005593,12.192,12.0,982.52
2008-08-13,7.875,76.208,21.549999237060547,113.47,2.470599889755249,3.9314,9.04261832643836,12.158,12.0,973.88
2008-08-14,7.8445,76.669,20.34000015258789,112.64,2.42930006980896,3.886,8.9563074695471,12.158,12.0,983.94
2008-08-15,7.8708,77.18,19.579999923706055,112.55,2.378700017929077,3.8349,8.89865513188293,12.075,12.0,971.89
2008-08-18,7.7223,77.117,20.979999542236328,111.94,2.328900098800659,3.8104,8.73653376855753,12.075,12.0,960.07
2008-08-19,7.7367,76.839,21.280000686645508,113.25,2.2953999042510986,3.8292,8.84295223879249,12.075,12.0,942.88
2008-08-20,7.7617,76.958,20.420000076293945,114.36,2.245500087738037,3.8009,8.91667734864915,12.075,12.0,961.47
2008-08-21,7.6575,76.196,19.81999969482422,120.16,2.3024001121520996,3.8291,8.99422682670958,12.075,12.0,957.14
2008-08-22,7.6777,76.805,18.809999465942383,113.92,2.399899959564209,3.8704,9.017445229678229,12.083,12.0,956.22
2008-08-25,7.7635,76.793,20.969999313354492,114.03,2.324700117111206,3.7837,9.02378949042084,12.079,12.0,950.25
2008-08-26,7.8113,77.251,20.489999771118164,114.63,2.3241000175476074,3.7743,9.03950222090494,12.075,12.0,938.5
2008-08-27,7.75,77.051,19.760000228881836,116.22,2.273699998855591,3.763,8.877761831535699,12.075,12.0,953.74
2008-08-28,7.7293,77.151,19.43000030517578,114.17,2.358799934387207,3.7779,8.874463287526591,12.067,12.0,956.96
2008-08-29,7.7045,77.381,20.649999618530273,114.05,2.3668999671936035,3.8116,8.91586276665217,12.075,12.0,956.25
2008-09-01,7.7555,77.644,20.649999618530273,109.41,2.3668999671936035,3.8115,8.97848121761226,12.075,12.0,934.63
2008-09-02,7.7755,78.061,21.989999771118164,108.34,2.2539000511169434,3.7326,8.98052952907645,12.075,12.0,928.6
2008-09-03,7.8762,78.087,21.43000030517578,108.06,2.2537999153137207,3.699,8.977876558343489,12.075,12.0,911.96
2008-09-04,8.0078,78.61,24.030000686645508,106.3,2.1728999614715576,3.6227,8.97291584954812,12.113,12.0,893.27
2008-09-05,7.9616,78.932,23.059999465942383,104.09,2.3017001152038574,3.6986,9.01087279249871,12.15,12.0,873.68
2008-09-08,7.92,79.589,22.639999389648438,103.44,2.3015999794006348,3.6743,8.94162936668134,12.15,12.0,902.5
2008-09-09,8.0153,79.247,25.469999313354492,100.34,2.163300037384033,3.5668,8.898104516007251,12.15,12.0,868.58
2008-09-10,8.2075,79.845,24.520000457763672,98.97,2.195499897003174,3.6295,8.95097908888606,12.138,12.0,858.94
2008-09-11,8.1084,80.146,24.389999389648438,97.64,2.2197000980377197,3.6425,8.98401305716542,12.142,12.0,839.81
2008-09-12,7.9913,78.966,25.65999984741211,97.58,2.2026000022888184,3.7187,8.840745384090939,12.138,12.0,855.47
2008-09-15,8.075,78.909,31.700000762939453,92.38,1.705899953842163,3.3868,8.82250760564093,12.142,12.0,825.35
2008-09-16,8.1226,79.068,30.299999237060547,89.22,1.802299976348877,3.4357,8.81547859347183,12.133,12.0,784.61
2008-09-17,8.265,78.095,36.220001220703125,94.84,1.63919997215271,3.4137,8.81628852112246,12.133,12.0,768.92
2008-09-18,8.1744,78.019,33.099998474121094,95.19,1.6950000524520874,3.5437,8.80162428741574,12.121,12.0,767.84
2008-09-19,7.92,77.68,32.06999969482422,99.61,2.1679000854492188,3.8105,8.75270175021456,12.083,12.0,845.56
2008-09-22,7.9875,76.151,33.849998474121094,106.04,2.126300096511841,3.8351,8.69174422970669,12.071,12.0,854.48
2008-09-23,8.205,76.468,35.720001220703125,103.08,2.0680999755859375,3.7991,8.70472018307747,12.05,12.0,830.32
2008-09-25,8.1144,76.994,32.81999969482422,104.6,2.1605000495910645,3.854,8.5921552288105,12.05,12.0,838.29
2008-09-26,8.0848,76.953,34.7400016784668,103.54,2.0961999893188477,3.852,8.60095889990953,12.05,12.0,823.69
2008-09-29,8.3456,77.471,46.720001220703125,93.98,1.657099962234497,3.5776,8.66340127425705,12.058,12.0,775.06
2008-09-30,8.2865,79.448,39.38999938964844,98.17,1.9599000215530396,3.8234,8.63575671866845,12.05,12.0,786.92
2008-10-01,8.2415,79.463,39.810001373291016,95.33,1.8157000541687012,3.7382,8.61429691687135,12.15,12.0,786.17
2008-10-02,8.5163,80.439,45.2599983215332,90.56,1.6158000230789185,3.6276,8.68464450226338,12.15,12.0,759.5
2008-10-03,8.4891,80.313,45.13999938964844,90.25,1.582200050354004,3.6031,8.69399278814475,12.2,12.0,741.73
2008-10-06,8.8558,81.675,52.04999923706055,83.68,1.429900050163269,3.4532,8.7098160580592,12.2,12.0,671.18
2008-10-07,8.9621,80.973,53.68000030517578,84.66,1.4530999660491943,3.5028,8.55147791776044,12.2,12.0,659.09
2008-10-08,9.185,80.913,57.529998779296875,84.36,1.5484000444412231,3.6401,8.57492133971795,12.15,12.0,605.84
2008-10-09,9.37,81.163,63.91999816894531,82.66,1.5317000150680542,3.785,8.65728562474475,12.158,12.0,618.9
2008-10-10,9.4694,82.997,69.94999694824219,74.09,1.6341999769210815,3.8705,8.76548941508357,12.213,12.0,591.9
2008-10-13,9.1625,81.876,54.9900016784668,77.46,1.5773999691009521,3.978,8.79664360903499,12.229,12.0,635.66
2008-10-14,9.119,81.363,55.130001068115234,74.53,1.8121999502182007,4.0772,8.78342312423699,12.225,12.0,673.75
2008-10-15,10.6475,82.05,69.25,70.8,1.5520999431610107,3.9453,8.79623384336595,12.221,12.0,623.3
2008-10-16,10.14,82.455,67.61000061035156,66.32,1.6164000034332275,3.9569,9.1196759645077,12.275,12.0,576.5
2008-10-17,10.0126,82.413,70.33000183105469,69.6,1.614799976348877,3.9299,9.06040847385869,12.275,12.0,567.92
2008-10-20,10.1875,83.1,52.970001220703125,72.03,1.6958999633789062,3.8416,9.116745738064761,12.275,12.0,590.59
2008-10-21,10.652,83.99,53.11000061035156,69.72,1.613700032234192,3.7388,9.19014184563007,12.275,12.0,580.2
2008-10-22,11.565,85.37,69.6500015258789,64.52,1.4987000226974487,3.594,9.605003148119449,12.275,12.0,534.69
2008-10-23,11.03,85.36,67.80000305175781,65.92,1.6044000387191772,3.6745,9.596756222951921,12.321,12.0,514.29
2008-10-24,11.175,86.44,79.12999725341797,62.05,1.5121999979019165,3.6856,9.41443936252004,12.367,12.0,473.98
2008-10-27,10.99,86.934,80.05999755859375,61.41,1.5362000465393066,3.6874,9.28775457583193,12.375,12.0,454.34
2008-10-28,10.285,87.028,66.95999908447266,60.29,1.568600058555603,3.8336,9.12076684512377,12.358,12.0,484.93
2008-10-29,9.82,85.071,69.95999908447266,65.47,1.5319000482559204,3.8546,8.88244095705457,12.358,12.0,507.55
2008-10-30,10.035,84.556,62.900001525878906,63.71,1.5636999607086182,3.9645,8.84550880683588,12.325,12.0,561.34
2008-10-31,9.78,85.633,59.88999938964844,65.32,1.5479999780654907,3.953,8.87945497440877,12.35,12.0,570.52
2008-11-03,10.0425,86.354,53.68000030517578,60.48,1.4359999895095825,3.9141,8.768367160210081,12.342,12.0,584.36
2008-11-04,9.73,84.784,47.72999954223633,66.44,1.371899962425232,3.7247,8.663290260071339,12.342,12.0,603.14
2008-11-05,9.7713,84.606,54.560001373291016,61.87,1.3398000001907349,3.7019,8.5124543047395,12.325,12.0,600.18
2008-11-06,10.285,85.893,63.68000030517578,57.43,1.2835999727249146,3.6886,8.450260021051049,12.325,12.0,557.66
2008-11-07,10.17,85.907,56.099998474121094,57.35,1.3228000402450562,3.7929,8.44128846973874,12.325,12.0,564.76
2008-11-10,10.02,85.912,59.97999954223633,59.08,1.2417999505996704,3.7432,8.35318771451983,12.325,12.0,583.02
2008-11-11,10.33,87.075,61.439998626708984,55.71,1.2414000034332275,3.7432,8.47839381356095,12.325,12.0,555.62
2008-11-12,10.47,87.47,66.45999908447266,52.37,1.1610000133514404,3.6466,8.67293803695692,12.325,12.0,533.49
2008-11-13,10.26,86.938,59.83000183105469,51.99,1.2330000400543213,3.8525,8.721071837383471,12.325,12.0,524.12
2008-11-14,10.1313,86.365,66.30999755859375,54.24,1.2075999975204468,3.7349,8.61657545351911,12.325,12.0,530.28
2008-11-17,10.19,86.807,69.1500015258789,52.31,1.1748000383377075,3.6484,8.528844725827799,12.317,12.0,520.1
2008-11-18,10.24,87.372,67.63999938964844,51.84,1.1256999969482422,3.5293,8.55757381722925,12.292,12.0,500.48
2008-11-19,10.515,87.312,74.26000213623047,51.72,1.0604000091552734,3.3205,8.46987452194888,12.275,12.0,489.59
2008-11-20,10.7663,87.969,80.86000061035156,48.08,0.9787999987602234,3.0131,8.29355264205355,12.275,12.0,464.31
2008-11-21,10.475,88.191,72.66999816894531,49.19,1.0986000299453735,3.1974,8.12118695545062,12.225,12.0,467.63
2008-11-24,10.0819,86.081,64.69999694824219,53.93,1.204300045967102,3.3236,7.999733497425721,12.175,12.0,485.52
2008-11-25,9.83,85.0,60.900001525878906,50.35,1.1785000562667847,3.1078,7.8273682100526,12.125,12.0,500.37
2008-11-26,9.9194,85.667,54.91999816894531,53.92,1.0914000272750854,2.9784,8.05126136943333,12.075,12.0,513.26
2008-11-27,9.91,85.567,54.91999816894531,53.13,1.0914000272750854,2.9778,8.09465282546301,12.071,12.0,525.95
2008-11-28,10.05,86.517,55.279998779296875,53.49,0.9807000160217285,2.92,8.17089619645321,12.058,12.0,526.97
2008-12-01,10.505,86.724,68.51000213623047,47.97,0.9014000296592712,2.7309,8.14955337814527,12.075,12.0,513.39
2008-12-02,10.2855,86.702,62.97999954223633,45.44,0.8851000070571899,2.6724,8.058737746226221,12.075,12.0,501.23
2008-12-03,10.1505,87.03,60.720001220703125,45.44,0.8845999836921692,2.6585,8.01859429779452,12.058,12.0,503.38
2008-12-04,10.2925,86.444,63.63999938964844,42.28,0.8129000067710876,2.5513,8.00872966326248,12.017,12.0,501.77
2008-12-05,10.305,87.121,59.93000030517578,39.74,0.9223999977111816,2.7037,7.99425968235968,11.775,12.0,497.51
2008-12-08,10.17,85.56,58.4900016784668,43.42,0.9379000067710876,2.7378,7.98284495647079,11.625,12.0,537.09
2008-12-09,10.1901,85.837,58.90999984741211,41.53,0.8417999744415283,2.6399,7.93034660215991,11.583,12.0,537.55
2008-12-10,10.1739,85.484,55.72999954223633,42.4,0.8492000102996826,2.6824,7.79936409263766,11.542,12.0,562.44
2008-12-11,9.9836,83.834,55.779998779296875,47.39,0.7767999768257141,2.6019,7.7481577341671795,11.55,11.5,568.89
2008-12-12,10.1184,83.644,54.279998779296875,46.41,0.7588000297546387,2.5705,7.584457810552769,11.392,11.5,551.71
2008-12-15,10.1716,82.27,56.7599983215332,44.6,0.7340999841690063,2.5127,7.38526389604712,11.425,11.5,562.67
2008-12-17,9.8122,78.908,49.84000015258789,45.53,0.7407000064849854,2.1915,7.13735324634726,11.408,11.5,586.15
2008-12-18,9.665,79.467,47.34000015258789,43.36,0.6757000088691711,2.0788,6.99292842824388,11.408,11.5,590.3
2008-12-19,9.7334,81.298,44.93000030517578,44.0,0.7378000020980835,2.1231,7.06002773106159,11.425,11.5,582.06
2008-12-22,9.6444,81.093,44.560001373291016,41.45,0.8180999755859375,2.17,7.120327765507279,11.425,11.5,567.34
2008-12-23,9.685,81.241,45.02000045776367,40.36,0.9144999980926514,2.1729,7.2158382419298,11.425,11.5,555.82
2008-12-24,9.74,81.214,44.209999084472656,36.61,0.9065999984741211,2.182,7.18698725143638,11.425,11.5,553.68
2008-12-29,9.4675,80.685,43.900001525878906,40.55,0.7724999785423279,2.0989,7.235149732149241,11.425,11.5,557.47
2008-12-30,9.4,80.899,41.630001068115234,40.15,0.7251999974250793,2.053,7.176107011182061,11.425,11.5,565.78
2008-12-31,9.525,81.308,40.0,45.59,0.7642999887466431,2.2123,7.18566482566302,11.425,11.5,567.04
2009-01-01,9.4753,81.308,40.0,45.59,0.7638000249862671,2.2123,7.18566482566302,11.425,11.5,568.21
2009-01-02,9.3148,81.839,39.189998626708984,46.91,0.8194000124931335,2.3688,7.18566482566302,11.425,11.5,580.96
2009-01-05,9.295,82.637,39.08000183105469,49.62,0.7635999917984009,2.4812,7.18566482566302,11.425,11.5,598.94
2009-01-06,9.3616,82.85,38.560001373291016,50.53,0.7634999752044678,2.4454,7.343686075660121,11.425,11.5,607.4
2009-01-07,9.68,82.275,43.38999938964844,45.86,0.8111000061035156,2.4942,7.5090592103688,11.425,11.5,595.21
2009-01-08,9.6653,81.536,42.560001373291016,44.67,0.8270000219345093,2.4398,7.54706398217468,11.408,11.5,578.4
2009-01-09,9.8105,82.663,42.81999969482422,44.42,0.7466999888420105,2.39,7.46563529059257,11.408,11.5,571.25
2009-01-12,10.129,83.019,45.84000015258789,42.91,0.7384999990463257,2.3044,7.615231453682051,11.4,11.5,553.22
2009-01-13,10.0275,84.265,43.27000045776367,44.83,0.7383000254631042,2.2924,7.57202665724085,11.408,11.5,550.89
2009-01-14,10.1703,84.419,49.13999938964844,45.08,0.7059999704360962,2.1993,7.81263847679002,11.408,11.5,542.85
2009-01-15,9.985,84.44,51.0,44.69,0.7138000130653381,2.2055,7.755637717714619,11.408,11.5,526.64
2009-01-16,9.95,84.212,46.11000061035156,46.57,0.7210000157356262,2.3188,7.686802872882501,11.392,11.5,537.84
2009-01-19,10.1208,84.722,46.11000061035156,44.5,0.7207000255584717,2.3184,7.766719109187189,11.408,11.5,533.84
2009-01-20,10.2825,86.216,56.650001525878906,43.62,0.7045000195503235,2.3771,7.78146832322898,11.375,11.5,517.54
2009-01-21,9.985,85.817,46.41999816894531,45.02,0.7692000269889832,2.536,7.71160692584275,11.375,11.5,515.16
2009-01-22,10.0713,85.52,47.290000915527344,45.39,0.720300018787384,2.5922,7.654530463684139,11.238,11.5,514.36
2009-01-23,10.21,85.608,47.27000045776367,48.37,0.809499979019165,2.6172,7.69544079148942,11.221,11.5,507.29
2009-01-26,10.0675,84.727,45.689998626708984,46.96,0.8258000016212463,2.6411,7.812588067517639,11.196,11.5,515.88
2009-01-27,9.985,84.426,42.25,43.73,0.8011000156402588,2.5274,7.841349390675149,11.142,11.5,518.93
2009-01-28,9.8909,84.672,39.65999984741211,44.9,0.8988000154495239,2.6665,7.75206157352762,11.079,11.5,533.11
2009-01-29,9.9942,85.277,42.630001068115234,45.4,0.9542999863624573,2.8586,7.652987779045731,11.042,11.5,532.18
2009-01-30,10.1996,85.999,44.84000015258789,45.88,0.9463000297546387,2.8403,7.733776527193729,10.925,11.5,529.53
2009-02-02,10.1348,86.073,45.52000045776367,43.82,0.8909000158309937,2.7226,7.76088651908048,10.875,11.5,517.14
2009-02-03,10.0344,85.05,43.060001373291016,44.08,0.9624000191688538,2.884,7.738588789192489,10.842,11.5,525.35
2009-02-04,10.0201,85.702,43.849998474121094,44.15,0.9785000085830688,2.9353,7.75799450095168,10.779,11.5,535.97
2009-02-05,9.8321,86.057,43.72999954223633,46.46,0.9627000093460083,2.912,7.665297889417539,10.708,11.5,536.57
2009-02-06,9.5695,85.346,43.369998931884766,46.21,0.9951000213623047,2.9917,7.963581856024341,10.275,10.5,557.53
2009-02-09,9.6339,84.792,43.63999938964844,46.02,1.011299967765808,2.9844,7.84453328559283,10.142,10.5,564.81
2009-02-10,9.9238,85.807,46.66999816894531,44.61,0.890999972820282,2.8136,8.05524241774235,10.092,10.5,561.38
2009-02-11,9.8083,85.776,44.529998779296875,44.28,0.9150999784469604,2.7537,8.123526465932079,10.038,10.5,553.54
2009-02-12,9.8925,86.547,41.25,44.65,0.9071000218391418,2.7824,8.3663023498848,9.996,10.5,542.69
2009-02-13,9.9371,86.041,42.93000030517578,44.81,0.9639999866485596,2.8894,8.25973637204385,9.967,10.5,554.31
2009-02-16,10.0265,86.66,42.93000030517578,43.28,0.9559999704360962,2.8895,8.22785452324553,9.979,10.5,547.55
2009-02-17,10.2688,87.581,48.65999984741211,41.03,0.8587999939918518,2.648,8.3732499191148,9.983,10.5,520.87
2009-02-18,10.1933,88.007,48.459999084472656,39.55,0.9480000138282776,2.7554,8.42015909223275,9.983,10.5,516.33
2009-02-19,10.1466,87.439,47.08000183105469,41.99,0.9805999994277954,2.8531,8.30600275827773,9.983,10.5,521.4
2009-02-20,10.1205,86.488,49.29999923706055,41.89,0.9401999711990356,2.7879,8.23117700258597,9.983,10.5,502.51
2009-02-23,10.0703,87.24,52.619998931884766,40.99,0.9320999979972839,2.7536,8.107242160059549,9.958,10.5,510.14
2009-02-24,9.8661,86.895,45.4900016784668,42.5,0.9732000231742859,2.7951,8.096529089956379,9.933,10.5,502.74
2009-02-25,9.929,87.906,44.66999816894531,44.29,1.0735000371932983,2.9263,8.110325843450369,9.767,10.5,505.42
2009-02-26,9.9,87.727,44.65999984741211,46.51,1.0814000368118286,2.9908,8.1759665421419,9.767,10.5,505.84
2009-02-27,10.1165,88.008,46.349998474121094,46.35,0.9700999855995178,3.0131,8.363933851067069,9.75,10.5,499.3
2009-03-02,10.5295,88.94,52.650001525878906,42.21,0.8671000003814697,2.8624,8.41073960896519,9.733,10.5,475.08
2009-03-03,10.5327,88.91,50.93000030517578,43.7,0.875,2.8771,8.381649890226479,9.733,10.5,476.16
2009-03-04,10.3772,88.577,47.560001373291016,46.12,0.9387000203132629,2.9745,8.26154707279616,9.733,10.5,493.47
2009-03-05,10.6448,89.105,50.16999816894531,43.64,0.8828999996185303,2.8115,8.23299715265153,9.733,10.5,488.15
2009-03-06,10.4785,88.512,49.33000183105469,44.85,0.9470000267028809,2.8717,8.12095587597384,9.733,10.5,488.31
2009-03-09,10.6335,89.009,49.68000030517578,44.13,0.9550999999046326,2.8589,8.21094770301891,9.721,10.5,485.29
2009-03-10,10.2811,88.927,44.369998931884766,43.96,1.0276000499725342,3.0044,8.136419219106351,9.725,10.5,502.7
2009-03-11,10.0791,87.868,43.61000061035156,41.4,1.0117000341415405,2.9048,8.17529076167642,9.725,10.5,512.5
2009-03-12,9.9077,87.66,41.18000030517578,45.09,1.0038000345230103,2.8535,8.102805264294402,9.725,10.5,515.97
2009-03-13,9.98,87.428,42.36000061035156,44.93,0.9557999968528748,2.8902,8.01926939096049,9.725,10.5,527.98
2009-03-16,9.9507,86.946,43.7400016784668,43.98,0.996399998664856,2.9529,7.9988241495959205,9.721,10.5,539.66
2009-03-17,9.8512,86.933,40.79999923706055,48.24,1.0290000438690186,3.0066,8.14396323155842,9.721,10.5,541.92
2009-03-18,9.6361,84.595,40.060001373291016,47.66,0.8101999759674072,2.533,8.07427192072013,9.729,10.5,543.88
2009-03-19,9.6299,83.129,43.68000030517578,50.67,0.8586999773979187,2.6023,8.06275868394485,9.038,10.5,557.46
2009-03-20,9.595,83.841,45.88999938964844,51.22,0.8668000102043152,2.6344,8.10646017152893,9.038,10.5,552.99
2009-03-23,9.4313,83.426,43.22999954223633,53.47,0.8913000226020813,2.6523,8.14082241157137,8.967,10.5,579.31
2009-03-24,9.4936,83.858,42.93000030517578,53.5,0.9075999855995178,2.701,8.14189855527994,8.9,10.5,581.51
2009-03-25,9.5,83.808,42.25,51.75,0.9541000127792358,2.7844,8.27849873497465,8.796,9.5,587.45
2009-03-26,9.3442,84.165,40.36000061035156,53.46,0.9065999984741211,2.7389,8.42712640332522,8.808,9.5,599.73
2009-03-27,9.5863,85.111,41.040000915527344,51.98,0.9065999984741211,2.7571,8.44148463422558,8.804,9.5,591.32
2009-03-30,9.6938,85.869,45.540000915527344,47.99,0.8434000015258789,2.7117,8.4089915090193,8.804,9.5,561.46
2009-03-31,9.5026,85.43,44.13999938964844,49.23,0.7960000038146973,2.6629,8.41346687540686,8.804,9.5,569.97
2009-04-01,9.3604,85.503,42.279998779296875,48.44,0.8037999868392944,2.6539,8.432704924998099,8.825,9.5,580.76
2009-04-02,9.0675,84.446,42.040000915527344,52.75,0.8828999996185303,2.7662,8.32145123479423,8.85,9.5,613.07
2009-04-03,9.0513,84.165,39.70000076293945,53.47,0.9466999769210815,2.8853,8.31412529825329,8.842,9.5,617.11
2009-04-06,9.0693,84.571,40.93000030517578,52.24,0.9387999773025513,2.9223,8.37051612507122,8.842,9.5,623.03
2009-04-07,9.178,85.288,40.38999938964844,51.22,0.9068999886512756,2.8965,8.40303030872335,8.833,9.5,615.89
2009-04-08,9.1503,85.361,38.849998474121094,51.59,0.9229999780654907,2.8559,8.3960268362862,8.825,9.5,610.22
2009-04-09,9.0968,85.786,36.529998779296875,54.06,0.9473999738693237,2.9207,8.32953289451082,8.788,9.5,632.63
2009-04-14,9.0683,84.642,37.66999816894531,51.96,0.8427000045776367,2.7845,8.39682495245489,8.758,9.5,645.56
2009-04-15,9.11,85.081,36.16999816894531,51.79,0.8507999777793884,2.7644,8.37121284534575,8.746,9.5,643.86
2009-04-16,8.906,85.227,35.790000915527344,53.06,0.8992000222206116,2.8303,8.26291178540531,8.75,9.5,648.39
2009-04-17,8.9299,85.981,33.939998626708984,53.35,0.9642999768257141,2.9451,8.11445397790696,8.738,9.5,643.4
2009-04-20,9.086,86.637,39.18000030517578,49.86,0.9075000286102295,2.8359,8.16194598537348,8.721,9.5,633.48
2009-04-21,8.97,86.579,37.13999938964844,49.82,0.9319999814033508,2.8969,8.16066531085427,8.604,9.5,627.24
2009-04-23,8.9322,85.517,37.150001525878906,50.11,0.9240000247955322,2.9193,8.15653236515898,8.55,9.5,639.75
2009-04-24,8.7151,84.714,36.81999969482422,51.67,0.9570000171661377,2.9903,8.11451799750543,8.492,9.5,647.84
2009-04-28,8.6439,85.158,37.95000076293945,49.99,0.9460999965667725,3.0073,8.07190491953517,8.429,9.5,623.72
2009-04-29,8.4942,84.474,36.08000183105469,50.78,0.9541000127792358,3.1073,8.1601926566495,8.358,9.5,645.56
2009-04-30,8.5274,84.614,36.5,50.8,0.8986999988555908,3.1187,8.345739939577081,8.238,9.5,662.73
2009-05-04,8.2928,83.97,34.529998779296875,54.58,0.9387000203132629,3.1514,8.34682255898621,7.996,8.5,700.99
2009-05-05,8.4125,84.157,33.36000061035156,54.12,0.9627000093460083,3.1592,8.37634601956034,8.033,8.5,704.29
2009-05-06,8.331,83.803,32.45000076293945,56.15,0.9628000259399414,3.1612,8.394897227403659,8.029,8.5,712.05
2009-05-07,8.405,83.941,33.439998626708984,56.47,0.9948999881744385,3.3341,8.330969046943231,8.029,8.5,714.91
2009-05-08,8.2751,82.529,32.04999923706055,58.14,0.9793000221252441,3.2856,8.2486282082919,8.025,8.5,725.13
2009-05-11,8.4863,82.678,32.869998931884766,57.48,0.890999972820282,3.1654,8.28552637192853,8.008,8.5,723.58
2009-05-12,8.4435,82.306,31.799999237060547,57.94,0.8830000162124634,3.1727,8.43083696435252,7.954,8.5,721.13
2009-05-13,8.534,82.499,33.650001525878906,57.34,0.8669000267982483,3.1195,8.512507343721209,7.954,8.5,709.87
2009-05-14,8.5325,82.279,31.3700008392334,56.69,0.8427000045776367,3.0884,8.47553304906271,7.954,8.5,699.39
2009-05-15,8.7115,83.024,33.119998931884766,55.98,0.8507000207901001,3.1341,8.50855332716255,7.883,8.5,707.93
2009-05-18,8.525,82.667,30.239999771118164,58.47,0.9074000120162964,3.23,8.59888659609315,7.875,8.5,728.49
2009-05-19,8.4513,81.978,28.799999237060547,58.92,0.8830999732017517,3.243,8.481165620442189,7.888,8.5,745.82
2009-05-20,8.365,80.985,29.030000686645508,60.59,0.8342999815940857,3.1912,8.368905741805829,7.842,8.5,756.07
2009-05-21,8.317,80.558,31.350000381469727,59.93,0.8586999773979187,3.3644,8.42437866255639,7.8,8.5,740.96
2009-05-22,8.2802,79.958,32.630001068115234,60.78,0.8830999732017517,3.4495,8.43739867433317,7.783,8.5,746.42
2009-05-25,8.2353,80.024,32.630001068115234,60.21,0.8830999732017517,3.4496,8.45048381843535,7.742,8.5,747.09
2009-05-26,8.269,80.131,30.6200008392334,61.24,0.9158999919891357,3.5467,8.46713403854555,7.675,8.5,739.62
2009-05-27,8.1723,80.332,32.36000061035156,62.5,0.9779000282287598,3.7381,8.53499187443549,7.371,8.5,754.18
2009-05-28,8.025,80.433,31.670000076293945,64.39,0.9621000289916992,3.6122,8.58695211668244,7.242,8.5,761.74
2009-05-29,7.9386,79.348,28.920000076293945,65.52,0.9146000146865845,3.4594,8.60665221718986,7.183,7.5,773.12
2009-06-01,8.0093,79.171,30.040000915527344,67.97,0.9463000297546387,3.6726,8.61804083756014,7.179,7.5,802.21
2009-06-02,7.9478,78.404,29.6299991607666,68.17,0.946399986743927,3.6127,8.67049861456337,7.2,7.5,795.59
2009-06-03,8.0899,79.5,31.020000457763672,65.88,0.9067999720573425,3.5398,8.68915208787623,7.229,7.5,784.22
2009-06-04,7.9951,79.414,30.18000030517578,68.71,0.9545999765396118,3.7099,8.722139097164911,7.254,7.5,781.76
2009-06-05,8.058,80.67,29.6200008392334,68.34,1.2922999858856201,3.8279,8.79512163596813,7.329,7.5,786.96
2009-06-08,8.163,80.909,29.770000457763672,67.88,1.3980000019073486,3.8736,8.82302402415518,7.333,7.5,772.25
2009-06-09,8.0703,79.787,28.270000457763672,69.62,1.3014999628067017,3.8559,8.77593210198268,7.35,7.5,771.18
2009-06-10,8.0588,80.329,28.459999084472656,70.8,1.3508000373840332,3.9455,8.73684668870625,7.375,7.5,789.13
2009-06-11,7.9505,79.41,28.110000610351562,71.79,1.3188999891281128,3.8543,8.70035747274567,7.375,7.5,791.03
2009-06-12,8.0178,80.142,28.149999618530273,70.92,1.263800024986267,3.7916,8.606548593335809,7.367,7.5,790.19
2009-06-15,8.0953,81.14,30.809999465942383,69.44,1.2236000299453735,3.7113,8.60868677707993,7.354,7.5,769.94
2009-06-17,8.0565,80.169,31.540000915527344,70.85,1.1592999696731567,3.6882,8.59769187627719,7.367,7.5,749.02
2009-06-18,8.165,80.609,30.030000686645508,71.06,1.249500036239624,3.8277,8.56075048466319,7.354,7.5,743.72
2009-06-19,8.0995,80.264,27.989999771118164,69.19,1.201799988746643,3.7808,8.60584813113954,7.383,7.5,750.47
2009-06-22,8.2138,80.783,31.170000076293945,66.98,1.1283999681472778,3.681,8.64168343987074,7.375,7.5,736.48
2009-06-23,8.1952,79.841,30.579999923706055,68.8,1.095900058746338,3.6208,8.68161512363675,7.363,7.5,723.72
2009-06-24,8.0563,80.556,29.049999237060547,68.33,1.1964000463485718,3.6851,8.6640928641159,7.367,7.5,741.8
2009-06-25,8.0169,80.403,26.360000610351562,69.78,1.125,3.5398,8.77295512745205,7.367,7.5,750.22
2009-06-26,7.8926,79.878,25.93000030517578,68.92,1.1092000007629395,3.5363,8.70557557785579,7.575,7.5,761.92
2009-06-29,7.8228,79.835,25.350000381469727,70.99,1.0932999849319458,3.4768,8.72786703858131,7.575,7.5,764.68
2009-06-30,7.714,80.133,26.350000381469727,69.3,1.1090999841690063,3.5326,8.74374724258937,7.575,7.5,761.3
2009-07-01,7.7383,79.634,26.219999313354492,68.79,1.0377000570297241,3.5365,8.93312203842695,7.575,7.5,773.07
2009-07-02,7.865,80.151,27.950000762939453,66.65,0.9815000295639038,3.4946,9.10858022424857,7.613,7.5,766.14
2009-07-03,7.9228,80.382,27.950000762939453,65.61,0.9812999963760376,3.4985,9.0956359207582,7.625,7.5,766.32
2009-07-06,7.9359,80.454,29.0,64.05,0.9412000179290771,3.5063,9.0828014283806,7.625,7.5,751.34
2009-07-07,8.0824,80.621,30.850000381469727,63.23,0.9650999903678894,3.4544,9.03845460014044,7.621,7.5,750.72
2009-07-08,8.2125,80.766,31.299999237060547,60.43,0.9089999794960022,3.3081,9.03286864125503,7.625,7.5,739.45
2009-07-09,8.1208,79.864,29.780000686645508,61.1,0.9247000217437744,3.403,9.0025408106486,7.625,7.5,741.75
2009-07-10,8.2371,80.233,29.020000457763672,60.52,0.8998000025749207,3.3026,8.97210864697501,7.625,7.5,736.02
2009-07-13,8.2138,80.126,26.309999465942383,60.69,0.8995000123977661,3.35,8.99810650045638,7.629,7.5,723.05
2009-07-14,8.2623,80.184,25.020000457763672,60.86,0.9394000172615051,3.4703,9.02699744908169,7.629,7.5,739.58
2009-07-15,8.1165,79.316,25.889999389648438,63.09,1.0117000341415405,3.6038,8.998085532109181,7.629,7.5,766.05
2009-07-16,8.0498,79.216,25.420000076293945,62.75,0.9793000221252441,3.5689,8.90082420644023,7.633,7.5,773.41
2009-07-17,8.0519,79.347,24.34000015258789,65.38,0.9868000149726868,3.6433,8.89181748292701,7.638,7.5,782.68
2009-07-20,7.8294,78.907,24.399999618530273,66.44,0.970300018787384,3.6063,8.834628179783909,7.671,7.5,807.02
2009-07-21,7.805,78.927,23.8700008392334,66.87,0.9212999939918518,3.4824,8.787178821914129,7.679,7.5,810.46
2009-07-22,7.721,78.706,23.469999313354492,67.21,0.9373000264167786,3.5443,8.81657879533868,7.679,7.5,806.55
2009-07-23,7.721,78.803,23.43000030517578,69.25,1.0104999542236328,3.6555,8.84967151557667,7.679,7.5,822.11
2009-07-24,7.7495,78.749,23.09000015258789,70.32,0.9936000108718872,3.6578,8.884617053543769,7.679,7.5,823.71
2009-07-27,7.7838,78.626,24.280000686645508,70.81,1.0343999862670898,3.7189,8.89882402472305,7.679,7.5,833.66
2009-07-28,7.864,78.85,25.010000228881836,69.88,1.0755000114440918,3.6856,8.888141719897941,7.679,7.5,836.59
2009-07-29,7.9025,79.63,25.610000610351562,66.53,1.1584999561309814,3.6582,8.83215633556861,7.679,7.5,822.44
2009-07-30,7.825,79.285,25.399999618530273,70.11,1.1664999723434448,3.6074,8.75120838337394,7.679,7.5,833.54
2009-07-31,7.761,78.347,25.920000076293945,71.7,1.111299991607666,3.4796,8.688038364368959,7.675,7.5,844.02
2009-08-03,7.7649,77.639,25.559999465942383,73.55,1.1833000183105469,3.6333,8.69490281144029,7.675,7.5,864.73
2009-08-04,7.8525,77.765,24.889999389648438,74.28,1.1995999813079834,3.6845,8.760115308417769,7.675,7.5,860.62
2009-08-05,7.9033,77.517,24.899999618530273,75.51,1.207900047302246,3.7459,8.86543047801343,7.675,7.5,854.54
2009-08-06,8.065,78.065,25.670000076293945,74.83,1.2000999450683594,3.7501,8.79088430957023,7.675,7.5,855.52
2009-08-07,7.9885,78.975,24.760000228881836,73.59,1.297700047492981,3.8502,8.79774970231659,7.675,7.5,852.93
2009-08-11,8.1175,79.176,25.989999771118164,72.46,1.169100046157837,3.6677,8.86157294073202,7.675,7.5,844.9
2009-08-12,8.075,78.79,25.450000762939453,72.89,1.1532000303268433,3.7172,8.73734781849887,7.675,7.5,840.24
2009-08-13,8.005,78.489,24.709999084472656,73.48,1.0887000560760498,3.595,8.63599441086852,7.654,7.5,855.64
2009-08-14,8.0875,78.885,24.270000457763672,72.41,1.0484999418258667,3.5688,8.53034376369108,7.108,7.0,852.74
2009-08-17,8.165,79.292,27.889999389648438,70.54,1.0081000328063965,3.4684,8.49483013437171,7.121,7.0,819.83
2009-08-18,8.0203,78.937,26.18000030517578,72.37,1.0242999792099,3.5092,8.565865920612211,7.129,7.0,825.19
2009-08-19,8.02,78.469,26.260000228881836,74.59,0.9836999773979187,3.4517,8.53233142810163,7.121,7.0,822.86
2009-08-20,7.9,78.384,25.09000015258789,73.33,0.9836999773979187,3.4313,8.50420679093434,7.121,7.0,837.12
2009-08-21,7.81,78.044,25.010000228881836,74.19,1.089900016784668,3.5649,8.45428502606655,7.121,7.0,845.51
2009-08-24,7.8125,78.271,25.139999389648438,74.26,1.0162999629974365,3.4755,8.4959686757387,7.121,7.0,861.37
2009-08-25,7.8225,78.243,24.920000076293945,71.82,1.0081000328063965,3.4348,8.49444568112701,7.121,7.0,858.26
2009-08-26,7.865,78.661,24.950000762939453,71.65,1.0475000143051147,3.4329,8.47992566091981,7.121,7.0,851.88
2009-08-27,7.7861,78.009,24.68000030517578,72.51,1.0396000146865845,3.4531,8.501774653316959,7.129,7.0,843.99
2009-08-28,7.7528,78.366,24.760000228881836,72.79,1.0157999992370605,3.4456,8.487455048248,7.133,7.0,851.46
2009-08-31,7.7771,78.172,26.010000228881836,69.65,0.9682999849319458,3.3975,8.55174662357798,7.133,7.0,839.46
2009-09-01,7.913,78.76,29.149999618530273,67.73,0.9049000144004822,3.3625,8.63277460261054,7.125,7.0,842.11
2009-09-02,7.8025,78.376,28.899999618530273,67.66,0.8968999981880188,3.3056,8.61600370825851,7.125,7.0,831.04
2009-09-03,7.6444,78.465,27.100000381469727,67.12,0.9125999808311462,3.344,8.516548877464961,7.123,7.0,840.99
2009-09-04,7.6028,78.136,25.260000228881836,66.82,0.9280999898910522,3.4378,8.49103628553554,7.123,7.0,853.32
2009-09-07,7.58,78.012,25.260000228881836,66.53,0.9279999732971191,3.4415,8.44286699143677,7.098,7.0,864.98
2009-09-08,7.5171,77.323,25.6200008392334,69.42,0.9359999895095825,3.4823,8.4181779642731,7.098,7.0,880.79
2009-09-09,7.5413,77.09,24.31999969482422,69.83,0.9197999835014343,3.4711,8.41669458065376,7.098,7.0,879.94
2009-09-10,7.567,76.817,23.549999237060547,69.86,0.8797000050544739,3.3472,8.48540589394661,7.088,7.0,887.05
2009-09-11,7.441,76.608,24.149999618530273,67.69,0.9032999873161316,3.347,8.43779806941849,7.092,7.0,894.3
2009-09-14,7.46,76.695,23.860000610351562,67.44,0.9193000197410583,3.4208,8.46978853647483,7.058,7.0,884.59
2009-09-15,7.365,76.544,23.420000076293945,67.35,0.9352999925613403,3.4541,8.48917977554541,7.021,7.0,894.0
2009-09-16,7.3163,76.236,23.690000534057617,71.67,0.9837999939918518,3.469,8.46954178213212,7.013,7.0,913.51
2009-09-17,7.3858,76.188,23.649999618530273,71.55,0.9351000189781189,3.3836,8.43192983875147,7.013,7.0,919.89
2009-09-18,7.4233,76.425,23.920000076293945,71.32,0.9918000102043152,3.4632,8.46105516531256,6.996,7.0,918.9
2009-09-21,7.4738,76.776,24.059999465942383,68.69,0.9836000204086304,3.4799,8.4782965818919,6.996,7.0,910.71
2009-09-22,7.3778,76.118,23.079999923706055,70.53,0.9509999752044678,3.4445,8.5006392505176,6.979,7.0,922.31
2009-09-23,7.4445,76.047,23.489999771118164,67.99,0.9605000019073486,3.4184,8.609618505477181,6.988,7.0,918.56
2009-09-25,7.4113,76.812,25.610000610351562,65.11,0.9842000007629395,3.3184,8.66022828636023,7.013,7.0,908.07
2009-09-28,7.439,77.051,24.8799991607666,65.54,0.9684000015258789,3.2797,8.63316804979804,7.021,7.0,904.54
2009-09-29,7.4313,77.124,25.190000534057617,65.49,0.9921000003814697,3.2906,8.61323586016497,7.017,7.0,913.19
2009-09-30,7.5098,76.653,25.610000610351562,69.07,0.944599986076355,3.3053,8.68704486794206,7.017,7.0,914.05
2009-10-01,7.7088,77.188,28.270000457763672,69.19,0.8654000163078308,3.179,8.69577106321055,7.021,7.0,911.26
2009-10-02,7.6375,77.003,28.68000030517578,68.07,0.864799976348877,3.2188,8.69634530916157,7.025,7.0,901.39
2009-10-05,7.4758,76.642,26.84000015258789,68.04,0.8726000189781189,3.2205,8.736051175660139,7.025,7.0,907.02
2009-10-06,7.43,76.335,25.700000762939453,68.56,0.9042999744415283,3.2552,8.70162361481671,7.05,7.0,925.95
2009-10-07,7.432,76.494,24.68000030517578,67.2,0.8562999963760376,3.182,8.80848855323457,7.083,7.0,928.89
2009-10-08,7.3325,75.966,24.18000030517578,69.77,0.8799999952316284,3.2477,8.783406853665781,7.096,7.0,939.91
2009-10-09,7.4035,76.431,23.1200008392334,70.0,0.9596999883651733,3.3802,8.82156404100536,7.142,7.0,946.29
2009-10-12,7.3326,76.126,23.010000228881836,71.36,0.9596999883651733,3.3783,8.83770332092246,7.142,7.0,950.34
2009-10-13,7.3262,75.976,22.989999771118164,72.4,0.9032999873161316,3.3468,8.90403359966859,7.142,7.0,950.99
2009-10-14,7.2366,75.551,22.860000610351562,73.1,0.9111999869346619,3.4136,8.91265426910034,7.142,7.0,972.1
2009-10-15,7.2625,75.481,21.719999313354492,74.45,0.9434000253677368,3.4565,8.9941263315973,7.15,7.0,975.79
2009-10-16,7.35,75.597,21.43000030517578,76.99,0.9513000249862671,3.4115,9.023616822159509,7.154,7.0,966.04
2009-10-19,7.2928,75.51,21.489999771118164,77.77,0.9592999815940857,3.3891,8.99775274232946,7.179,7.0,976.97
2009-10-20,7.3656,75.565,20.899999618530273,77.24,0.9186000227928162,3.3407,9.00761580801984,7.179,7.0,972.19
2009-10-21,7.4125,74.972,22.219999313354492,79.69,0.9509999752044678,3.3853,9.007557279576089,7.183,7.0,968.28
2009-10-22,7.3968,75.094,20.690000534057617,79.51,0.9347000122070312,3.4132,9.08654871281206,7.217,7.0,961.45
2009-10-23,7.4625,75.468,22.270000457763672,78.92,0.9998999834060669,3.49,9.04532478973816,7.229,7.0,967.95
2009-10-26,7.5895,76.061,24.309999465942383,77.26,1.0246000289916992,3.5542,9.14104540242275,7.279,7.0,966.42
2009-10-27,7.6719,76.135,24.829999923706055,77.92,0.9259999990463257,3.4448,9.1021829128625,7.279,7.0,946.95
2009-10-28,7.8739,76.425,27.90999984741211,75.86,0.9366000294685364,3.4148,9.04413485989314,7.279,7.0,916.64
2009-10-29,7.738,75.917,24.760000228881836,78.04,0.9761999845504761,3.4974,8.931880172519211,7.279,7.0,921.34
2009-10-30,7.815,76.3,30.690000534057617,75.2,0.8891000151634216,3.3828,8.8477527913266,7.242,7.0,914.26
2009-11-02,7.9654,76.29,29.780000686645508,76.55,0.9126999974250793,3.4145,8.91388837564931,7.204,7.0,911.16
2009-11-03,7.8377,76.386,28.809999465942383,78.11,0.9125999808311462,3.4652,8.913513448382,7.2,7.0,903.46
2009-11-04,7.6238,75.643,27.719999313354492,78.89,0.8966000080108643,3.5237,8.80362475401499,7.2,7.0,926.14
2009-11-05,7.5904,75.741,25.43000030517578,77.99,0.8726000189781189,3.5236,8.808224065536061,7.2,7.0,930.09
2009-11-06,7.5358,75.819,24.190000534057617,75.87,0.8400999903678894,3.4971,8.7516038681395,7.163,7.0,936.36
2009-11-09,7.4313,75.026,23.149999618530273,77.77,0.8478999733924866,3.4857,8.72072419827369,7.163,7.0,959.66
2009-11-10,7.3768,75.021,22.84000015258789,77.5,0.8234000205993652,3.4724,8.76262299291537,7.163,7.0,963.09
2009-11-11,7.3638,75.162,23.040000915527344,77.95,0.823199987411499,3.4831,8.7625596687855,7.154,7.0,972.09
2009-11-12,7.468,75.596,24.239999771118164,76.02,0.8070999979972839,3.4438,8.85031761667984,7.146,7.0,958.88
2009-11-13,7.4185,75.334,23.360000610351562,75.55,0.8062999844551086,3.4177,8.88306265651417,7.133,7.0,962.51
2009-11-16,7.35,74.894,22.889999389648438,78.76,0.7657999992370605,3.3343,8.87859912795312,7.133,7.0,982.43
2009-11-17,7.4438,75.369,22.40999984741211,78.97,0.7573999762535095,3.3232,8.88157341480245,7.129,7.0,980.41
2009-11-18,7.4522,75.185,21.6299991607666,79.47,0.7408999800682068,3.3638,8.801620137218109,7.129,7.0,981.79
2009-11-19,7.5365,75.293,22.6299991607666,77.64,0.7001000046730042,3.3361,8.783701514026939,7.129,7.0,968.46
2009-11-20,7.6117,75.656,22.190000534057617,77.2,0.7232000231742859,3.3656,8.85282027298639,7.129,7.0,965.08
2009-11-23,7.5015,75.085,21.15999984741211,77.46,0.7228000164031982,3.3489,8.87784065482624,7.129,7.0,977.2
2009-11-24,7.4622,75.068,20.469999313354492,76.46,0.7263000011444092,3.3027,8.92019341558605,7.129,7.0,972.18
2009-11-25,7.3313,74.269,20.479999542236328,78.44,0.7421000003814697,3.2695,8.87324189411845,7.163,7.0,978.65
2009-11-26,7.5046,74.826,20.479999542236328,76.99,0.7421000003814697,3.2694,8.97657269703042,7.171,7.0,957.98
2009-11-27,7.4045,74.996,24.739999771118164,77.18,0.679099977016449,3.2051,8.96310503626418,7.221,7.0,941.01
2009-11-30,7.4046,74.879,24.510000228881836,78.47,0.6632000207901001,3.1978,8.94704088743134,7.225,7.0,953.13
2009-12-01,7.3,74.365,21.920000076293945,79.35,0.6710000038146973,3.2822,8.88392519348359,7.225,7.0,973.31
2009-12-02,7.3373,74.669,21.1200008392334,77.88,0.7182999849319458,3.3099,8.82327117569303,7.229,7.0,981.57
2009-12-03,7.405,74.631,22.459999084472656,78.36,0.7182999849319458,3.3842,8.83266725382701,7.229,7.0,986.07
2009-12-04,7.4245,75.911,21.25,77.52,0.8296999931335449,3.4722,8.870741904391059,7.229,7.0,983.32
2009-12-07,7.4637,75.767,22.100000381469727,76.43,0.7580000162124634,3.429,8.93150221228743,7.229,7.0,980.34
2009-12-08,7.5718,76.31,23.690000534057617,75.19,0.7181000113487244,3.3804,8.881629278348619,7.229,7.0,969.19
2009-12-09,7.5725,76.038,22.65999984741211,72.39,0.7419999837875366,3.4328,8.87261126102005,7.229,7.0,962.6
2009-12-10,7.544,76.045,22.31999969482422,71.86,0.765999972820282,3.4967,8.853788066782629,7.229,7.0,965.26
2009-12-11,7.5192,76.573,21.59000015258789,71.88,0.7982000112533569,3.5498,8.87674748237205,7.229,7.0,972.79
2009-12-14,7.3968,76.352,21.149999618530273,71.89,0.8467000126838684,3.548,8.870292721153291,7.229,7.0,979.21
2009-12-15,7.4343,76.961,21.489999771118164,72.05,0.8468000292778015,3.5861,8.88258846008423,7.229,7.0,975.01
2009-12-17,7.5394,77.694,22.510000228881836,73.37,0.75,3.478,8.90172136631837,7.229,7.0,954.93
2009-12-18,7.5646,77.821,21.68000030517578,73.75,0.7906000018119812,3.5368,8.878347673494009,7.229,7.0,950.21
2009-12-21,7.7317,78.037,20.489999771118164,72.99,0.8557999730110168,3.6745,8.899320060057,7.229,7.0,946.42
2009-12-22,7.715,78.25,19.540000915527344,73.46,0.9049000144004822,3.7538,8.94355181324612,7.229,7.0,953.92
2009-12-23,7.6135,77.897,19.709999084472656,75.45,0.921500027179718,3.7481,8.93911052531686,7.229,7.0,964.41
2009-12-24,7.5224,77.734,19.469999313354492,76.31,0.963699996471405,3.8029,8.91048384498698,7.229,7.0,973.86
2009-12-28,7.5133,77.633,19.93000030517578,77.32,1.038699984550476,3.8402,8.91875601574427,7.229,7.0,981.14
2009-12-29,7.4171,77.831,20.010000228881836,77.64,1.079200029373169,3.7972,8.9071628149617,7.229,7.0,980.58
2009-12-30,7.3875,77.914,19.959999084472656,78.03,1.079200029373169,3.7856,8.907150100788911,7.229,7.0,980.61
2009-12-31,7.398,77.86,21.68000030517578,77.93,1.1354000568389893,3.8368,8.88427101998377,7.229,7.0,989.47
2010-01-04,7.2855,77.525,20.040000915527344,80.12,1.0637999773025513,3.8155,8.92937396410955,7.229,7.0,1004.51
2010-01-05,7.3172,77.619,19.350000381469727,80.59,1.0080000162124634,3.7608,8.94834939193666,7.229,7.0,1015.26
2010-01-06,7.328,77.493,19.15999984741211,81.89,0.9919999837875366,3.8215,9.00195399512244,7.225,7.0,1021.75
2010-01-07,7.4318,77.913,19.059999465942383,81.51,1.0240000486373901,3.8235,9.058102442189531,7.225,7.0,1014.42
2010-01-08,7.3539,77.471,18.1299991607666,81.37,0.9758999943733215,3.8297,9.0859870509275,7.225,7.0,1016.41
2010-01-11,7.3768,77.005,17.549999237060547,80.97,0.935699999332428,3.818,9.12959334276534,7.225,7.0,1028.07
2010-01-12,7.4409,76.954,18.25,79.3,0.9034000039100647,3.7108,9.11986634231245,7.225,7.0,1021.18
2010-01-13,7.395,76.846,17.850000381469727,78.31,0.9596999883651733,3.7908,9.14519403775715,7.225,7.0,1012.09
2010-01-14,7.3893,76.732,17.6299991607666,77.82,0.9193000197410583,3.7382,9.16871027069331,7.23,7.0,1013.29
2010-01-15,7.3986,77.323,17.90999984741211,77.11,0.8621000051498413,3.6744,9.11693063628919,7.23,7.0,1010.77
2010-01-18,7.3914,77.064,17.90999984741211,77.1,0.8618999719619751,3.6745,9.08638522259721,7.23,7.0,1012.55
2010-01-19,7.4025,77.5,17.579999923706055,77.63,0.8862000107765198,3.6919,9.09110529950326,7.23,7.0,1013.41
2010-01-20,7.531,78.338,18.68000030517578,76.32,0.8697999715805054,3.6474,9.11225851934707,7.23,7.0,997.49
2010-01-21,7.6025,78.32,22.270000457763672,74.58,0.8289999961853027,3.5858,9.06604712678166,7.23,7.0,981.17
2010-01-22,7.6359,78.277,27.309999465942383,72.83,0.7875000238418579,3.6071,9.09877453056674,7.23,7.0,963.85
2010-01-25,7.5563,78.19,25.40999984741211,73.69,0.8116999864578247,3.6265,9.101149623871981,7.235,7.0,959.06
2010-01-26,7.5788,78.432,24.549999237060547,73.29,0.8033000230789185,3.6188,9.08258490046652,7.235,7.0,938.06
2010-01-27,7.5953,78.675,23.139999389648438,72.24,0.9146000146865845,3.6479,9.03783614024532,7.24,7.0,928.71
2010-01-28,7.597,78.904,23.729999542236328,72.13,0.8592000007629395,3.6344,8.986761590522779,7.22,7.0,940.07
2010-01-29,7.6263,79.462,24.6200008392334,71.46,0.8118000030517578,3.5844,8.94428153069365,7.19,7.0,933.59
2010-02-01,7.4938,79.242,22.59000015258789,73.11,0.8511999845504761,3.6501,8.90879643784886,7.185,7.0,934.22
2010-02-02,7.4751,79.014,21.479999542236328,76.06,0.8511999845504761,3.6405,8.87157238655462,7.18,7.0,940.43
2010-02-03,7.51,79.372,21.600000381469727,75.92,0.875,3.7047,8.925536662972421,7.19,7.0,952.26
2010-02-04,7.6925,79.916,26.079999923706055,72.13,0.8034999966621399,3.6058,8.90263893945502,7.19,7.0,926.41
2010-02-05,7.7872,80.441,26.110000610351562,69.59,0.7633000016212463,3.5654,8.9253021525005,7.19,7.0,897.7
2010-02-08,7.745,80.302,26.510000228881836,70.11,0.7631999850273132,3.5597,8.91763753887182,7.19,7.0,894.07
2010-02-09,7.6753,79.863,26.0,72.13,0.8270000219345093,3.6448,8.91348765923478,7.19,7.0,908.67
2010-02-10,7.7458,80.028,25.399999618530273,72.54,0.875,3.6897,8.92581864001804,7.19,7.0,912.49
2010-02-11,7.6232,79.994,23.959999084472656,73.05,0.8669000267982483,3.7155,8.921928289154781,7.19,7.0,922.91
2010-02-12,7.6938,80.218,22.729999542236328,72.9,0.8264999985694885,3.6928,8.89858920264678,7.19,7.0,921.75
2010-02-15,7.7303,80.332,22.729999542236328,72.51,0.8264999985694885,3.6909,8.90537474826634,7.185,7.0,924.73
2010-02-16,7.6548,79.7,22.25,75.68,0.8022000193595886,3.6569,8.855434848968411,7.185,7.0,932.55
2010-02-17,7.6175,80.376,21.719999313354492,76.27,0.8425999879837036,3.7307,8.81624996496935,7.185,7.0,945.09
2010-02-18,7.6353,80.398,20.6299991607666,77.78,0.9236000180244446,3.8012,8.87055640885591,7.185,7.0,943.11
2010-02-19,7.662,80.643,20.020000457763672,78.19,0.9157000184059143,3.7726,8.82906323500794,7.185,7.0,933.35
2010-02-22,7.72,80.507,19.940000534057617,78.61,0.8830999732017517,3.7955,8.83608524113118,7.185,7.0,943.3
2010-02-23,7.8005,80.85,21.3700008392334,77.25,0.8259999752044678,3.6834,8.88674342993065,7.185,7.0,940.21
2010-02-24,7.7338,80.849,20.270000457763672,78.09,0.8592000007629395,3.6909,8.81917992843731,7.185,7.0,933.23
2010-02-25,7.76,80.787,20.100000381469727,76.29,0.8197000026702881,3.6324,8.787565850139071,7.185,7.0,922.93
2010-02-26,7.7154,80.362,19.5,77.59,0.8118000030517578,3.6117,8.71802958545588,7.185,7.0,935.93
2010-03-01,7.642,80.658,19.260000228881836,76.89,0.7958999872207642,3.6079,8.70612115951998,7.175,7.0,947.9
2010-03-02,7.6013,80.521,19.059999465942383,78.18,0.7878999710083008,3.6041,8.66283994266,7.17,7.0,959.66
2010-03-03,7.5,79.977,18.829999923706055,79.25,0.803600013256073,3.6173,8.700814165442889,7.17,7.0,966.43
2010-03-04,7.4753,80.561,18.719999313354492,78.54,0.8511000275611877,3.6022,8.68152682513243,7.15,7.0,961.34
2010-03-05,7.4073,80.432,17.420000076293945,79.89,0.890999972820282,3.6796,8.681710013906201,7.145,7.0,974.92
2010-03-08,7.385,80.432,17.790000915527344,80.47,0.890999972820282,3.7157,8.71502467628861,7.16,7.0,986.08
2010-03-09,7.389,80.592,17.920000076293945,79.91,0.8669999837875366,3.7005,8.758813922986521,7.145,7.0,986.15
2010-03-10,7.4149,80.445,18.56999969482422,80.48,0.8989999890327454,3.7215,8.73330748548853,7.145,7.0,993.44
2010-03-11,7.4144,80.323,18.059999465942383,80.28,0.9473000168800354,3.7272,8.74270571901085,7.145,7.0,989.83
2010-03-12,7.3944,79.833,17.579999923706055,79.39,0.9476000070571899,3.7006,8.666314882883471,7.145,7.0,992.68
2010-03-15,7.3958,80.251,18.0,77.89,0.9395999908447266,3.6949,8.68638537538008,7.145,7.0,983.04
2010-03-16,7.3589,79.753,17.690000534057617,79.02,0.9072999954223633,3.6493,8.68459313380159,7.145,7.0,991.48
2010-03-17,7.2979,79.638,16.90999984741211,81.96,0.9154000282287598,3.6361,8.65677979698144,7.145,7.0,1005.77
2010-03-18,7.3101,80.225,16.6200008392334,81.48,0.9560999870300293,3.6759,8.63383511643163,7.16,7.0,1001.51
2010-03-19,7.3351,80.724,16.969999313354492,79.88,0.9890000224113464,3.6892,8.59487877728398,7.16,7.0,997.94
2010-03-23,7.325,80.896,16.350000381469727,80.7,0.9729999899864197,3.6854,8.53719533869624,7.16,7.0,994.12
2010-03-24,7.394,81.838,17.549999237060547,79.62,1.0871000289916992,3.8524,8.601747552719049,7.12,7.0,992.0
2010-03-25,7.4817,82.12,18.399999618530273,79.61,1.079200029373169,3.8777,8.52306627343323,7.11,7.0,989.95
2010-03-26,7.4309,81.676,17.770000457763672,79.29,1.0396000146865845,3.8468,8.39242270157199,6.67,6.5,993.08
2010-03-29,7.4058,81.358,17.59000015258789,81.17,1.0396000146865845,3.8643,8.45374880198992,6.685,6.5,1003.67
2010-03-30,7.3721,81.47,17.1299991607666,81.28,1.055400013923645,3.8566,8.45368030432727,6.685,6.5,1009.33
2010-03-31,7.285,81.073,17.59000015258789,82.7,1.0157999992370605,3.8257,8.44219396759955,6.67,6.5,1010.33
2010-04-01,7.2288,80.776,17.469999313354492,84.01,1.055799961090088,3.8685,8.33753328578573,6.66,6.5,1027.27
2010-04-06,7.2435,81.387,16.229999542236328,86.15,1.1360000371932983,3.9505,8.45182744078302,6.66,6.5,1039.27
2010-04-07,7.2778,81.443,16.6200008392334,85.59,1.0479999780654907,3.8531,8.42932101176112,6.65,6.5,1042.99
2010-04-08,7.2738,81.534,16.479999542236328,84.81,1.0641000270843506,3.8901,8.4810336770809,6.635,6.5,1036.31
2010-04-09,7.254,81.093,16.139999389648438,84.83,1.0563000440597534,3.8825,8.44398678827051,6.635,6.5,1044.0
2010-04-12,7.277,80.562,15.579999923706055,84.77,1.0321999788284302,3.8417,8.45818048879031,6.63,6.5,1041.38
2010-04-13,7.2998,80.507,16.200000762939453,84.72,1.0484000444412231,3.8204,8.47256977091418,6.63,6.5,1033.81
2010-04-14,7.303,80.19,15.59000015258789,86.15,1.0484000444412231,3.8593,8.44787253109881,6.62,6.5,1046.44
2010-04-15,7.308,80.482,15.890000343322754,87.17,1.0080000162124634,3.8321,8.39991765967994,6.61,6.5,1047.51
2010-04-16,7.39,80.824,18.360000610351562,85.99,0.9513000249862671,3.7626,8.35594624273666,6.6,6.5,1032.08
2010-04-19,7.4431,81.0,17.34000015258789,84.23,0.975600004196167,3.7974,8.36972937233152,6.6,6.5,1011.29
2010-04-20,7.3827,81.049,15.729999542236328,84.8,1.0081000328063965,3.7993,8.31560479251052,6.615,6.5,1022.86
2010-04-21,7.4023,81.161,16.31999969482422,85.7,0.9918000102043152,3.7356,8.275641947603921,6.615,6.5,1026.89
2010-04-22,7.467,81.567,16.469999313354492,85.67,1.024399995803833,3.7723,8.34023828074732,6.615,6.5,1020.67
2010-04-23,7.4184,81.352,16.6200008392334,87.25,1.065600037574768,3.8092,8.30482280331875,6.615,6.5,1024.07
2010-04-26,7.343,81.481,17.469999313354492,86.83,1.0492000579833984,3.8054,8.29560896734618,6.615,6.5,1035.22
2010-04-28,7.4202,82.381,21.079999923706055,86.16,1.0236999988555908,3.7628,8.44770733685372,6.6,6.5,1005.27
2010-04-29,7.3735,82.003,18.440000534057617,86.9,1.0,3.7243,8.40694288510681,6.6,6.5,1014.08
2010-04-30,7.389,81.866,22.049999237060547,87.44,0.9603000283241272,3.6532,8.36921210511729,6.6,6.5,1020.03
2010-05-03,7.4103,82.272,20.190000534057617,88.94,0.9919999837875366,3.682,8.40167020966886,6.6,6.5,1008.31
2010-05-04,7.572,83.299,23.84000015258789,85.67,0.9362999796867371,3.5902,8.459752610917699,6.615,6.5,990.64
2010-05-05,7.63,84.079,24.90999984741211,82.61,0.8567000031471252,3.5388,8.61127698131278,6.615,6.5,970.24
2010-05-06,7.781,84.894,32.79999923706055,79.83,0.7849000096321106,3.3938,8.6327686876925,6.63,6.5,948.54
2010-05-07,7.6597,84.45,40.95000076293945,78.27,0.8080000281333923,3.4255,8.78611415565422,6.63,6.5,927.04
2010-05-10,7.4899,84.156,28.84000015258789,80.12,0.8636999726295471,3.5406,8.61658906253875,6.615,6.5,967.23
2010-05-11,7.5166,84.467,28.31999969482422,80.49,0.8314999938011169,3.5235,8.57969629851063,6.615,6.5,958.83
2010-05-12,7.4638,84.828,25.520000457763672,81.2,0.8633000254631042,3.571,8.51265617672064,6.615,6.5,968.0
2010-05-13,7.4937,85.207,26.68000030517578,80.11,0.8230000138282776,3.5261,8.42822826568369,6.585,6.5,975.56
2010-05-14,7.5488,86.095,31.239999771118164,77.18,0.7820000052452087,3.4534,8.49617978437336,6.6,6.5,959.81
2010-05-17,7.557,86.205,30.84000015258789,75.1,0.7978000044822693,3.4869,8.54058425447372,6.6,6.5,939.74
2010-05-18,7.6874,87.162,33.54999923706055,74.43,0.7249000072479248,3.3462,8.540937682623941,6.615,6.5,939.78
2010-05-19,7.785,86.392,35.31999969482422,73.69,0.7730000019073486,3.3682,8.64666382515197,6.605,6.5,910.55
2010-05-20,7.9563,85.565,45.790000915527344,71.84,0.7078999876976013,3.2126,8.689846078428989,6.61,6.5,882.42
2010-05-21,7.8549,85.371,40.099998474121094,71.68,0.7635999917984009,3.2379,8.62885706776105,6.61,6.5,886.66
2010-05-24,7.843,86.206,38.31999969482422,71.17,0.722599983215332,3.1942,8.578329760937251,6.61,6.5,891.5
2010-05-25,7.8336,86.779,34.61000061035156,69.55,0.754800021648407,3.1578,8.64431703384818,6.61,6.5,855.52
2010-05-26,7.7678,87.121,35.02000045776367,71.74,0.8131999969482422,3.1886,8.5163636350409,6.61,6.5,883.18
2010-05-27,7.5663,86.185,29.68000030517578,74.66,0.8765000104904175,3.3605,8.47393190006189,6.61,6.5,904.18
2010-05-28,7.6325,86.48,32.06999969482422,74.02,0.7657999992370605,3.2922,8.46038166388935,6.61,6.5,917.05
2010-05-31,7.67,86.588,32.06999969482422,74.65,0.7657999992370605,3.2848,8.51750318523572,6.61,6.5,926.4
2010-06-01,7.7235,86.643,35.540000915527344,72.71,0.7657999992370605,3.2591,8.49876837773951,6.6,6.5,907.13
2010-06-02,7.6603,86.793,30.170000076293945,73.75,0.8054999709129333,3.34,8.48726628048115,6.6,6.5,908.55
2010-06-03,7.6925,87.136,29.459999084472656,75.41,0.8134999871253967,3.3639,8.49350187597517,6.6,6.5,924.67
2010-06-04,7.7923,88.233,35.47999954223633,72.09,0.7261000275611877,3.2023,8.60829826960671,6.6,6.5,913.49
2010-06-07,7.8181,88.405,36.56999969482422,72.12,0.710099995136261,3.1422,8.61077748011132,6.6,6.5,889.66
2010-06-08,7.751,88.394,33.70000076293945,72.3,0.7419999837875366,3.1857,8.577054587985309,6.62,6.5,891.12
2010-06-09,7.8025,87.897,33.72999954223633,74.27,0.7179999947547913,3.1729,8.548088801778029,6.63,6.5,895.21
2010-06-10,7.7069,87.169,30.56999969482422,75.29,0.7820000052452087,3.3193,8.53274142362044,6.61,6.5,906.98
2010-06-11,7.685,87.507,28.790000915527344,74.35,0.7258999943733215,3.2346,8.540482388203891,6.625,6.5,917.18
2010-06-14,7.695,86.511,28.579999923706055,75.2,0.7257999777793884,3.2529,8.520966393916531,6.625,6.5,930.3
2010-06-15,7.596,85.981,25.8700008392334,76.2,0.75,3.3025,8.546904900639051,6.625,6.5,937.68
2010-06-17,7.577,85.688,25.049999237060547,78.68,0.7014999985694885,3.1887,8.534266837866191,6.625,6.5,947.2
2010-06-18,7.4805,85.699,23.950000762939453,78.22,0.7093999981880188,3.2195,8.50210022607544,6.625,6.5,953.48
2010-06-21,7.5106,85.932,24.8799991607666,78.82,0.7092999815940857,3.2414,8.50067811972468,6.63,6.5,978.59
2010-06-22,7.5763,86.106,27.049999237060547,78.04,0.676800012588501,3.1664,8.529697822063701,6.63,6.5,967.61
2010-06-23,7.5305,85.741,26.90999984741211,76.27,0.6722999811172485,3.119,8.552586443080699,6.63,6.5,960.21
2010-06-24,7.6113,85.733,29.739999771118164,76.47,0.6801999807357788,3.1371,8.597546212554,6.63,6.5,952.13
2010-06-25,7.625,85.313,28.530000686645508,78.12,0.6485999822616577,3.1078,8.67216841924011,6.635,6.5,947.56
2010-06-28,7.5725,85.652,29.0,77.59,0.625,3.021,8.655654198545589,6.63,6.5,951.81
2010-06-29,7.6788,86.025,34.130001068115234,75.44,0.593500018119812,2.9491,8.70119042745255,6.63,6.5,924.81
2010-06-30,7.671,86.019,34.540000915527344,75.01,0.6014000177383423,2.9311,8.64248493903265,6.62,6.5,917.99
2010-07-01,7.7398,84.716,32.86000061035156,72.34,0.625,2.947,8.57698366380564,6.615,6.5,909.3
2010-07-02,7.7364,84.427,30.1200008392334,71.65,0.625,2.977,8.53563869864138,6.615,6.5,913.55
2010-07-05,7.7528,84.608,30.1200008392334,71.47,0.625,2.9733,8.54129129743096,6.615,6.5,913.11
2010-07-06,7.6568,84.083,29.649999618530273,71.45,0.6090999841690063,2.9302,8.500298828792289,6.615,6.5,930.46
2010-07-07,7.6142,83.822,26.84000015258789,73.51,0.625,2.9803,8.43284609848685,6.6,6.5,930.2
2010-07-08,7.5716,83.824,25.709999084472656,74.71,0.6169999837875366,3.0306,8.42026993495713,6.59,6.5,940.75
2010-07-09,7.5988,83.947,24.979999542236328,75.42,0.625,3.052,8.39498605888882,6.59,6.5,951.85
2010-07-12,7.6151,84.203,24.43000030517578,74.37,0.6489999890327454,3.0628,8.35548346516439,6.575,6.5,952.49
2010-07-13,7.528,83.643,24.559999465942383,76.65,0.6650999784469604,3.1208,8.309102861498339,6.565,6.5,957.22
2010-07-14,7.5215,83.426,24.889999389648438,76.77,0.6008999943733215,3.0426,8.37283221125187,6.565,6.5,961.51
2010-07-15,7.55,82.558,25.139999389648438,76.19,0.6007999777793884,2.9937,8.42235462490524,6.565,6.5,957.14
2010-07-16,7.6105,82.486,26.25,75.37,0.5845999717712402,2.9215,8.39846425355461,6.545,6.5,948.92
2010-07-19,7.6515,82.513,25.969999313354492,75.62,0.5845000147819519,2.9537,8.40478932875757,6.555,6.5,945.06
2010-07-20,7.56,82.747,23.93000030517578,76.22,0.5763999819755554,2.9481,8.312933674699199,6.525,6.5,953.68
2010-07-21,7.546,83.393,25.639999389648438,75.37,0.5519999861717224,2.8782,8.28066031763982,6.515,6.5,964.65
2010-07-22,7.4365,82.595,24.6299991607666,77.82,0.5600000023841858,2.9353,8.32250643257721,6.515,6.5,973.39
2010-07-23,7.4345,82.464,23.469999313354492,77.45,0.5842000246047974,2.9943,8.4006753154753,6.565,6.5,981.42
2010-07-26,7.342,82.087,22.729999542236328,77.5,0.5841000080108643,2.9924,8.2356101826422,6.565,6.5,985.48
2010-07-27,7.3281,82.185,23.190000534057617,76.13,0.6331999897956848,3.0485,8.18122471522173,6.575,6.5,991.04
2010-07-28,7.3555,82.179,24.25,76.06,0.6092000007629395,2.985,8.09364642565233,6.575,6.5,991.29
2010-07-29,7.3288,81.636,24.1299991607666,77.59,0.5777000188827515,2.9794,8.1284810004248,6.565,6.5,993.84
2010-07-30,7.2972,81.539,23.5,78.18,0.5461000204086304,2.9052,8.105314413228,6.565,6.5,991.41
2010-08-02,7.3027,80.938,22.010000228881836,80.82,0.5539000034332275,2.9609,8.126099206806039,6.585,6.5,1012.94
2010-08-03,7.2748,80.596,22.6299991607666,82.68,0.5300999879837036,2.9085,8.137998357131341,6.585,6.5,1009.67
2010-08-04,7.2658,80.892,22.209999084472656,82.2,0.5616000294685364,2.9498,8.19230332632779,6.585,6.5,1011.48
2010-08-05,7.2473,80.825,22.100000381469727,81.61,0.5299000144004822,2.9011,8.21876889031897,6.585,6.5,1011.72
2010-08-06,7.225,80.407,21.739999771118164,80.16,0.5055999755859375,2.8166,8.17050605377966,6.585,6.5,1010.95
2010-08-10,7.2139,80.799,22.3700008392334,79.6,0.5212000012397766,2.7593,8.18191946618574,6.585,6.5,1001.7
2010-08-11,7.3075,82.29,25.389999389648438,77.64,0.5131000280380249,2.6814,8.07582887981358,6.585,6.5,982.23
2010-08-12,7.3037,82.635,25.729999542236328,75.52,0.536899983882904,2.7455,7.974869982032649,6.585,6.5,976.18
2010-08-13,7.307,82.948,26.239999771118164,75.11,0.5285000205039978,2.6716,7.99470348351057,6.565,6.5,980.47
2010-08-16,7.2713,82.533,26.100000381469727,74.85,0.48019999265670776,2.5626,7.97811171058653,6.565,6.5,985.24
2010-08-17,7.2671,82.226,24.329999923706055,76.93,0.4961000084877014,2.6321,7.83804116336117,6.565,6.5,993.79
2010-08-18,7.2742,82.223,24.59000015258789,76.47,0.4959000051021576,2.6321,7.779129370986899,6.545,6.5,994.1
2010-08-19,7.289,82.447,26.440000534057617,75.3,0.4796000123023987,2.575,7.800707173405021,6.545,6.5,994.25
2010-08-20,7.3175,83.057,25.489999771118164,74.26,0.4871000051498413,2.6106,7.723588633083341,6.545,6.5,988.16
2010-08-23,7.37,83.123,25.65999984741211,73.62,0.4787999987602234,2.5981,7.77862318807294,6.545,6.5,986.3
2010-08-24,7.3741,83.146,27.459999084472656,72.38,0.46230000257492065,2.488,7.68048745453034,6.54,6.5,973.58
2010-08-25,7.3298,83.261,26.700000762939453,73.48,0.5164999961853027,2.534,7.6158641912207,6.53,6.5,962.64
2010-08-26,7.3155,82.934,27.3700008392334,75.02,0.5164999961853027,2.4755,7.70953819024868,6.5,6.5,966.05
2010-08-27,7.3102,82.918,24.450000762939453,76.65,0.5480999946594238,2.6447,7.7169647338999,6.425,6.5,970.04
2010-08-30,7.3486,83.164,27.209999084472656,76.6,0.492900013923645,2.5285,7.77288504608999,6.395,6.5,972.29
2010-08-31,7.374,83.202,26.049999237060547,74.64,0.46939998865127563,2.4683,7.78501451064415,6.38,6.5,970.05
2010-09-01,7.3032,82.522,23.889999389648438,76.35,0.5011000037193298,2.573,7.74407992573065,6.375,6.5,989.76
2010-09-02,7.2372,82.463,23.190000534057617,76.93,0.4934000074863434,2.6231,7.810048553927131,6.375,6.5,995.28
2010-09-03,7.1953,82.102,21.309999465942383,76.67,0.5099999904632568,2.697,7.808181170098891,6.335,6.5,1003.75
2010-09-06,7.2324,82.042,21.309999465942383,76.87,0.5101000070571899,2.7025,7.8176442804479995,6.325,6.5,1011.73
2010-09-07,7.2728,82.82,23.799999237060547,77.74,0.47839999198913574,2.5944,7.74124870678211,6.32,6.5,1006.14
2010-09-08,7.2358,82.585,23.25,78.17,0.5102999806404114,2.6555,7.71094822512986,6.31,6.5,1004.55
2010-09-09,7.227,82.674,22.809999465942383,77.47,0.5665000081062317,2.7588,7.64172032613974,6.275,6.5,1009.09
2010-09-10,7.1913,82.698,21.989999771118164,78.16,0.567300021648407,2.7917,7.6317828313071905,6.045,6.0,1012.98
2010-09-13,7.1286,81.912,21.209999084472656,79.03,0.5273000001907349,2.748,7.6728674961625,6.055,6.0,1033.64
2010-09-14,7.0871,81.08,21.559999465942383,79.16,0.49540001153945923,2.679,7.6717364932266,6.035,6.0,1035.51
2010-09-15,7.1023,81.491,22.100000381469727,78.91,0.4794999957084656,2.7207,7.626228662371839,6.035,6.0,1038.11
2010-09-16,7.1518,81.241,21.719999313354492,78.48,0.4715999960899353,2.7608,7.710628226721,6.035,6.0,1031.06
2010-09-17,7.1407,81.398,22.010000228881836,78.21,0.46389999985694885,2.7372,7.86404844475226,6.035,6.0,1035.94
2010-09-20,7.1363,81.335,21.5,79.32,0.45590001344680786,2.7026,7.85780738152118,6.055,6.0,1044.18
2010-09-21,7.0535,80.439,22.350000381469727,78.42,0.4154999852180481,2.5727,7.79449166127031,6.035,6.0,1043.95
2010-09-22,7.0426,79.83,22.510000228881836,77.95,0.4318000078201294,2.5583,7.68490345551677,6.035,6.0,1047.95
2010-09-23,7.0597,80.01,23.8700008392334,78.11,0.4156000018119812,2.5511,7.6677850914755,6.035,6.0,1047.16
2010-09-27,7.0158,79.338,22.540000915527344,78.57,0.415800005197525,2.5242,7.65449225720788,6.015,6.0,1061.57
2010-09-28,6.9442,79.014,22.600000381469727,78.71,0.4300000071525574,2.4653,7.656542445195471,6.015,6.0,1061.32
2010-09-29,6.972,78.691,23.25,80.77,0.4300000071525574,2.5027,7.65542878796484,6.015,6.0,1070.38
2010-09-30,6.963,78.72,23.700000762939453,82.31,0.4221999943256378,2.5098,7.78247457968125,6.03,6.0,1075.53
2010-10-01,6.9309,78.088,22.5,83.75,0.41449999809265137,2.5097,7.824376884311721,6.025,6.0,1086.09
2010-10-04,6.9922,78.447,23.530000686645508,83.28,0.4065999984741211,2.4758,7.907226805642539,6.045,6.0,1090.76
2010-10-05,6.8888,77.749,21.760000228881836,84.84,0.3986999988555908,2.4722,7.861233724074281,6.025,6.0,1096.86
2010-10-06,6.857,77.386,21.489999771118164,85.06,0.3828999996185303,2.3976,7.77666919388314,6.035,6.0,1106.75
2010-10-07,6.8843,77.387,21.559999465942383,83.43,0.35120001435279846,2.3834,7.780034017021591,6.035,6.0,1102.82
2010-10-08,6.84,77.325,20.709999084472656,84.03,0.34310001134872437,2.392,7.81067934565444,6.035,6.0,1101.27
2010-10-11,6.869,77.442,18.959999084472656,83.72,0.34299999475479126,2.3919,7.8025076676845,6.045,6.0,1107.67
2010-10-12,6.854,77.363,18.93000030517578,83.5,0.367000013589859,2.4309,7.77300008262867,6.035,6.0,1098.95
2010-10-13,6.8168,77.071,19.06999969482422,84.64,0.35899999737739563,2.422,7.70826816156282,6.003,6.0,1117.69
2010-10-14,6.7798,76.647,19.8799991607666,84.53,0.375,2.5076,7.67913864012627,5.995,6.0,1127.19
2010-10-15,6.8413,77.041,19.030000686645508,82.45,0.3589000105857849,2.5597,7.70867986797745,5.985,6.0,1121.43
2010-10-18,6.8763,76.934,19.09000015258789,84.37,0.3589000105857849,2.5075,7.6706520564032,6.005,6.0,1112.42
2010-10-19,6.9678,78.184,20.6299991607666,81.1,0.3589000105857849,2.4752,7.80249799885185,5.985,6.0,1097.66
2010-10-20,6.9483,77.171,19.790000915527344,83.6,0.3427000045776367,2.4788,7.814485605866139,5.969,6.0,1101.28
2010-10-21,6.9887,77.418,19.270000457763672,81.83,0.3506999909877777,2.5452,7.822051792891339,5.965,6.0,1106.23
2010-10-22,6.9385,77.472,18.780000686645508,82.96,0.350600004196167,2.5541,7.85862970761814,5.965,6.0,1105.19
2010-10-25,6.9274,77.103,19.850000381469727,83.54,0.3587000072002411,2.5613,7.79619865929391,5.965,6.0,1115.3
2010-10-26,6.9553,77.708,20.219999313354492,83.66,0.3912999927997589,2.6393,7.8045521061676,5.965,6.0,1116.61
2010-10-27,7.0714,78.149,20.709999084472656,83.23,0.41429999470710754,2.7198,7.8192433129481405,5.965,6.0,1098.93
2010-10-28,7.0083,77.308,20.8799991607666,83.59,0.35929998755455017,2.6576,7.760599317389199,5.955,6.0,1102.82
2010-10-29,6.999,77.266,21.200000762939453,83.15,0.33570000529289246,2.5993,7.71711211537122,5.915,6.0,1105.75
2010-11-01,6.9749,77.296,21.829999923706055,84.62,0.3434999883174896,2.6229,7.7127765417806495,5.905,6.0,1120.85
2010-11-02,6.8973,76.722,21.56999969482422,85.41,0.3434999883174896,2.5866,7.674389815489071,5.895,6.0,1124.19
2010-11-03,6.8673,76.481,19.559999465942383,86.38,0.3276999890804291,2.5702,7.6445976075742,5.895,6.0,1132.44
2010-11-04,6.805,75.882,18.520000457763672,88.0,0.32760000228881836,2.489,7.57274149590762,5.895,6.0,1151.08
2010-11-05,6.7749,76.548,18.260000228881836,88.11,0.3671000003814697,2.5304,7.570992165923079,5.895,6.0,1155.94
2010-11-08,6.8256,77.027,18.290000915527344,88.46,0.39879998564720154,2.5502,7.629016324603111,5.895,6.0,1154.18
2010-11-09,6.8863,77.443,19.079999923706055,88.33,0.43869999051094055,2.6558,7.65896358357781,5.865,6.0,1154.62
2010-11-10,6.8871,77.634,18.469999313354492,88.96,0.42289999127388,2.6286,7.73716206612358,5.865,6.0,1147.95
2010-11-11,6.938,78.217,18.639999389648438,88.81,0.42309999465942383,2.6447,7.726116545917209,5.855,6.0,1138.84
2010-11-12,6.965,78.082,20.610000610351562,86.34,0.503600001335144,2.7871,7.70962204234311,5.868,6.0,1121.17
2010-11-15,6.9916,78.518,20.200000762939453,86.7,0.5357999801635742,2.9593,7.75393638130579,5.868,6.0,1115.05
2010-11-16,7.0415,79.21,22.579999923706055,84.73,0.49570000171661377,2.84,7.73451939831526,5.855,6.0,1100.57
2010-11-17,7.0235,79.084,21.760000228881836,83.28,0.4797999858856201,2.8766,7.84853022058809,5.865,6.0,1093.82
2010-11-18,6.9749,78.617,18.75,85.05,0.4961000084877014,2.895,7.738985702367129,5.855,6.0,1110.98
2010-11-19,7.0021,78.504,18.040000915527344,84.34,0.5047000050544739,2.8713,7.72830495560764,5.554,5.5,1112.02
2010-11-22,6.9999,78.682,18.3700008392334,83.96,0.4641999900341034,2.8019,7.7544120771447,5.56,5.5,1113.65
2010-11-23,7.1147,79.681,20.6299991607666,83.25,0.4528999924659729,2.7729,7.792670576256509,5.55,5.5,1090.01
2010-11-24,7.0665,79.867,19.559999465942383,85.84,0.531499981880188,2.912,7.961825947667591,5.54,5.5,1096.72
2010-11-25,7.0415,79.73,19.559999465942383,86.1,0.531499981880188,2.9085,7.96620890154998,5.55,5.5,1099.06
2010-11-26,7.153,80.357,22.219999313354492,85.58,0.5078999996185303,2.8663,8.15444477620787,5.55,5.5,1081.06
2010-11-29,7.1119,80.835,21.530000686645508,87.34,0.5078999996185303,2.8205,8.20912606801172,5.55,5.5,1080.69
2010-11-30,7.1032,81.195,23.540000915527344,85.92,0.4528000056743622,2.7968,8.127275795676269,5.55,5.5,1075.85
2010-12-01,7.0247,80.713,21.360000610351562,88.87,0.531499981880188,2.9642,8.0240653186818,5.56,5.5,1097.5
2010-12-02,6.8976,80.303,19.389999389648438,90.69,0.5394999980926514,2.9885,8.06778043799275,5.56,5.5,1114.03
2010-12-03,6.876,79.377,18.010000228881836,91.42,0.4683000147342682,3.0055,7.9802366324002,5.56,5.5,1121.78
2010-12-06,6.8813,79.571,18.020000457763672,91.45,0.4207000136375427,2.9201,7.999291986875059,5.56,5.5,1126.43
2010-12-07,6.9233,79.857,17.989999771118164,91.39,0.5317999720573425,3.1257,7.98841671274597,5.55,5.5,1130.48
2010-12-08,6.9198,79.997,17.739999771118164,90.77,0.6274999976158142,3.2723,8.13618400270175,5.55,5.5,1115.25
2010-12-09,6.8741,80.069,17.25,90.99,0.619700014591217,3.2037,8.11104407861928,5.55,5.5,1116.56
2010-12-10,6.8655,80.07,17.610000610351562,90.48,0.6363000273704529,3.319,8.02790261899652,5.55,5.5,1114.79
2010-12-13,6.8379,79.284,17.549999237060547,91.19,0.5802000164985657,3.275,8.06825598171114,5.55,5.5,1122.85
2010-12-14,6.8381,79.367,17.610000610351562,91.21,0.6528000235557556,3.4727,8.02490984628292,5.55,5.5,1128.89
2010-12-15,6.8637,80.261,17.940000534057617,92.2,0.6690999865531921,3.5318,8.08321708708694,5.56,5.5,1120.29
2010-12-17,6.88,80.373,16.110000610351562,91.67,0.6051999926567078,3.3279,8.077709155134109,5.56,5.5,1115.42
2010-12-20,6.8388,80.628,16.40999984741211,92.74,0.5971999764442444,3.3358,8.06117580948577,5.55,5.5,1111.01
2010-12-21,6.8261,80.718,16.489999771118164,93.2,0.6054999828338623,3.3031,8.02761001424483,5.55,5.5,1124.34
2010-12-22,6.7961,80.727,15.449999809265137,93.65,0.6299999952316284,3.3458,8.040613908128421,5.55,5.5,1126.49
2010-12-23,6.7544,80.522,16.469999313354492,94.25,0.6553999781608582,3.3892,8.03785834714285,5.55,5.5,1127.78
2010-12-24,6.738,80.474,16.469999313354492,93.77,0.6474000215530396,3.3933,8.03570633493996,5.55,5.5,1126.83
2010-12-28,6.6769,80.365,17.520000457763672,94.38,0.7433000206947327,3.4795,8.024054515820241,5.54,5.5,1125.9
2010-12-29,6.6524,79.796,17.280000686645508,94.14,0.6328999996185303,3.3489,8.0312273074785,5.54,5.5,1136.89
2010-12-30,6.6379,79.521,17.520000457763672,93.09,0.6407999992370605,3.3646,7.968195645651551,5.54,5.5,1145.79
2010-12-31,6.6291,79.028,17.75,94.75,0.5934000015258789,3.2935,7.95233489216967,5.55,5.5,1151.38
2011-01-03,6.6275,79.127,17.610000610351562,94.84,0.5932999849319458,3.3324,7.9079549986708,5.54,5.5,1163.5
2011-01-04,6.6688,79.444,17.3799991607666,93.53,0.6171000003814697,3.3287,7.867126186790769,5.54,5.5,1165.05
2011-01-05,6.6959,80.258,17.020000457763672,95.5,0.7045000195503235,3.4654,7.83364207331619,5.54,5.5,1160.98
2011-01-06,6.7919,80.791,17.399999618530273,94.52,0.6647999882698059,3.3932,7.89750591929554,5.53,5.5,1154.99
2011-01-07,6.8045,81.012,17.139999389648438,93.33,0.5931000113487244,3.3237,7.92042272732069,5.53,5.5,1147.14
2011-01-10,6.8192,80.881,17.540000915527344,95.7,0.569100022315979,3.2832,8.016548329079018,5.53,5.5,1136.2
2011-01-11,6.8805,80.846,16.889999389648438,97.61,0.5849999785423279,3.3396,7.989569584567981,5.54,5.5,1143.14
2011-01-12,6.8308,80.031,16.239999771118164,98.12,0.6008999943733215,3.365,8.08188985688893,5.55,5.5,1163.07
2011-01-13,6.8441,79.191,16.389999389648438,98.06,0.5767999887466431,3.2972,8.147761668187629,5.55,5.5,1163.03
2011-01-14,6.9351,79.162,15.460000038146973,98.68,0.5684999823570251,3.3231,8.194622404275199,5.55,5.5,1160.03
2011-01-17,6.8953,79.337,15.460000038146973,97.43,0.5764999985694885,3.3291,8.33722456223414,5.55,5.5,1154.55
2011-01-18,6.9067,78.962,15.869999885559082,97.8,0.5845000147819519,3.3663,8.38209395351555,5.55,5.5,1159.0
2011-01-19,6.9931,78.64,17.309999465942383,98.16,0.5683000087738037,3.339,8.31778675513234,5.55,5.5,1161.19
2011-01-20,7.0815,78.823,17.989999771118164,96.58,0.625,3.4488,8.291241038673821,5.55,5.5,1143.16
2011-01-21,7.0568,78.213,18.469999313354492,97.6,0.6086999773979187,3.4042,8.47092005615577,5.56,5.5,1136.65
2011-01-24,7.0021,78.05,17.649999618530273,96.61,0.625,3.4044,8.39916074681879,5.56,5.5,1136.69
2011-01-25,7.0593,78.002,17.59000015258789,95.25,0.5759999752044678,3.3284,8.31322497995351,5.57,5.5,1135.92
2011-01-26,7.0702,77.898,16.639999389648438,97.91,0.625,3.4146,8.29129122691637,5.575,5.5,1142.49
2011-01-27,7.0622,77.727,16.149999618530273,97.39,0.5777999758720398,3.3873,8.30826655101038,5.575,5.5,1141.82
2011-01-28,7.18,78.133,20.040000915527344,99.42,0.5385000109672546,3.3214,8.38942454729324,5.575,5.5,1126.29
2011-01-31,7.1855,77.735,19.530000686645508,101.01,0.5619999766349792,3.3704,8.42238986654929,5.58,5.5,1119.08
2011-02-01,7.1212,77.067,17.6299991607666,101.74,0.6013000011444092,3.4394,8.35777615981916,5.575,5.5,1130.74
2011-02-02,7.166,77.158,17.299999237060547,102.34,0.6565999984741211,3.4771,8.288948408790391,5.575,5.5,1135.32
2011-02-03,7.2647,77.748,16.690000534057617,101.76,0.704200029373169,3.5488,8.37851252392104,5.575,5.5,1133.12
2011-02-04,7.2531,78.044,15.930000305175781,99.83,0.7444000244140625,3.6356,8.38039490447952,5.575,5.5,1129.69
2011-02-07,7.2342,78.029,16.280000686645508,99.25,0.7605999708175659,3.6299,8.36152070838566,5.575,5.5,1128.27
2011-02-08,7.1943,77.999,15.8100004196167,99.92,0.848800003528595,3.7373,8.31276488136805,5.575,5.5,1126.94
2011-02-09,7.2137,77.641,15.869999885559082,101.82,0.7929999828338623,3.6465,8.28860600756774,5.575,5.5,1110.32
2011-02-10,7.275,78.25,16.09000015258789,100.87,0.8334000110626221,3.6928,8.30627848224368,5.575,5.5,1089.28
2011-02-11,7.2788,78.46,15.6899995803833,101.43,0.8342000246047974,3.6288,8.31496036828806,5.575,5.5,1091.16
2011-02-14,7.2881,78.614,15.949999809265137,103.08,0.8425999879837036,3.6194,8.30978004376036,5.575,5.5,1105.58
2011-02-15,7.3365,78.573,16.3700008392334,101.64,0.8185999989509583,3.6044,8.31301790924153,5.575,5.5,1104.1
2011-02-16,7.2571,78.223,16.719999313354492,103.78,0.8270000219345093,3.6193,8.29137889165642,5.575,5.5,1108.58
2011-02-17,7.1642,77.995,16.59000015258789,102.59,0.7623999714851379,3.5725,8.25806443528478,5.575,5.5,1111.92
2011-02-18,7.142,77.664,16.43000030517578,102.52,0.7469000220298767,3.5799,8.23419398493128,5.575,5.5,1122.01
2011-02-21,7.1478,77.689,16.43000030517578,105.74,0.755299985408783,3.5874,8.25994793290273,5.575,5.5,1120.48
2011-02-22,7.1639,77.768,20.799999237060547,105.78,0.6901999711990356,3.4533,8.33623969826348,5.575,5.5,1101.66
2011-02-23,7.1117,77.409,22.1299991607666,111.25,0.7433000206947327,3.4848,8.40649512937278,5.575,5.5,1096.0
2011-02-24,7.0475,77.057,21.31999969482422,111.36,0.7354000210762024,3.4477,8.505791828777081,5.575,5.5,1087.1
2011-02-25,7.0245,77.275,19.219999313354492,112.14,0.7117000222206116,3.4125,8.484974147186081,5.575,5.5,1099.46
2011-02-28,6.9687,76.889,18.350000381469727,111.8,0.6801999807357788,3.4272,8.49835589713063,5.58,5.5,1107.77
2011-03-01,6.9992,77.049,21.010000228881836,115.42,0.6407999992370605,3.3921,8.52592927061458,5.575,5.5,1112.15
2011-03-02,6.8775,76.671,20.700000762939453,116.35,0.6883000135421753,3.4697,8.420194188180009,5.575,5.5,1113.31
2011-03-03,6.9161,76.483,18.600000381469727,114.79,0.7598000168800354,3.5554,8.4705882675673,5.575,5.5,1127.45
2011-03-04,6.8765,76.4,19.059999465942383,115.97,0.6807000041007996,3.49,8.57346532566146,5.575,5.5,1138.47
2011-03-07,6.8756,76.496,20.65999984741211,115.04,0.6966999769210815,3.5123,8.61621785242165,5.575,5.5,1132.02
2011-03-08,6.8786,76.798,19.81999969482422,113.06,0.7207000255584717,3.5477,8.64472962251547,5.575,5.5,1135.77
2011-03-09,6.8619,76.721,20.219999313354492,115.94,0.6888999938964844,3.4675,8.58533408423119,5.575,5.5,1135.67
2011-03-10,6.924,77.276,21.8799991607666,115.43,0.6330000162124634,3.3584,8.612861137088949,5.575,5.5,1115.69
2011-03-11,6.8798,76.776,20.079999923706055,113.84,0.640999972820282,3.4025,8.59918077242258,5.575,5.5,1108.52
2011-03-14,6.8181,76.349,21.1299991607666,113.67,0.5928000211715698,3.3563,8.55557397469449,5.575,5.5,1116.91
2011-03-15,6.965,76.328,24.31999969482422,108.52,0.6007999777793884,3.303,8.508789147807349,5.575,5.5,1092.65
2011-03-16,7.0909,76.681,29.399999618530273,110.62,0.5444999933242798,3.17,8.53788281971335,5.575,5.5,1096.33
2011-03-17,7.1099,76.041,26.3700008392334,114.9,0.5845000147819519,3.255,8.58547759367876,5.575,5.5,1091.45
2011-03-18,6.9972,75.718,24.440000534057617,113.93,0.5845000147819519,3.2678,8.56641727927641,5.575,5.5,1098.6
2011-03-22,6.8974,75.434,20.209999084472656,115.7,0.649399995803833,3.3263,8.519057394779821,5.575,5.5,1120.09
2011-03-23,6.9417,75.794,19.170000076293945,115.55,0.6575000286102295,3.3501,8.466541008775689,5.575,5.5,1123.62
2011-03-24,6.869,75.656,18.0,115.72,0.6901999711990356,3.4037,8.42950556517365,5.575,5.5,1134.71
2011-03-25,6.8491,76.217,17.90999984741211,115.59,0.7315000295639038,3.4388,8.43365042719949,5.575,5.5,1143.94
2011-03-28,6.8671,76.128,19.440000534057617,114.8,0.7480999827384949,3.4313,8.43213528845533,5.575,5.5,1138.36
2011-03-29,6.855,76.249,18.15999984741211,115.16,0.8130999803543091,3.4872,8.4692511558145,5.575,5.5,1142.56
2011-03-30,6.8228,76.118,17.709999084472656,115.13,0.7815999984741211,3.4349,8.5091231891472,5.575,5.5,1159.52
2011-03-31,6.7743,75.857,17.739999771118164,117.36,0.8210999965667725,3.4703,8.485445262227021,5.58,5.5,1170.87
2011-04-01,6.6978,75.833,17.399999618530273,118.7,0.7975999712944031,3.4422,8.42850812751866,5.575,5.5,1185.12
2011-04-04,6.7199,75.912,17.5,121.06,0.7578999996185303,3.4179,8.34715778415878,5.575,5.5,1193.13
2011-04-05,6.7255,75.882,17.25,122.22,0.8136000037193298,3.4795,8.35290791784359,5.575,5.5,1194.83
2011-04-06,6.6855,75.514,16.899999618530273,122.3,0.8296999931335449,3.5452,8.27808207926339,5.575,5.5,1203.47
2011-04-07,6.6655,75.585,17.110000610351562,122.67,0.7818999886512756,3.5451,8.25883722676267,5.575,5.5,1202.24
2011-04-08,6.637,75.066,17.8700008392334,126.65,0.8061000108718872,3.5772,8.21707383981313,5.575,5.5,1206.03
2011-04-11,6.6873,75.056,16.59000015258789,123.98,0.8222000002861023,3.5847,8.285261308184271,5.575,5.5,1200.24
2011-04-12,6.7433,74.853,17.09000015258789,120.92,0.7419999837875366,3.4904,8.3409023338205,5.575,5.5,1177.31
2011-04-13,6.8119,74.98,16.920000076293945,122.88,0.7258999943733215,3.4585,8.36641143538386,5.575,5.5,1185.32
2011-04-14,6.8313,74.685,16.270000457763672,122.36,0.7660999894142151,3.4979,8.34776936639914,5.575,5.5,1182.21
2011-04-15,6.7981,74.832,15.319999694824219,123.45,0.6934000253677368,3.4079,8.272382557032481,5.575,5.5,1181.57
2011-04-18,6.8397,75.504,16.959999084472656,121.61,0.6610000133514404,3.3743,8.33641708778409,5.575,5.5,1162.08
2011-04-19,6.822,75.029,15.829999923706055,121.33,0.6446999907493591,3.3631,8.289815895331829,5.575,5.5,1166.41
2011-04-20,6.7743,74.368,15.069999694824219,123.85,0.6607999801635742,3.4077,8.261006360434619,5.575,5.5,1194.99
2011-04-21,6.718,74.109,14.6899995803833,123.99,0.6603000164031982,3.3963,8.2562720504404,5.575,5.5,1205.9
2011-04-26,6.6755,73.837,15.619999885559082,124.14,0.6029000282287598,3.307,8.26310310981223,5.575,5.5,1203.33
2011-04-28,6.5983,73.121,14.619999885559082,125.02,0.6171000003814697,3.3106,8.24176960998083,5.575,5.5,1200.71
2011-04-29,6.5686,72.933,14.75,125.89,0.6013000011444092,3.2863,8.260617033516999,5.575,5.5,1204.03
2011-05-03,6.6394,73.14,16.700000762939453,122.45,0.6013000011444092,3.2473,8.223785560330379,5.575,5.5,1185.76
2011-05-04,6.6837,73.031,17.079999923706055,121.19,0.5853999853134155,3.2159,8.2441472320201,5.575,5.5,1170.93
2011-05-05,6.725,74.194,18.200000762939453,110.8,0.5734000205993652,3.1499,8.30470734066134,5.575,5.5,1161.68
2011-05-06,6.7051,74.841,18.399999618530273,109.13,0.5493000149726868,3.1459,8.21599974571306,5.575,5.5,1163.34
2011-05-09,6.7217,74.737,17.15999984741211,115.9,0.5453000068664551,3.1604,8.19942108705772,5.575,5.5,1161.94
2011-05-10,6.7434,74.611,15.90999984741211,117.63,0.5849999785423279,3.2135,8.15384739110455,5.575,5.5,1166.64
2011-05-11,6.8844,75.327,16.950000762939453,112.57,0.5450000166893005,3.1593,8.17328232260931,5.575,5.5,1165.91
2011-05-12,6.8979,75.24,16.030000686645508,112.98,0.5508999824523926,3.2225,8.17900466033842,5.575,5.5,1147.58
2011-05-13,7.0206,75.757,17.06999969482422,113.83,0.5325000286102295,3.1709,8.287832845023061,5.575,5.5,1144.69
2011-05-16,7.001,75.47,18.239999771118164,112.73,0.5203999876976013,3.147,8.29568086119538,5.575,5.5,1136.66
2011-05-17,6.9535,75.399,17.549999237060547,109.99,0.5202000141143799,3.1158,8.22139619499369,5.575,5.5,1133.39
2011-05-19,6.8692,75.123,15.520000457763672,111.42,0.5239999890327454,3.1709,8.122533296666191,5.575,5.5,1140.42
2011-05-20,6.9147,75.435,17.43000030517578,112.39,0.5113999843597412,3.1451,8.12223173890634,5.575,5.5,1140.55
2011-05-23,7.0215,76.104,18.270000457763672,110.1,0.5234000086784363,3.1286,8.16890788503572,5.575,5.5,1113.8
2011-05-24,6.98,75.882,17.81999969482422,112.53,0.5029000043869019,3.1139,8.12564338049384,5.575,5.5,1124.62
2011-05-25,7.0252,75.932,17.06999969482422,114.93,0.5353999733924866,3.1304,8.16189600288926,5.575,5.5,1118.02
2011-05-26,6.9584,75.549,16.09000015258789,115.05,0.48429998755455017,3.0572,8.10067490103455,5.575,5.5,1133.37
2011-05-27,6.929,74.954,15.979999542236328,115.03,0.4763999879360199,3.0735,8.06850361473539,5.575,5.5,1147.82
2011-05-30,6.9323,74.958,15.979999542236328,114.68,0.4763999879360199,3.0735,8.06684149440753,5.575,5.5,1148.15
2011-05-31,6.8021,74.638,15.449999809265137,116.73,0.4684999883174896,3.0607,8.12947450780741,5.58,5.5,1167.97
2011-06-01,6.8354,74.677,18.299999237060547,114.53,0.43309998512268066,2.9408,8.006741854471661,5.575,5.5,1166.72
2011-06-02,6.715,74.333,18.09000015258789,115.54,0.45660001039505005,3.0297,8.01618868305869,5.575,5.5,1158.96
2011-06-03,6.7137,73.783,17.950000762939453,115.84,0.42480000853538513,2.9859,8.01734956050489,5.575,5.5,1155.51
2011-06-06,6.7936,73.952,18.489999771118164,114.48,0.4207000136375427,2.995,8.01916825107243,5.575,5.5,1149.0
2011-06-07,6.7107,73.521,18.06999969482422,116.78,0.40470001101493835,2.9949,7.97666322258174,5.575,5.5,1152.56
2011-06-08,6.7272,73.93,18.790000915527344,117.85,0.3808000087738037,2.9387,8.01269601419438,5.575,5.5,1145.47
2011-06-09,6.7437,74.192,17.770000457763672,119.57,0.4163999855518341,2.9967,8.02794334360678,5.575,5.5,1142.24
2011-06-10,6.8063,74.795,18.860000610351562,118.78,0.39809998869895935,2.9693,8.10817833378019,5.575,5.5,1128.85
2011-06-13,6.7901,74.512,19.610000610351562,119.1,0.3919000029563904,2.9838,8.13225214304269,5.575,5.5,1124.67
2011-06-14,6.7604,74.332,18.260000228881836,120.16,0.4397999942302704,3.0972,8.15029199959469,5.575,5.5,1134.4
2011-06-15,6.8399,75.601,21.31999969482422,117.1,0.37560001015663147,2.9692,8.21923349994012,5.575,5.5,1127.8
2011-06-17,6.7619,74.988,21.850000381469727,113.21,0.3749000132083893,2.9445,8.21584755312091,5.575,5.5,1103.74
2011-06-20,6.79,75.029,19.989999771118164,111.69,0.37070000171661377,2.958,8.22996577077275,5.575,5.5,1098.33
2011-06-21,6.7167,74.541,18.860000610351562,110.95,0.36649999022483826,2.9835,8.1712070387454,5.575,5.5,1113.03
2011-06-22,6.7871,74.783,18.520000457763672,114.21,0.3702999949455261,2.9825,8.17771036426211,5.575,5.5,1116.25
2011-06-23,6.8358,75.447,19.290000915527344,107.26,0.3418000042438507,2.9116,8.2156188982161,5.575,5.5,1105.31
2011-06-24,6.9005,75.665,21.100000381469727,105.12,0.32899999618530273,2.8636,8.15449703846469,5.575,5.5,1115.67
2011-06-27,6.8674,75.392,20.559999465942383,105.99,0.3939000070095062,2.9305,8.13456148814965,5.575,5.5,1112.54
2011-06-28,6.8541,75.063,19.170000076293945,108.78,0.4731999933719635,3.0308,8.16097217569207,5.575,5.5,1121.14
2011-06-29,6.798,74.691,17.270000457763672,112.4,0.46140000224113464,3.1118,8.22727353441647,5.575,5.5,1132.79
2011-06-30,6.7693,74.303,16.520000457763672,112.48,0.4575999975204468,3.16,8.215318566974041,5.58,5.5,1146.22
2011-07-01,6.7308,74.349,15.869999885559082,111.77,0.47189998626708984,3.1823,8.2259882970887,5.575,5.5,1156.74
2011-07-04,6.7237,74.275,15.869999885559082,111.39,0.47189998626708984,3.1823,8.19058917122932,5.575,5.5,1169.49
2011-07-05,6.7459,74.691,16.059999465942383,113.61,0.42649999260902405,3.121,8.19133530379116,5.575,5.5,1166.2
2011-07-06,6.7387,75.122,16.34000015258789,113.62,0.42260000109672546,3.108,8.14419993671383,5.575,5.5,1161.17
2011-07-07,6.6746,74.957,15.949999809265137,118.59,0.4683000147342682,3.1377,8.10256810225972,5.575,5.5,1167.61
2011-07-08,6.7085,75.179,15.949999809265137,118.33,0.39089998602867126,3.0268,8.090167182281501,5.575,5.5,1163.93
2011-07-11,6.8414,75.989,18.389999389648438,117.24,0.35510000586509705,2.9189,8.15741578934945,5.575,5.5,1142.82
2011-07-12,6.8786,75.809,19.8700008392334,117.75,0.35100001096725464,2.877,8.242841199481669,5.575,5.5,1121.27
2011-07-13,6.7978,75.208,19.90999984741211,118.78,0.35100001096725464,2.8824,8.23663481780271,5.575,5.5,1137.88
2011-07-14,6.8372,75.253,20.799999237060547,118.32,0.367000013589859,2.9534,8.203452223038001,5.575,5.5,1135.42
2011-07-15,6.8846,75.126,19.530000686645508,117.26,0.3528999984264374,2.9058,8.20351207795733,5.575,5.5,1135.6
2011-07-18,6.9748,75.483,20.950000762939453,116.05,0.3628999888896942,2.9276,8.25262428742471,5.575,5.5,1122.39
2011-07-19,6.9289,75.221,19.209999084472656,117.06,0.3709999918937683,2.8802,8.22412011873022,5.575,5.5,1129.0
2011-07-20,6.8666,74.792,19.09000015258789,118.15,0.3790000081062317,2.9275,8.11829730076926,5.575,5.5,1136.79
2011-07-21,6.7741,74.015,17.559999465942383,117.51,0.3993000090122223,3.0136,8.0627803152844,5.575,5.5,1143.29
2011-07-22,6.774,74.201,17.520000457763672,118.67,0.3871999979019165,2.9621,8.07216894313105,5.575,5.5,1153.18
2011-07-25,6.7662,74.064,19.350000381469727,117.94,0.4074999988079071,3.0006,8.10386255753606,5.575,5.5,1148.18
2011-07-26,6.6828,73.474,20.229999542236328,118.28,0.3871999979019165,2.9529,8.12163648158546,5.575,5.5,1156.56
2011-07-27,6.6718,74.087,22.979999542236328,117.43,0.44190001487731934,2.9803,8.09139497451708,5.575,5.5,1148.99
2011-07-28,6.7333,74.222,23.739999771118164,117.36,0.41830000281333923,2.9454,8.09590687227987,5.575,5.5,1145.4
2011-07-29,6.691,73.897,25.25,116.74,0.3553999960422516,2.7961,8.07367273502898,5.575,5.5,1137.73
2011-08-01,6.7267,74.262,23.65999984741211,116.81,0.3671000003814697,2.7437,7.9639024211696094,5.575,5.5,1147.6
2011-08-02,6.7837,74.513,24.790000915527344,116.46,0.3158999979496002,2.6114,7.9061017516678795,5.585,5.5,1126.97
2011-08-03,6.7208,74.044,23.3799991607666,113.23,0.3336000144481659,2.6202,7.82439793775506,5.585,5.5,1102.59
2011-08-04,6.9375,75.124,31.65999984741211,107.25,0.2547000050544739,2.4028,7.724376773434851,5.595,5.5,1073.02
2011-08-05,6.9246,74.598,32.0,109.37,0.28780001401901245,2.5585,7.82381423355852,5.595,5.5,1041.07
2011-08-08,7.2031,74.791,48.0,103.74,0.2599000036716461,2.3179,7.8597778341643805,5.595,5.5,990.18
2011-08-10,7.2645,74.636,42.9900016784668,106.68,0.18029999732971191,2.1061,7.73101191694769,5.595,5.5,980.74
2011-08-11,7.2066,74.677,39.0,108.02,0.18400000035762787,2.3399,7.85510795981546,5.595,5.5,989.95
2011-08-12,7.181,74.607,36.36000061035156,108.03,0.18719999492168427,2.2548,7.93939213306387,5.605,5.5,989.74
2011-08-15,7.0701,73.836,31.8700008392334,109.91,0.19089999794960022,2.3053,7.86649092459824,5.585,5.5,1013.41
2011-08-16,7.1539,74.01,32.849998474121094,109.47,0.1826000064611435,2.2196,7.747764475128339,5.595,5.5,1018.64
2011-08-17,7.0925,73.674,31.579999923706055,110.6,0.19040000438690186,2.1652,7.67983806484593,5.595,5.5,1024.45
2011-08-18,7.1897,74.244,42.66999816894531,106.99,0.19009999930858612,2.0624,7.546608759632701,5.595,5.5,995.44
2011-08-19,7.1872,74.009,43.04999923706055,108.62,0.18930000066757202,2.0623,7.491855943024669,5.585,5.5,970.16
2011-08-22,7.202,74.074,42.439998626708984,108.36,0.2011999934911728,2.1058,7.4489004468707805,5.575,5.5,966.06
2011-08-23,7.183,73.894,36.27000045776367,109.31,0.21709999442100525,2.153,7.478874384656101,5.575,5.5,985.8
2011-08-24,7.2657,74.012,35.900001525878906,110.15,0.22689999639987946,2.2994,7.68013270857786,5.575,5.5,978.21
2011-08-25,7.2398,74.279,39.7599983215332,110.62,0.20720000565052032,2.2286,7.69277514682775,5.575,5.5,973.05
2011-08-26,7.1476,73.814,35.59000015258789,111.36,0.1876000016927719,2.1899,7.60056402661355,5.575,5.5,975.92
2011-08-29,7.053,73.721,32.279998779296875,111.88,0.20329999923706055,2.2561,7.572472532911791,5.575,5.5,1004.57
2011-08-30,7.0709,73.946,32.88999938964844,114.02,0.19550000131130219,2.1767,7.54406525988383,5.575,5.5,1013.68
2011-08-31,6.9915,74.117,31.6200008392334,114.85,0.19949999451637268,2.2234,7.67878119360644,5.58,5.5,1033.15
2011-09-01,7.0058,74.479,31.81999969482422,114.29,0.18000000715255737,2.1302,7.56979818754705,5.575,5.5,1038.0
2011-09-02,7.0601,74.756,33.91999816894531,112.33,0.19609999656677246,1.9857,7.50676494916061,5.575,5.5,1021.88
2011-09-05,7.1295,75.112,33.91999816894531,110.08,0.19609999656677246,1.9857,7.446922577643001,5.575,5.5,989.59
2011-09-06,7.1597,75.952,37.0,112.89,0.19619999825954437,1.984,7.36697785059834,5.575,5.5,988.05
2011-09-07,7.1354,75.467,33.380001068115234,115.8,0.20020000636577606,2.0429,7.52445396624596,5.575,5.5,1009.75
2011-09-08,7.1781,76.246,34.31999969482422,114.55,0.188400000333786,1.9787,7.385488231860999,5.575,5.5,1013.53
2011-09-09,7.2845,77.192,38.52000045776367,112.77,0.1687999963760376,1.9183,7.52304573319759,5.575,5.5,992.31
2011-09-12,7.4127,77.578,38.59000015258789,112.25,0.20469999313354492,1.9475,7.73677244824272,5.575,5.5,969.97
2011-09-13,7.3032,76.919,36.90999984741211,111.89,0.20090000331401825,1.9906,7.852211475636641,5.575,5.5,964.43
2011-09-14,7.3919,76.833,34.599998474121094,112.4,0.1850000023841858,1.9837,7.90293199276126,5.575,5.5,952.55
2011-09-15,7.3954,76.241,31.969999313354492,115.34,0.1890999972820282,2.082,7.780780684554579,5.575,5.5,963.72
2011-09-16,7.4915,76.599,30.979999542236328,112.22,0.16519999504089355,2.0479,7.78086950357403,5.575,5.5,976.84
2011-09-19,7.6574,77.146,32.72999954223633,109.14,0.15320000052452087,1.9506,7.97279941553328,5.575,5.5,949.39
2011-09-20,7.7371,77.03,32.86000061035156,110.54,0.16130000352859497,1.9385,7.8962741585515,5.575,5.5,951.15
2011-09-21,8.2521,77.342,37.31999969482422,110.36,0.19359999895095825,1.8576,7.91531185271443,5.575,5.5,940.02
2011-09-22,8.4704,78.455,41.349998474121094,105.49,0.19779999554157257,1.718,8.06674538571845,5.575,5.5,880.64
2011-09-23,8.1198,78.501,41.25,103.97,0.21639999747276306,1.8334,8.1954236985357,5.575,5.5,861.53
2011-09-26,8.0562,78.363,39.02000045776367,103.94,0.22669999301433563,1.9002,8.10968917673281,5.575,5.5,851.51
2011-09-27,7.8679,77.506,37.709999084472656,107.14,0.23499999940395355,1.9711,7.95434468643415,5.575,5.5,893.47
2011-09-28,7.9297,77.852,41.08000183105469,103.81,0.24650000035762787,1.9797,7.94162478128814,5.575,5.5,891.05
2011-09-29,7.9622,78.028,38.84000015258789,103.95,0.2581999897956848,1.9962,8.013257237386942,5.575,5.5,894.48
2011-09-30,8.0967,78.553,42.959999084472656,102.76,0.24300000071525574,1.9154,8.099785396663869,5.58,5.5,880.43
2011-10-03,8.2897,79.431,45.45000076293945,101.71,0.2313999980688095,1.756,8.10999422989892,5.575,5.5,852.24
2011-10-04,8.0903,79.597,40.81999969482422,99.79,0.25130000710487366,1.8207,8.08442518460442,5.575,5.5,831.22
2011-10-05,7.9683,78.919,37.810001373291016,102.73,0.25540000200271606,1.8877,7.99948941802968,5.575,5.5,836.54
2011-10-06,7.9366,78.634,36.27000045776367,105.73,0.26350000500679016,1.9872,8.01224604795939,5.575,5.5,864.08
2011-10-07,8.0018,78.726,36.20000076293945,105.88,0.2881999909877777,2.0764,7.93552658286127,5.575,5.5,883.9
2011-10-10,7.8506,77.494,33.02000045776367,108.95,0.2881999909877777,2.0764,7.8100101389188294,5.575,5.5,898.27
2011-10-11,7.9366,77.585,32.86000061035156,110.73,0.3003999888896942,2.1496,7.903555605890849,5.575,5.5,909.43
2011-10-12,7.8363,76.994,31.260000228881836,111.36,0.28459998965263367,2.2101,7.85079395824142,5.575,5.5,923.15
2011-10-13,7.8778,76.996,30.700000762939453,111.11,0.2768000066280365,2.1834,7.94135896923307,5.575,5.5,930.47
2011-10-14,7.832,76.623,28.239999771118164,114.68,0.2653999924659729,2.2477,7.89806379820283,5.575,5.5,935.5
2011-10-17,7.9958,77.146,33.38999938964844,110.16,0.2655999958515167,2.155,7.92305226896101,5.575,5.5,941.02
2011-10-18,7.9669,77.138,31.559999465942383,111.15,0.26579999923706055,2.1763,7.98188253188791,5.575,5.5,925.13
2011-10-19,8.042,77.114,34.439998626708984,108.39,0.26600000262260437,2.1603,7.89839089340532,5.575,5.5,932.95
2011-10-20,8.1856,76.974,34.779998779296875,109.76,0.2621999979019165,2.1888,7.83658821818075,5.575,5.5,907.71
2011-10-21,8.0408,76.395,31.31999969482422,109.56,0.2667999863624573,2.2192,7.88055255635364,5.575,5.5,920.07
2011-10-24,7.879,76.028,29.260000228881836,111.45,0.2791999876499176,2.2336,7.9226700793367995,5.575,5.5,949.39
2011-10-25,7.9224,76.122,32.220001220703125,110.92,0.24279999732971191,2.1089,7.815699975494581,5.575,5.5,955.28
2011-10-26,7.94,76.246,29.860000610351562,108.91,0.28529998660087585,2.2041,7.81486020904828,5.575,5.5,960.38
2011-10-27,7.7222,74.879,25.459999084472656,112.08,0.30880001187324524,2.3964,7.68078303450088,5.575,5.5,993.81
2011-10-28,7.7259,75.067,24.530000686645508,109.91,0.2892000079154968,2.3167,7.69308379651557,5.575,5.5,1010.12
2011-10-31,7.9599,76.166,29.959999084472656,109.56,0.23819999396800995,2.1133,7.73024299194586,5.58,5.5,995.0
2011-11-01,8.101,77.261,34.77000045776367,109.54,0.2362000048160553,1.9889,7.82791864944196,5.575,5.5,968.69
2011-11-02,7.9884,77.017,32.7400016784668,109.34,0.2264000028371811,1.9854,7.796861066768219,5.575,5.5,977.11
2011-11-03,7.8696,76.672,30.5,110.83,0.23819999396800995,2.0734,7.735734551747139,5.575,5.5,973.99
2011-11-04,7.9047,76.962,30.15999984741211,111.97,0.2184000015258789,2.0327,7.700594899672369,5.575,5.5,989.63
2011-11-07,7.9356,76.962,29.850000381469727,114.56,0.23420000076293945,2.0371,7.71622206355741,5.575,5.5,990.29
2011-11-08,7.8312,76.586,27.479999542236328,115.0,0.23810000717639923,2.0769,7.62676254312977,5.575,5.5,990.56
2011-11-09,8.0552,77.926,36.15999984741211,112.31,0.22619999945163727,1.9615,7.71834873924613,5.575,5.5,980.01
2011-11-10,7.9785,77.743,32.810001373291016,113.71,0.23000000417232513,2.0564,7.70835934793442,5.575,5.5,953.95
2011-11-11,7.9365,76.945,30.040000915527344,114.16,0.23000000417232513,2.0564,7.77699061075501,5.575,5.5,971.15
2011-11-14,8.005,77.569,31.1299991607666,111.89,0.23000000417232513,2.0556,7.852681738819969,5.575,5.5,976.86
2011-11-15,8.1718,77.872,31.219999313354492,112.39,0.23800000548362732,2.0451,7.91684904559584,5.575,5.5,969.2
2011-11-16,8.1897,78.016,33.5099983215332,111.88,0.24199999868869781,2.0,7.883879636301059,5.575,5.5,960.05
2011-11-17,8.2209,78.282,34.5099983215332,108.22,0.2621000111103058,1.9602,7.89793618283941,5.575,5.5,951.97
2011-11-18,8.1975,78.064,32.0,107.56,0.2782000005245209,2.0104,7.86695160400841,5.575,5.5,934.08
2011-11-21,8.3385,78.3,32.90999984741211,106.88,0.2621000111103058,1.955,7.93060944014812,5.575,5.5,909.84
2011-11-22,8.3894,78.266,31.969999313354492,109.03,0.25780001282691956,1.917,8.034832926306839,5.575,5.5,909.34
2011-11-23,8.5893,79.141,33.97999954223633,107.02,0.26179999113082886,1.8835,8.06169895648146,5.575,5.5,885.26
2011-11-24,8.4758,79.141,33.97999954223633,107.78,0.26179999113082886,1.8835,8.00178577180877,5.575,5.5,888.24
2011-11-25,8.5427,79.686,34.470001220703125,106.4,0.273499995470047,1.9635,8.0038194050712,5.575,5.5,877.4
2011-11-28,8.3881,79.263,32.130001068115234,109.0,0.2538999915122986,1.9739,7.94612652697493,5.575,5.5,902.28
2011-11-29,8.3427,79.007,30.639999389648438,110.82,0.2538999915122986,1.9913,7.969182613433171,5.575,5.5,909.48
2011-11-30,8.1089,78.384,27.799999237060547,110.52,0.2538999915122986,2.068,7.78870821433838,5.58,5.5,928.32
2011-12-01,8.086,78.328,27.40999984741211,108.99,0.2538999915122986,2.0873,7.77678701943257,5.58,5.5,959.12
2011-12-02,8.0437,78.625,27.520000457763672,109.94,0.25,2.0331,7.64594040046801,5.58,5.5,960.83
2011-12-05,8.0582,78.57,27.84000015258789,109.81,0.2578999996185303,2.0436,7.68580326894034,5.58,5.5,966.19
2011-12-06,8.0278,78.499,28.1299991607666,110.81,0.2540000081062317,2.0891,7.73008858236464,5.58,5.5,953.5
2011-12-07,8.0063,78.485,28.670000076293945,109.53,0.23420000076293945,2.0296,7.76472960654198,5.58,5.5,959.33
2011-12-08,8.2678,78.832,30.59000015258789,108.11,0.218299999833107,1.9704,7.79801138043391,5.58,5.5,947.59
2011-12-09,8.0959,78.632,26.3799991607666,108.62,0.22210000455379486,2.0611,7.85477498167625,5.58,5.5,934.18
2011-12-12,8.2733,79.534,25.670000076293945,107.26,0.22210000455379486,2.0121,7.94252533904823,5.58,5.5,924.91
2011-12-13,8.3625,80.242,25.40999984741211,109.5,0.23000000417232513,1.9651,7.97208036169279,5.58,5.5,916.86
2011-12-14,8.4279,80.589,26.040000915527344,105.02,0.23800000548362732,1.9027,8.10029221780065,5.58,5.5,903.95
2011-12-15,8.4192,80.321,25.110000610351562,105.09,0.23800000548362732,1.9079,8.0034718762859,5.58,5.5,896.68
2011-12-19,8.3972,80.25,24.920000076293945,103.64,0.23389999568462372,1.8096,7.97580327897891,5.58,5.5,888.77
2011-12-20,8.1935,79.882,23.219999313354492,106.73,0.2549000084400177,1.9233,7.9426522609495205,5.585,5.5,900.79
2011-12-21,8.2368,80.022,21.43000030517578,107.71,0.27059999108314514,1.9668,7.846902747284649,5.585,5.5,916.2
2011-12-22,8.1897,79.964,21.15999984741211,107.89,0.27459999918937683,1.9476,7.817653651175959,5.585,5.5,919.55
2011-12-23,8.1621,79.93,20.729999542236328,107.96,0.2824000120162964,2.0244,7.812945856583001,5.585,5.5,927.7
2011-12-28,8.2174,80.497,23.520000457763672,107.56,0.26669999957084656,1.9162,7.8168288320110095,5.59,5.5,913.11
2011-12-29,8.175,80.486,22.649999618530273,108.01,0.26669999957084656,1.8988,7.8154070170488,5.59,5.5,914.21
2011-12-30,8.09,80.178,23.399999618530273,107.38,0.23909999430179596,1.8762,7.79718751337678,5.595,5.5,916.39
2012-01-03,8.0641,79.611,22.969999313354492,112.13,0.2549999952316284,1.9474,7.81093785023699,5.595,5.5,939.91
2012-01-04,8.1242,80.129,22.219999313354492,113.7,0.25920000672340393,1.9771,7.93574231489971,5.6,5.5,937.54
2012-01-05,8.1789,80.936,21.479999542236328,112.74,0.25929999351501465,1.9946,7.957142497246079,5.6,5.5,932.44
2012-01-06,8.1756,81.254,20.6299991607666,113.06,0.25589999556541443,1.9578,7.955703642279779,5.6,5.5,927.06
2012-01-09,8.1586,81.051,21.06999969482422,112.45,0.24420000612735748,1.9578,8.00300737578682,5.6,5.5,930.87
2012-01-10,8.111,80.805,20.690000534057617,113.28,0.24040000140666962,1.9683,7.92231428946956,5.6,5.5,948.82
2012-01-11,8.0929,81.351,21.049999237060547,112.24,0.22859999537467957,1.9037,7.9187428414034295,5.6,5.5,948.65
2012-01-12,8.051,80.77,20.469999313354492,111.26,0.22869999706745148,1.9228,7.861519543976179,5.595,5.5,953.48
2012-01-13,8.1299,81.515,20.90999984741211,110.44,0.22130000591278076,1.8636,7.91330061373913,5.601,5.5,952.92
2012-01-16,8.1092,81.515,20.90999984741211,111.2,0.22130000591278076,1.8636,7.8904272838894105,5.601,5.5,951.83
2012-01-17,8.0301,81.182,22.200000762939453,111.53,0.21739999949932098,1.8566,7.8763911358006204,5.601,5.5,972.35
2012-01-18,7.9575,80.609,20.889999389648438,110.66,0.22550000250339508,1.8983,7.80414583851397,5.601,5.5,980.93
2012-01-19,7.9337,80.216,19.8700008392334,111.55,0.2337999939918518,1.977,7.77872011293308,5.596,5.5,991.38
2012-01-20,7.9516,80.223,18.280000686645508,109.86,0.2402999997138977,2.0246,7.77219338102929,5.596,5.5,995.08
2012-01-23,7.933,79.783,18.670000076293945,110.58,0.23440000414848328,2.0511,7.75271166851508,5.596,5.5,999.64
2012-01-24,7.9364,79.868,18.90999984741211,110.03,0.2345000058412552,2.06,7.726747503222691,5.596,5.5,997.6
2012-01-25,7.8898,79.579,18.309999465942383,109.81,0.22259999811649323,1.9946,7.76512946995888,5.596,5.5,999.6
2012-01-26,7.7922,79.395,18.56999969482422,110.79,0.21080000698566437,1.9313,7.60472222823844,5.596,5.5,1014.98
2012-01-27,7.7559,78.902,18.530000686645508,111.46,0.21080000698566437,1.891,7.57411933162164,5.596,5.5,1016.61
2012-01-30,7.8414,79.167,19.399999618530273,110.75,0.21080000698566437,1.8439,7.60217386760995,5.596,5.5,1006.17
2012-01-31,7.8108,79.288,19.440000534057617,110.98,0.21469999849796295,1.7971,7.60226111860936,5.6,5.5,1019.39
2012-02-01,7.6884,78.922,18.549999237060547,111.56,0.2224999964237213,1.8265,7.564845757720461,5.596,5.5,1029.85
2012-02-02,7.6469,78.991,17.979999542236328,112.07,0.2224999964237213,1.8212,7.521198183723491,5.596,5.5,1043.96
2012-02-03,7.5218,78.924,17.100000381469727,114.58,0.23019999265670776,1.9224,7.55513049656586,5.596,5.5,1048.36
2012-02-06,7.5521,79.069,17.760000228881836,115.93,0.23019999265670776,1.9066,7.6359896456232,5.596,5.5,1047.22
2012-02-07,7.5599,78.576,17.649999618530273,116.23,0.2460000067949295,1.9734,7.63713991968729,5.596,5.5,1048.56
2012-02-08,7.5524,78.641,18.15999984741211,117.2,0.2540000081062317,1.9822,7.6742254982637395,5.596,5.5,1060.7
2012-02-09,7.5847,78.566,18.6299991607666,118.59,0.26190000772476196,2.0364,7.72056385876415,5.6,5.5,1061.68
2012-02-10,7.7493,79.114,20.790000915527344,117.31,0.27390000224113464,1.9862,7.74155226060049,5.6,5.5,1042.15
2012-02-13,7.6813,78.946,19.040000915527344,117.93,0.28600001335144043,1.9741,7.68353493118876,5.6,5.5,1053.0
2012-02-14,7.7247,79.58,19.540000915527344,118.16,0.28200000524520874,1.9361,7.715436381300179,5.6,5.5,1046.96
2012-02-15,7.7623,79.67,21.139999389648438,118.93,0.2619999945163727,1.9275,7.710797356067819,5.6,5.5,1058.47
2012-02-16,7.7826,79.348,19.219999313354492,120.11,0.29010000824928284,1.9827,7.74512364113908,5.6,5.5,1049.24
2012-02-17,7.7418,79.331,17.780000686645508,119.58,0.2903999984264374,2.0017,7.672758873011561,5.6,5.5,1062.46
2012-02-20,7.676,79.331,17.780000686645508,120.05,0.2903999984264374,2.0017,7.66855325143752,5.6,5.5,1066.51
2012-02-21,7.7393,79.044,18.190000534057617,121.66,0.2985000014305115,2.0591,7.697440384467689,5.6,5.5,1064.41
2012-02-22,7.7364,79.211,18.190000534057617,122.9,0.296999990940094,2.0034,7.693852624989329,5.6,5.5,1064.56
2012-02-23,7.6599,78.819,16.799999237060547,123.62,0.3009999990463257,1.9965,7.74229399605814,5.6,5.5,1059.26
2012-02-24,7.5986,78.352,17.309999465942383,125.47,0.30489999055862427,1.9757,7.723309144989191,5.6,5.5,1067.56
2012-02-27,7.553,78.568,18.190000534057617,124.17,0.28529998660087585,1.9255,7.736562883880301,5.6,5.5,1056.51
2012-02-28,7.4716,78.273,17.959999084472656,121.55,0.2892000079154968,1.9428,7.71126531082173,5.6,5.5,1068.82
2012-02-29,7.5063,78.737,18.43000030517578,122.66,0.29319998621940613,1.9705,7.710502496331751,5.6,5.5,1079.44
2012-03-01,7.4403,78.789,17.260000228881836,126.2,0.28929999470710754,2.0261,7.765799385825891,5.6,5.5,1076.42
2012-03-02,7.5208,79.403,17.290000915527344,123.65,0.2736999988555908,1.9739,7.76171622617239,5.6,5.5,1079.94
2012-03-05,7.5514,79.3,18.049999237060547,123.8,0.29350000619888306,2.0104,7.764029524905371,5.6,5.5,1065.3
2012-03-06,7.6516,79.866,20.8700008392334,121.98,0.2777000069618225,1.9427,7.7538165875316105,5.6,5.5,1041.2
2012-03-07,7.5964,79.712,19.06999969482422,124.12,0.30149999260902405,1.9756,7.737025379494559,5.6,5.5,1037.71
2012-03-08,7.4816,79.139,17.950000762939453,125.44,0.30559998750686646,2.0121,7.69175297267739,5.6,5.5,1052.69
2012-03-09,7.5692,80.041,17.110000610351562,125.98,0.31779998540878296,2.0279,7.7133711558542,5.6,5.5,1060.01
2012-03-12,7.5461,79.89,15.640000343322754,125.34,0.32190001010894775,2.0331,7.70517243672235,5.6,5.5,1050.5
2012-03-13,7.5274,80.193,14.800000190734863,126.22,0.34599998593330383,2.1263,7.69998102680147,5.6,5.5,1066.54
2012-03-14,7.7008,80.565,15.3100004196167,124.97,0.3862000107765198,2.2686,7.85994033011665,5.6,5.5,1066.83
2012-03-15,7.628,80.15,15.420000076293945,123.55,0.36230000853538513,2.2794,7.846551620853159,5.6,5.5,1065.45
2012-03-16,7.5577,79.786,14.470000267028809,125.81,0.3587000072002411,2.294,7.825087334539551,5.6,5.5,1063.34
2012-03-19,7.5421,79.452,15.039999961853027,125.71,0.3790999948978424,2.3772,7.838538802011439,5.6,5.5,1061.31
2012-03-20,7.6166,79.593,15.579999923706055,124.12,0.391400009393692,2.3591,7.931029297650551,5.6,5.5,1049.79
2012-03-22,7.7007,79.736,15.569999694824219,123.14,0.36340001225471497,2.2781,7.90105837670943,5.6,5.5,1040.58
2012-03-23,7.6806,79.345,14.819999694824219,125.13,0.3517000079154968,2.2317,7.854898505443909,5.6,5.5,1041.96
2012-03-26,7.5815,78.982,14.260000228881836,125.65,0.34360000491142273,2.2479,7.7754398446331505,5.6,5.5,1044.31
2012-03-27,7.6033,79.047,15.59000015258789,125.54,0.31929999589920044,2.1836,7.8157920250899195,5.6,5.5,1055.42
2012-03-28,7.6751,79.126,15.470000267028809,124.16,0.34049999713897705,2.1997,7.86181037209519,5.6,5.5,1043.9
2012-03-29,7.7197,79.186,15.479999542236328,122.39,0.33649998903274536,2.1587,7.85180113138535,5.6,5.5,1032.6
2012-03-30,7.673,79.004,15.5,122.88,0.3287000060081482,2.2088,7.753488321776179,5.6,5.5,1041.45
2012-04-02,7.652,78.82,15.640000343322754,125.43,0.3228999972343445,2.182,7.7235683119421195,5.6,5.5,1047.72
2012-04-03,7.7448,79.483,15.65999984741211,124.86,0.3684000074863434,2.2988,7.77811812590496,5.6,5.5,1055.63
2012-04-04,7.8345,79.778,16.440000534057617,122.34,0.3407999873161316,2.2233,7.844166853072029,5.6,5.5,1037.33
2012-04-05,7.8382,80.076,16.700000762939453,123.43,0.33739998936653137,2.1805,7.87256822716763,5.6,5.5,1037.26
2012-04-10,7.9909,79.891,20.389999389648438,119.88,0.2858000099658966,1.9823,7.8774448121803395,5.6,5.5,1016.17
2012-04-11,8.0095,79.795,20.020000457763672,120.18,0.289900004863739,2.0351,7.850195767881201,5.6,5.5,1016.21
2012-04-12,7.8722,79.285,17.200000762939453,121.71,0.2858999967575073,2.051,7.824077684057749,5.6,5.5,1024.9
2012-04-13,7.9491,79.888,19.549999237060547,121.83,0.26600000262260437,1.9823,7.825380539526449,5.6,5.5,1027.31
2012-04-16,7.9373,79.555,19.549999237060547,118.68,0.26809999346733093,1.9805,7.83413023227864,5.6,5.5,1020.0
2012-04-17,7.8135,79.476,18.459999084472656,118.78,0.2700999975204468,1.9981,7.62399309968346,5.6,5.5,1020.08
2012-04-18,7.8437,79.538,18.639999389648438,117.97,0.2660999894142151,1.9753,7.60643998189952,5.6,5.5,1023.75
2012-04-19,7.8537,79.561,18.360000610351562,118.0,0.2660999894142151,1.9665,7.6088553255875295,5.6,5.5,1023.49
2012-04-20,7.8123,79.194,17.440000534057617,118.76,0.26420000195503235,1.9629,7.5313631269461405,5.6,5.5,1021.51
2012-04-23,7.845,79.42,18.969999313354492,118.71,0.2581000030040741,1.9349,7.61535934466539,5.6,5.5,1007.96
2012-04-24,7.7967,79.225,18.100000381469727,118.16,0.2662000060081482,1.9735,7.57649292167501,5.6,5.5,1011.13
2012-04-25,7.7492,79.012,16.81999969482422,119.12,0.26570001244544983,1.984,7.60008295877867,5.6,5.5,1011.54
2012-04-26,7.7627,78.919,16.239999771118164,119.92,0.25780001282691956,1.9383,7.5844687645066395,5.6,5.5,1015.94
2012-04-30,7.7774,78.776,17.149999618530273,119.47,0.25589999556541443,1.9137,7.57893560482328,5.6,5.5,1026.02
2012-05-02,7.7208,79.132,16.8799991607666,118.2,0.26179999113082886,1.9277,7.500878875392571,5.6,5.5,1029.83
2012-05-03,7.7372,79.221,17.559999465942383,116.08,0.2578999996185303,1.9312,7.44280692306794,5.6,5.5,1024.27
2012-05-04,7.831,79.498,19.15999984741211,113.18,0.2540000081062317,1.8786,7.45650353879324,5.6,5.5,1012.96
2012-05-07,7.7979,79.603,18.940000534057617,113.16,0.2540000081062317,1.8716,7.51762526211643,5.6,5.5,1001.85
2012-05-08,7.8924,79.738,19.049999237060547,112.73,0.2540000081062317,1.8402,7.56382455598975,5.6,5.5,992.55
2012-05-09,7.9931,80.08,20.079999923706055,113.2,0.2540000081062317,1.8227,7.67583629046401,5.6,5.5,977.9
2012-05-10,8.0181,80.112,18.829999923706055,112.73,0.257999986410141,1.867,7.61649804725322,5.6,5.5,980.69
2012-05-11,8.097,80.264,19.889999389648438,112.26,0.257999986410141,1.8376,7.6369664010250995,5.6,5.5,971.01
2012-05-14,8.2082,80.606,21.8700008392334,111.57,0.2619999945163727,1.7637,7.72746465133054,5.6,5.5,952.0
2012-05-15,8.3073,81.221,21.969999313354492,112.24,0.27399998903274536,1.7671,7.713354583703751,5.6,5.5,946.1
2012-05-16,8.3209,81.372,22.270000457763672,111.71,0.28610000014305115,1.7603,7.693565121872551,5.6,5.5,924.26
2012-05-17,8.3351,81.383,24.489999771118164,107.49,0.29420000314712524,1.6971,7.632248128651869,5.6,5.5,920.78
2012-05-18,8.3381,81.292,25.100000381469727,107.14,0.2924000024795532,1.7226,7.57621621360378,5.6,5.5,906.61
2012-05-21,8.2251,81.084,22.010000228881836,108.81,0.2863999903202057,1.7414,7.5492510207791295,5.6,5.5,913.39
2012-05-22,8.3279,81.493,22.479999542236328,108.41,0.2904999852180481,1.7688,7.52142380841556,5.6,5.5,919.28
2012-05-23,8.3853,82.094,22.329999923706055,105.56,0.2892000079154968,1.7346,7.6384139425396,5.6,5.5,896.96
2012-05-24,8.3584,82.347,21.540000915527344,106.55,0.296999990940094,1.7774,7.592764770336021,5.6,5.5,902.09
2012-05-25,8.4058,82.402,21.760000228881836,106.83,0.28529998660087585,1.738,7.583015940722169,5.6,5.5,902.13
2012-05-28,8.3436,82.402,21.760000228881836,107.11,0.28529998660087585,1.738,7.60505668276597,5.6,5.5,909.42
2012-05-29,8.3139,82.48,21.030000686645508,106.68,0.2892000079154968,1.7448,7.6382520408219206,5.6,5.5,921.71
2012-05-30,8.5325,83.018,24.139999389648438,103.47,0.26570001244544983,1.622,7.665534866089669,5.6,5.5,907.88
2012-05-31,8.523,83.043,24.059999465942383,101.87,0.26179999113082886,1.5578,7.6798597902736105,5.6,5.5,906.3
2012-06-01,8.5753,82.89,26.65999984741211,98.43,0.24609999358654022,1.452,7.67256215146627,5.6,5.5,893.86
2012-06-04,8.4991,82.557,26.1200008392334,98.85,0.25,1.5239,7.69826440274365,5.6,5.5,882.46
2012-06-05,8.4247,82.825,24.68000030517578,98.84,0.25,1.5744,7.689260060222811,5.6,5.5,886.41
2012-06-06,8.3122,82.321,22.15999984741211,100.64,0.26190000772476196,1.6592,7.6104480987777805,5.6,5.5,902.57
2012-06-07,8.3759,82.051,21.719999313354492,99.93,0.26579999923706055,1.6388,7.5729671051011,5.6,5.5,913.18
2012-06-08,8.3876,82.511,21.229999542236328,99.47,0.26589998602867126,1.6353,7.61749517002877,5.6,5.5,905.17
2012-06-11,8.4693,82.515,23.559999465942383,98.0,0.26589998602867126,1.586,7.59864643353529,5.6,5.5,914.87
2012-06-12,8.4004,82.423,22.09000015258789,97.14,0.289900004863739,1.6642,7.57554140597161,5.595,5.5,913.0
2012-06-13,8.3988,82.058,24.270000457763672,97.13,0.28999999165534973,1.5927,7.568258679336,5.595,5.5,919.47
2012-06-14,8.376,81.99,21.68000030517578,97.03,0.2939999997615814,1.642,7.52602366827328,5.595,5.5,913.54
2012-06-15,8.3547,81.628,21.110000610351562,97.61,0.2700999975204468,1.5773,7.4812833413794895,5.595,5.5,925.22
2012-06-18,8.2896,81.946,18.31999969482422,96.05,0.28220000863075256,1.5738,7.489089126180409,5.6,5.5,934.06
2012-06-19,8.2031,81.378,18.3799991607666,95.76,0.29030001163482666,1.6197,7.36807441297619,5.6,5.5,943.44
2012-06-20,8.201,81.583,17.239999771118164,92.69,0.31049999594688416,1.6572,7.30798168564132,5.6,5.5,948.27
2012-06-21,8.386,82.29,20.079999923706055,89.23,0.2985000014305115,1.6162,7.37909911240309,5.6,5.5,932.36
2012-06-22,8.3998,82.256,18.110000610351562,90.98,0.3027999997138977,1.6742,7.32210380374128,5.605,5.5,917.18
2012-06-25,8.4847,82.497,20.3799991607666,91.01,0.2946999967098236,1.6024,7.389425400800221,5.605,5.5,904.15
2012-06-26,8.4354,82.372,19.719999313354492,93.02,0.3070000112056732,1.6262,7.36009071262987,5.605,5.5,906.85
2012-06-27,8.4436,82.618,19.450000762939453,93.5,0.3089999854564667,1.6177,7.30829740236546,5.605,5.5,913.17
2012-06-28,8.4023,82.807,19.709999084472656,91.36,0.3010999858379364,1.5768,7.2593488174921506,5.605,5.5,906.71
2012-06-29,8.1642,81.627,17.079999923706055,97.8,0.3010999858379364,1.6449,7.23553627678951,5.605,5.5,937.35
2012-07-02,8.157,81.87,16.799999237060547,97.34,0.29330000281333923,1.5885,7.25255442147202,5.605,5.5,941.4
2012-07-03,8.0752,81.782,16.65999984741211,100.68,0.3012999892234802,1.6294,7.177009004276839,5.605,5.5,956.77
2012-07-04,8.1383,81.782,16.65999984741211,99.77,0.3012999892234802,1.6294,7.14878425297593,5.595,5.5,956.26
2012-07-05,8.1439,82.813,17.5,100.7,0.2856000065803528,1.5969,7.1213538772409795,5.595,5.5,955.18
2012-07-06,8.2591,83.377,17.100000381469727,98.19,0.26980000734329224,1.5491,7.1636736611141005,5.595,5.5,946.01
2012-07-09,8.2179,83.161,17.979999542236328,100.32,0.26190000772476196,1.5117,7.172823894607459,5.595,5.5,935.66
2012-07-10,8.2173,83.4,18.719999313354492,97.97,0.26589998602867126,1.5015,7.09774546872491,5.595,5.5,934.25
2012-07-11,8.2475,83.568,17.950000762939453,100.23,0.26190000772476196,1.5167,7.08732637086103,5.585,5.5,932.38
2012-07-12,8.3229,83.659,18.329999923706055,101.07,0.2540000081062317,1.4743,7.05993951024155,5.575,5.5,914.07
2012-07-13,8.2656,83.349,16.739999771118164,102.4,0.23800000548362732,1.4876,6.99729922481009,5.575,5.5,926.13
2012-07-16,8.2025,83.098,17.110000610351562,103.55,0.22589999437332153,1.4724,6.91724197140209,5.575,5.5,926.73
2012-07-17,8.1715,83.032,16.479999542236328,104.0,0.2379000037908554,1.5078,6.83236231795949,5.575,5.5,933.14
2012-07-18,8.1626,83.068,16.15999984741211,105.16,0.22190000116825104,1.4942,6.86126714060831,5.575,5.5,930.9
2012-07-19,8.1686,82.883,15.449999809265137,107.8,0.21379999816417694,1.5077,6.6217806209665495,5.575,5.5,941.13
2012-07-20,8.2868,83.478,16.270000457763672,106.83,0.20149999856948853,1.4567,6.55833477535733,5.075,5.0,936.87
2012-07-23,8.4595,83.706,18.6200008392334,103.26,0.2094999998807907,1.4263,6.69955382444766,5.075,5.0,912.47
2012-07-24,8.517,84.005,20.469999313354492,103.42,0.2134999930858612,1.3875,6.82138222000315,5.075,5.0,909.43
2012-07-25,8.3965,83.524,19.34000015258789,104.38,0.2151000052690506,1.3975,6.7192304145789405,5.075,5.0,905.65
2012-07-26,8.2375,82.808,17.530000686645508,105.26,0.2287999987602234,1.4378,6.639333615409821,5.075,5.0,916.44
2012-07-27,8.157,82.709,16.700000762939453,106.47,0.2386000007390976,1.5463,6.61823039798724,5.075,5.0,941.76
2012-07-30,8.2013,82.794,18.030000686645508,106.2,0.22290000319480896,1.5019,6.7025282311961405,5.075,5.0,948.97
2012-07-31,8.2587,82.635,18.93000030517578,104.92,0.21130000054836273,1.4679,6.72321563132115,5.08,5.0,952.49
2012-08-01,8.3491,83.058,18.959999084472656,105.96,0.22709999978542328,1.524,6.71543997529777,5.075,5.0,954.22
2012-08-02,8.3476,83.361,17.56999969482422,105.9,0.2232999950647354,1.4779,6.73629728101715,5.075,5.0,944.94
2012-08-03,8.1489,82.375,15.640000343322754,108.94,0.23759999871253967,1.5631,6.625984900621409,5.075,5.0,952.79
2012-08-06,8.1642,82.266,15.949999809265137,109.55,0.23970000445842743,1.5664,6.65202388993643,5.075,5.0,967.44
2012-08-07,8.1632,82.21,15.989999771118164,112.0,0.263700008392334,1.6283,6.74269690974825,5.075,5.0,967.85
2012-08-08,8.0821,82.394,15.319999694824219,112.14,0.2718000113964081,1.6491,6.77459333649454,5.075,5.0,970.6
2012-08-10,8.0916,82.553,14.739999771118164,112.95,0.2606000006198883,1.6573,6.80381929399542,5.075,5.0,979.25
2012-08-13,8.1495,82.435,13.699999809265137,113.6,0.2648000121116638,1.6642,6.856551425884449,5.081,5.0,972.59
2012-08-14,8.1962,82.483,14.850000381469727,114.03,0.2750000059604645,1.7378,6.878202328699561,5.075,5.0,977.25
2012-08-15,8.2407,82.645,14.630000114440918,116.25,0.28529998660087585,1.8155,6.97132342768033,5.075,5.0,974.23
2012-08-16,8.2165,82.357,14.289999961853027,116.9,0.2915000021457672,1.8346,6.95119263324334,5.075,5.0,975.82
2012-08-17,8.3172,82.596,13.449999809265137,113.71,0.28619998693466187,1.8105,7.01525759392414,5.075,5.0,971.05
2012-08-20,8.3349,82.456,14.020000457763672,113.7,0.2824000120162964,1.8053,6.95655181729206,5.075,5.0,969.21
2012-08-21,8.2665,81.907,15.020000457763672,114.64,0.2865999937057495,1.7984,6.90143524654029,5.075,5.0,975.46
2012-08-22,8.2375,81.486,15.109999656677246,114.91,0.25850000977516174,1.6916,6.85894316233081,5.075,5.0,969.43
2012-08-23,8.3134,81.359,15.960000038146973,115.01,0.25870001316070557,1.6779,6.816022865232229,5.075,5.0,974.09
2012-08-24,8.4003,81.593,15.180000305175781,113.59,0.26739999651908875,1.6865,6.913008787784699,5.075,5.0,965.47
2012-08-27,8.4447,81.658,16.350000381469727,112.26,0.26350000500679016,1.6506,6.918475288609651,5.075,5.0,960.86
2012-08-28,8.4102,81.37,16.489999771118164,112.58,0.263700008392334,1.6335,6.897911166273279,5.075,5.0,956.76
2012-08-29,8.4071,81.549,17.059999465942383,112.54,0.2696000039577484,1.6506,6.87001879698752,5.075,5.0,952.91
2012-08-30,8.476,81.691,17.829999923706055,112.65,0.2538999915122986,1.6233,6.801216727721481,5.075,5.0,944.39
2012-08-31,8.4,81.208,17.469999313354492,114.57,0.22050000727176666,1.5484,6.83131151581456,5.08,5.0,947.33
2012-09-03,8.3869,81.208,17.469999313354492,115.78,0.22050000727176666,1.5484,6.7717995148673396,5.075,5.0,952.83
2012-09-04,8.4145,81.312,17.979999542236328,114.18,0.23029999434947968,1.5722,6.71316058362158,5.075,5.0,947.37
2012-09-05,8.4183,81.235,17.739999771118164,113.09,0.23420000076293945,1.596,6.73836284984024,5.075,5.0,939.51
2012-09-06,8.3045,81.04,15.600000381469727,113.49,0.2578999996185303,1.6781,6.74727083374959,5.075,5.0,950.45
2012-09-07,8.1709,80.252,14.380000114440918,114.25,0.25,1.6678,6.6989136362993005,5.075,5.0,968.82
2012-09-10,8.1903,80.357,16.280000686645508,114.81,0.2460000067949295,1.6541,6.6885132732901,5.075,5.0,969.97
2012-09-11,8.181,79.857,16.40999984741211,115.4,0.2460000067949295,1.7005,6.69262442540932,5.075,5.0,973.09
2012-09-12,8.3346,79.737,15.800000190734863,115.96,0.24199999868869781,1.7576,6.76799593111064,5.075,5.0,978.48
2012-09-13,8.2381,79.262,14.050000190734863,116.9,0.23399999737739563,1.723,6.77596487482905,5.075,5.0,982.0
2012-09-14,8.2059,78.847,14.510000228881836,116.66,0.25,1.866,6.89316197652832,5.075,5.0,1014.07
2012-09-17,8.2655,79.01,14.59000015258789,113.79,0.2540000081062317,1.8415,6.901056640859659,5.075,5.0,1012.63
2012-09-18,8.1794,79.249,14.180000305175781,112.03,0.2540000081062317,1.8083,6.81255679558893,5.075,5.0,1006.84
2012-09-19,8.2727,79.055,13.880000114440918,108.19,0.2581000030040741,1.7718,6.76792508169255,5.075,5.0,1009.44
2012-09-20,8.3069,79.411,14.069999694824219,110.03,0.2581000030040741,1.764,6.8145702178465895,5.075,5.0,998.27
2012-09-21,8.278,79.328,13.979999542236328,111.42,0.2581000030040741,1.7528,6.73464175375476,5.075,5.0,1006.6
2012-09-25,8.2319,79.552,15.430000305175781,110.45,0.2621999979019165,1.6662,6.602516676128049,5.075,5.0,1001.85
2012-09-26,8.2344,79.885,16.809999465942383,110.04,0.25780001282691956,1.6095,6.56047328531533,5.075,5.0,990.37
2012-09-27,8.2331,79.548,14.84000015258789,112.01,0.25,1.6542,6.60126648031368,5.063,5.0,998.36
2012-09-28,8.3146,79.935,15.729999542236328,112.39,0.2303999960422516,1.6335,6.651367842741079,5.063,5.0,1002.66
2012-10-01,8.3825,79.824,16.31999969482422,112.19,0.23430000245571136,1.6249,6.775902118378791,5.075,5.0,1005.08
2012-10-02,8.3637,79.744,15.710000038146973,111.57,0.23430000245571136,1.6198,6.71591710345308,5.075,5.0,1006.23
2012-10-03,8.4335,79.965,15.430000305175781,108.17,0.23029999434947968,1.6146,6.698578802733519,5.075,5.0,1002.5
2012-10-04,8.5206,79.353,14.550000190734863,112.58,0.24210000038146973,1.6732,6.74642677120918,5.075,5.0,1005.52
2012-10-05,8.7793,79.337,14.329999923706055,112.02,0.2578999996185303,1.7428,6.86733864837799,5.075,5.0,1009.16
2012-10-08,8.8928,79.54,15.109999656677246,111.82,0.2578999996185303,1.7428,7.11048466592332,5.075,5.0,997.93
2012-10-09,8.7549,79.951,16.3700008392334,114.5,0.2578999996185303,1.7132,7.0317351070793706,5.075,5.0,996.59
2012-10-10,8.7453,79.917,16.290000915527344,114.33,0.2599000036716461,1.6742,6.925786111883101,5.075,5.0,992.09
2012-10-11,8.6625,79.775,15.59000015258789,115.71,0.2619999945163727,1.6699,6.94868972580264,5.075,5.0,995.95
2012-10-12,8.7295,79.667,16.139999389648438,114.62,0.25999999046325684,1.656,6.884900644997841,5.075,5.0,996.7
2012-10-15,8.7994,79.742,15.270000457763672,115.8,0.257999986410141,1.663,6.95707449569634,5.075,5.0,995.22
2012-10-16,8.6964,79.405,15.220000267028809,115.07,0.26600000262260437,1.7186,6.9169402646078195,5.075,5.0,1003.35
2012-10-17,8.6032,79.016,15.069999694824219,113.22,0.29420000314712524,1.8185,6.81939264564093,5.075,5.0,1010.85
2012-10-18,8.6544,79.367,15.029999732971191,112.42,0.29829999804496765,1.8344,6.794737760225621,5.075,5.0,1013.36
2012-10-19,8.6614,79.621,17.059999465942383,110.14,0.2944999933242798,1.7633,6.78088962518619,5.075,5.0,1006.07
2012-10-22,8.6418,79.652,16.6200008392334,109.44,0.3066999912261963,1.8134,6.77988202259162,5.075,5.0,1007.31
2012-10-23,8.7666,79.976,18.829999923706055,108.25,0.2865000069141388,1.7572,6.81831542875518,5.075,5.0,996.82
2012-10-24,8.7839,79.914,18.329999923706055,107.85,0.2892000079154968,1.7889,6.83131377093385,5.075,5.0,994.55
2012-10-25,8.7425,80.044,18.1200008392334,108.49,0.3107999861240387,1.8233,6.87680068448393,5.075,5.0,999.12
2012-10-26,8.6431,80.068,17.809999465942383,109.55,0.296999990940094,1.7451,6.89170322787469,5.075,5.0,990.7
2012-10-29,8.6782,80.232,17.809999465942383,109.44,0.2892000079154968,1.7189,6.89938737306544,5.075,5.0,990.24
2012-10-30,8.6462,79.931,17.809999465942383,109.08,0.2892000079154968,1.7189,6.90766698016378,5.075,5.0,993.15
2012-10-31,8.6736,79.919,18.600000381469727,108.7,0.28139999508857727,1.6901,6.89985267180694,5.08,5.0,995.33
2012-11-01,8.6422,80.047,16.690000534057617,108.17,0.28139999508857727,1.7242,6.87384203842232,5.075,5.0,999.63
2012-11-02,8.77,80.593,17.59000015258789,105.68,0.2815999984741211,1.7147,6.85712597094393,5.075,5.0,1004.68
2012-11-05,8.7239,80.749,18.420000076293945,107.73,0.2736999988555908,1.6841,6.86260016173204,5.075,5.0,1000.8
2012-11-06,8.6253,80.613,17.579999923706055,111.07,0.30149999260902405,1.7507,6.841061740997651,5.075,5.0,1006.27
2012-11-07,8.6327,80.759,19.079999923706055,106.82,0.26980000734329224,1.6466,6.83836716357651,5.075,5.0,1007.45
2012-11-08,8.7206,80.793,18.489999771118164,107.25,0.2578999996185303,1.6148,6.836412927636521,5.075,5.0,995.31
2012-11-09,8.7105,81.026,18.610000610351562,109.4,0.257999986410141,1.6063,6.81203334549222,5.075,5.0,990.98
2012-11-12,8.7435,81.035,16.68000030517578,109.07,0.257999986410141,1.6063,6.822946413502221,5.075,5.0,989.27
2012-11-13,8.796,81.084,16.649999618530273,108.26,0.25,1.5945,6.86423249655528,5.075,5.0,982.17
2012-11-14,8.9214,81.056,17.920000076293945,109.61,0.2460000067949295,1.5911,6.893094515413541,5.075,5.0,980.62
2012-11-15,8.9276,81.078,17.989999771118164,110.98,0.24199999868869781,1.5928,6.946062373002571,5.075,5.0,974.33
2012-11-16,8.8709,81.257,16.40999984741211,108.95,0.2379000037908554,1.58,6.8659400440196405,5.075,5.0,969.82
2012-11-19,8.8284,80.874,15.239999771118164,111.7,0.2418999969959259,1.6131,6.87219160751324,5.075,5.0,977.98
2012-11-20,8.842,80.957,15.079999923706055,109.83,0.2540000081062317,1.6659,6.82618973840209,5.075,5.0,979.49
2012-11-21,8.9482,80.932,15.3100004196167,110.86,0.2702000141143799,1.6796,6.83715715368691,5.081,5.0,980.84
2012-11-22,8.9463,80.699,15.3100004196167,110.55,0.2702000141143799,1.6796,6.84903136088549,5.094,5.0,985.72
2012-11-23,8.877,80.192,15.140000343322754,111.38,0.2703000009059906,1.6899,6.86399253180295,5.106,5.0,995.94
2012-11-26,8.8636,80.251,15.5,110.92,0.2662999927997589,1.6625,6.8670805692002705,5.125,5.0,995.1
2012-11-27,8.8431,80.402,15.920000076293945,109.87,0.26019999384880066,1.6369,6.828101260053369,5.125,5.0,996.44
2012-11-28,8.8127,80.336,15.510000228881836,109.51,0.26179999113082886,1.6284,6.840565706473719,5.125,5.0,991.27
2012-11-29,8.7825,80.204,15.0600004196167,110.76,0.2538999915122986,1.6147,6.8075654392830405,5.125,5.0,1003.79
2012-11-30,8.9088,80.153,15.869999885559082,111.23,0.24609999358654022,1.6156,6.82298333730737,5.13,5.0,1007.02
2012-12-03,8.869,79.882,16.639999389648438,110.92,0.25,1.6207,6.83906461087372,5.125,5.0,1007.68
2012-12-04,8.7972,79.644,17.1200008392334,109.84,0.24210000038146973,1.6028,6.8163033509122,5.125,5.0,1007.27
2012-12-05,8.7713,79.774,16.459999084472656,108.81,0.23810000717639923,1.5875,6.74435202841903,5.125,5.0,1017.37
2012-12-06,8.68,80.258,16.579999923706055,107.03,0.23810000717639923,1.5857,6.68188971351355,5.125,5.0,1021.26
2012-12-07,8.6556,80.408,15.899999618530273,107.02,0.23810000717639923,1.6215,6.6404841617912895,5.125,5.0,1024.06
2012-12-10,8.6695,80.328,16.049999237060547,107.33,0.23409999907016754,1.6164,6.6327000257256,5.125,5.0,1029.06
2012-12-11,8.6588,80.061,15.569999694824219,108.01,0.23800000548362732,1.6541,6.5917542078909,5.125,5.0,1034.55
2012-12-12,8.6528,79.815,15.949999809265137,109.5,0.24199999868869781,1.698,6.59436619162345,5.125,5.0,1041.37
2012-12-13,8.6612,79.928,16.559999465942383,107.91,0.25,1.7299,6.575444993565361,5.125,5.0,1042.56
2012-12-14,8.6167,79.58,17.0,109.15,0.23399999737739563,1.7015,6.607159053947741,5.125,5.0,1042.82
2012-12-18,8.4505,79.359,15.569999694824219,108.84,0.27790001034736633,1.817,6.58697796497493,5.125,5.0,1046.24
2012-12-19,8.484,79.269,17.360000610351562,110.36,0.27390000224113464,1.8014,6.533212303351189,5.125,5.0,1053.17
2012-12-20,8.4765,79.261,17.670000076293945,110.2,0.27000001072883606,1.7962,6.48209273150364,5.125,5.0,1052.68
2012-12-21,8.5923,79.617,17.84000015258789,108.97,0.2660999894142151,1.7623,6.49840947036644,5.125,5.0,1043.03
2012-12-24,8.5802,79.642,17.84000015258789,108.8,0.2660999894142151,1.7737,6.4989921371455,5.125,5.0,1043.73
2012-12-27,8.4778,79.62,19.469999313354492,110.8,0.2621999979019165,1.7364,6.522131715926601,5.125,5.0,1049.45
2012-12-28,8.4797,79.678,22.719999313354492,110.62,0.24650000035762787,1.7009,6.53613722954864,5.119,5.0,1055.18
2012-12-31,8.4735,79.769,18.020000457763672,111.11,0.2468000054359436,1.7574,6.54867883574683,5.13,5.0,1055.2
2013-01-02,8.4893,79.845,14.680000305175781,112.47,0.2549000084400177,1.8371,6.53023544743961,5.119,5.0,1078.16
2013-01-03,8.5901,80.382,14.5600004196167,112.14,0.2669000029563904,1.9121,6.58979901834641,5.119,5.0,1082.68
2013-01-04,8.5619,80.499,13.829999923706055,111.31,0.26350000500679016,1.8991,6.66026505574613,5.119,5.0,1077.9
2013-01-07,8.5684,80.256,13.789999961853027,111.4,0.263700008392334,1.8974,6.59424320710548,5.119,5.0,1075.76
2013-01-08,8.58,80.345,13.619999885559082,111.94,0.25200000405311584,1.8683,6.52873569553157,5.106,5.0,1069.86
2013-01-09,8.594,80.557,13.8100004196167,111.76,0.2401999980211258,1.8568,6.456167319739969,5.106,5.0,1073.03
2013-01-10,8.6497,79.738,13.489999771118164,111.89,0.2483000010251999,1.8958,6.46139902151301,5.094,5.0,1076.99
2013-01-11,8.72,79.563,13.359999656677246,110.64,0.24889999628067017,1.8677,6.51733249739804,5.081,5.0,1073.04
2013-01-14,8.6951,79.488,13.520000457763672,111.88,0.24500000476837158,1.8448,6.4740235319189,5.081,5.0,1080.71
2013-01-15,8.8159,79.779,13.550000190734863,110.3,0.2451999932527542,1.836,6.4978938753792,5.081,5.0,1073.48
2013-01-16,8.798,79.804,13.420000076293945,110.61,0.24130000174045563,1.8185,6.51336322774082,5.081,5.0,1071.21
2013-01-17,8.8032,79.649,13.569999694824219,111.1,0.26159998774528503,1.8794,6.52473853084639,5.081,5.0,1073.15
2013-01-18,8.8805,80.036,12.460000038146973,111.89,0.25029999017715454,1.8416,6.556878971040531,5.081,5.0,1080.74
2013-01-21,8.8592,80.036,12.460000038146973,111.71,0.25029999017715454,1.8416,6.573332258697979,5.081,5.0,1078.05
2013-01-22,8.8549,79.874,12.430000305175781,112.42,0.24230000376701355,1.8417,6.557703237623739,5.081,5.0,1079.07
2013-01-23,9.0625,79.92,12.460000038146973,112.8,0.23440000414848328,1.8241,6.617052029656061,5.081,5.0,1076.53
2013-01-24,9.0468,79.949,12.6899995803833,113.28,0.2386000007390976,1.8498,6.677814481394639,5.081,5.0,1072.26
2013-01-25,8.9446,79.748,12.890000343322754,113.28,0.2718000113964081,1.9487,6.68105308234894,5.081,5.0,1069.12
2013-01-28,9.1054,79.78,13.569999694824219,113.48,0.27399998903274536,1.9613,6.774537200651901,5.081,5.0,1062.06
2013-01-29,9.0271,79.564,13.3100004196167,114.36,0.2773999869823456,1.9991,6.761473361548,5.081,5.0,1069.88
2013-01-30,9.0359,79.281,14.319999694824219,114.9,0.26570001244544983,1.992,6.769089989429,5.081,5.0,1068.2
2013-01-31,8.9559,79.207,14.279999732971191,115.55,0.26179999113082886,1.9849,6.69074876290949,5.08,5.0,1069.01
2013-02-01,8.8398,79.125,12.899999618530273,116.76,0.26179999113082886,2.0149,6.65229216965845,5.081,5.0,1072.82
2013-02-04,8.915,79.554,14.670000076293945,115.6,0.25,1.9548,6.67012913372523,5.081,5.0,1072.73
2013-02-05,8.8314,79.488,13.720000267028809,116.52,0.2540000081062317,1.998,6.640277525842491,5.081,5.0,1067.61
2013-02-06,8.9013,79.721,13.40999984741211,116.73,0.2460000067949295,1.9603,6.616227862607451,5.081,5.0,1063.75
2013-02-07,8.9095,80.192,13.5,117.24,0.25,1.9568,6.6176017262123,5.081,5.0,1059.56
2013-02-08,8.8821,80.246,13.020000457763672,118.9,0.25,1.9499,6.597493202753781,5.081,5.0,1060.87
2013-02-11,8.9102,80.31,12.9399995803833,118.13,0.2540000081062317,1.9635,6.60841207919184,5.081,5.0,1058.75
2013-02-12,8.9172,80.106,12.640000343322754,118.66,0.2619999945163727,1.977,6.63840352397939,5.081,5.0,1059.03
2013-02-13,8.8638,80.091,12.979999542236328,118.72,0.27399998903274536,2.0277,6.60794049983378,5.081,5.0,1064.88
2013-02-14,8.7875,80.458,12.65999984741211,118.0,0.2619999945163727,1.9974,6.64992749465117,5.081,5.0,1065.84
2013-02-15,8.855,80.58,12.460000038146973,117.66,0.2660999894142151,2.0017,6.63117936862038,5.083,5.0,1066.52
2013-02-18,8.8919,80.627,12.460000038146973,117.38,0.2660999894142151,2.0017,6.65725266219411,5.083,5.0,1064.34
2013-02-19,8.8525,80.468,12.3100004196167,117.52,0.2700999975204468,2.0278,6.62287759010804,5.083,5.0,1063.99
2013-02-20,8.9115,81.069,14.680000305175781,115.6,0.2581000030040741,2.0087,6.57838758257403,5.083,5.0,1068.46
2013-02-21,8.8959,81.461,15.220000267028809,113.53,0.25,1.9766,6.581622550910541,5.083,5.0,1053.14
2013-02-22,8.865,81.482,14.170000076293945,114.1,0.24799999594688416,1.9619,6.574302192588149,5.083,5.0,1053.39
2013-02-25,8.8638,81.67,18.989999771118164,114.44,0.2378000020980835,1.8637,6.536162458013731,5.083,5.0,1054.41
2013-02-26,8.8183,81.87,16.8700008392334,112.71,0.24220000207424164,1.8808,6.54096010479523,5.083,5.0,1042.71
2013-02-27,8.8174,81.602,14.729999542236328,111.87,0.24220000207424164,1.9014,6.58679850775463,5.083,5.0,1046.56
2013-02-28,9.0246,81.949,15.510000228881836,111.38,0.23430000245571136,1.8756,6.5900813810137295,5.08,5.0,1054.62
2013-03-01,9.0642,82.313,15.359999656677246,110.4,0.23420000076293945,1.8412,6.67557058662165,5.083,5.0,1053.13
2013-03-04,9.078,82.195,14.010000228881836,110.09,0.23420000076293945,1.8755,6.66964671205599,5.1,5.0,1041.28
2013-03-05,9.0352,82.087,13.479999542236328,111.61,0.23810000717639923,1.8978,6.63308727670975,5.108,5.0,1049.94
2013-03-06,9.1245,82.459,13.529999732971191,111.06,0.2460000067949295,1.9375,6.632322609927741,5.125,5.0,1059.84
2013-03-07,9.1441,82.081,13.0600004196167,111.15,0.25,1.9965,6.64803915441049,5.125,5.0,1057.92
2013-03-08,9.0896,82.696,12.59000015258789,110.85,0.25,2.0427,6.6843782835491,5.125,5.0,1065.94
2013-03-11,9.0921,82.573,11.5600004196167,110.22,0.2540000081062317,2.0576,6.707698968765991,5.125,5.0,1063.56
2013-03-12,9.1695,82.584,12.270000457763672,109.65,0.2540000081062317,2.0156,6.700093435997879,5.125,5.0,1057.65
2013-03-13,9.2614,82.889,11.829999923706055,108.52,0.257999986410141,2.0209,6.74030566548457,5.125,5.0,1049.08
2013-03-14,9.1748,82.606,11.300000190734863,109.42,0.2619999945163727,2.0296,6.727728695630759,5.125,5.0,1047.7
2013-03-15,9.1843,82.261,11.300000190734863,109.82,0.25,1.9895,6.705086377785439,5.125,5.0,1042.24
2013-03-18,9.1717,82.694,13.359999656677246,109.51,0.24199999868869781,1.9546,6.70782177085833,5.125,5.0,1030.11
2013-03-19,9.2458,82.989,14.390000343322754,107.45,0.2379000037908554,1.9017,6.7470071552354405,5.125,5.0,1024.96
2013-03-20,9.3311,82.779,12.670000076293945,108.72,0.2460000067949295,1.9581,6.810937505333819,5.125,5.0,1026.35
2013-03-22,9.3005,82.376,13.569999694824219,107.66,0.25,1.925,6.80266524962134,5.125,5.0,1015.47
2013-03-25,9.2944,82.828,13.739999771118164,108.17,0.2418999969959259,1.9198,6.796039150423989,5.125,5.0,1022.27
2013-03-26,9.2486,82.881,12.770000457763672,109.36,0.2459000051021576,1.9094,6.748734956073201,5.125,5.0,1028.65
2013-03-27,9.2624,83.221,13.149999618530273,109.69,0.24220000207424164,1.8454,6.763501988104361,5.125,5.0,1032.05
2013-03-28,9.2092,82.996,12.699999809265137,110.02,0.24220000207424164,1.8487,6.71665622684127,5.125,5.0,1032.62
2013-04-02,9.2532,82.924,12.779999732971191,110.69,0.23819999396800995,1.859,6.718087729900541,5.125,5.0,1029.1
2013-04-03,9.2275,82.718,14.210000038146973,107.11,0.2264000028371811,1.8106,6.69839802501801,5.125,5.0,1024.99
2013-04-04,9.1672,82.677,13.890000343322754,106.34,0.22630000114440918,1.7625,6.64401420369036,5.125,5.0,1017.06
2013-04-05,9.0974,82.496,13.920000076293945,104.12,0.2282000035047531,1.7128,6.51795805840209,5.125,5.0,1008.13
2013-04-08,8.99,82.752,13.1899995803833,104.66,0.23019999265670776,1.746,6.404746680730799,5.125,5.0,1007.14
2013-04-09,8.9258,82.309,12.84000015258789,106.23,0.23010000586509705,1.7502,6.42340294254197,5.125,5.0,1015.93
2013-04-10,8.9053,82.532,12.359999656677246,105.79,0.23010000586509705,1.8034,6.43463098911943,5.125,5.0,1024.49
2013-04-11,8.8964,82.247,12.239999771118164,104.27,0.23010000586509705,1.7887,6.435327320921511,5.125,5.0,1029.22
2013-04-12,8.9434,82.311,12.0600004196167,103.11,0.22599999606609344,1.7208,6.41710182375574,5.125,5.0,1019.61
2013-04-15,9.2043,82.417,17.270000457763672,100.39,0.21799999475479126,1.6798,6.44373704939663,5.125,5.0,1003.29
2013-04-16,9.1253,81.749,13.960000038146973,99.91,0.22589999437332153,1.7224,6.43263263658734,5.125,5.0,1008.92
2013-04-17,9.1735,82.684,16.510000228881836,97.69,0.22589999437332153,1.695,6.33322345384625,5.125,5.0,1001.1
2013-04-18,9.1912,82.559,17.559999465942383,99.13,0.22589999437332153,1.6847,6.32111933673678,5.125,5.0,997.33
2013-04-19,9.2256,82.714,14.970000267028809,99.65,0.2298000007867813,1.7049,6.31504415511525,5.125,5.0,1011.17
2013-04-22,9.2369,82.676,14.390000343322754,100.39,0.22169999778270721,1.6929,6.34284614117451,5.125,5.0,1011.96
2013-04-23,9.2045,83.048,13.479999542236328,100.31,0.2257000058889389,1.7065,6.24777485990272,5.125,5.0,1009.81
2013-04-24,9.1341,83.048,13.609999656677246,101.73,0.22689999639987946,1.7047,6.281817965604381,5.125,5.0,1017.71
2013-04-25,9.0966,82.744,13.619999885559082,103.41,0.2249000072479248,1.708,6.30690204060431,5.125,5.0,1027.3
2013-04-26,9.1019,82.502,13.609999656677246,103.16,0.21119999885559082,1.6633,6.283297008600639,5.125,5.0,1022.36
2013-04-29,8.9947,82.147,13.710000038146973,103.81,0.20720000565052032,1.6701,6.2104330950997895,5.125,5.0,1027.42
2013-04-30,8.9682,81.746,13.520000457763672,102.37,0.20739999413490295,1.6717,6.17500693945906,5.13,5.0,1039.45
2013-05-02,8.9482,82.224,13.59000015258789,102.85,0.19580000638961792,1.6255,6.065168246486881,5.125,5.0,1037.33
2013-05-03,8.9097,82.125,12.850000381469727,104.19,0.21580000221729279,1.7382,6.07055811498573,5.125,5.0,1042.26
2013-05-06,8.9987,82.315,12.65999984741211,105.46,0.21199999749660492,1.7588,6.10712791055247,5.125,5.0,1046.02
2013-05-07,9.0305,82.253,12.829999923706055,104.4,0.2199999988079071,1.7778,6.09836914188984,5.125,5.0,1052.48
2013-05-08,9.0062,81.896,12.65999984741211,104.34,0.22020000219345093,1.7665,6.10680580925059,5.125,5.0,1061.09
2013-05-09,9.0263,82.793,13.130000114440918,104.47,0.22030000388622284,1.8109,5.9725565466642,5.125,5.0,1060.58
2013-05-10,9.1219,83.143,12.59000015258789,103.91,0.23669999837875366,1.8973,6.04110905208331,5.125,5.0,1050.74
2013-05-13,9.1601,83.277,12.550000190734863,102.82,0.23680000007152557,1.9199,6.07351582313085,5.125,5.0,1041.9
2013-05-14,9.2374,83.595,12.770000457763672,102.6,0.24500000476837158,1.974,6.13979833242364,5.125,5.0,1046.18
2013-05-15,9.2571,83.83,12.8100004196167,103.68,0.2371000051498413,1.9347,6.18847279575825,5.125,5.0,1046.1
2013-05-16,9.3216,83.588,13.069999694824219,103.8,0.22930000722408295,1.8809,6.20140439658341,5.125,5.0,1046.33
2013-05-17,9.4038,84.252,12.449999809265137,104.64,0.241799995303154,1.9506,6.20571982710962,5.125,5.0,1045.76
2013-05-20,9.4432,83.736,13.020000457763672,104.8,0.2379000037908554,1.9647,6.28343372110247,5.125,5.0,1048.15
2013-05-21,9.5444,83.864,13.369999885559082,103.91,0.23399999737739563,1.9263,6.28343372110247,5.125,5.0,1048.13
2013-05-22,9.5728,84.352,13.819999694824219,102.6,0.24629999697208405,2.0395,6.31319603075012,5.125,5.0,1048.09
2013-05-23,9.5285,83.8,14.069999694824219,102.44,0.24650000035762787,2.0157,6.47128726928823,5.125,5.0,1025.92
2013-05-24,9.5762,83.7,13.989999771118164,102.64,0.24719999730587006,2.0081,6.44098439630825,5.125,5.0,1026.68
2013-05-27,9.6104,83.7,13.989999771118164,102.62,0.24719999730587006,2.0081,6.45022892381936,5.125,5.0,1028.53
2013-05-28,9.7847,84.1,14.479999542236328,104.23,0.2881999909877777,2.1652,6.56742080469007,5.125,5.0,1030.82
2013-05-29,9.8271,83.66,14.829999923706055,102.43,0.2930999994277954,2.1153,6.690669557201449,5.125,5.0,1020.42
2013-05-30,10.0405,83.042,14.529999732971191,102.19,0.2930999994277954,2.111,6.847138564012891,5.125,5.0,1016.02
2013-05-31,10.0915,83.375,16.299999237060547,100.39,0.29330000281333923,2.1282,6.99513739814086,5.13,5.0,1008.88
2013-06-03,9.815,82.656,16.280000686645508,102.06,0.2913999855518341,2.1193,6.895121026119839,5.125,5.0,998.55
2013-06-04,9.8252,82.769,16.270000457763672,103.24,0.29739999771118164,2.1462,6.83321372818276,5.125,5.0,1004.03
2013-06-05,10.0073,82.594,17.5,103.04,0.2856000065803528,2.0892,7.031569387084089,5.125,5.0,991.38
2013-06-06,9.8624,81.537,16.6299991607666,103.61,0.28760001063346863,2.0769,7.2650978472602405,5.125,5.0,985.05
2013-06-07,9.9633,81.669,15.140000343322754,104.56,0.30169999599456787,2.1718,7.40376603288429,5.125,5.0,980.64
2013-06-10,10.1831,81.646,15.4399995803833,103.95,0.30970001220703125,2.2097,7.68449117926324,5.125,5.0,972.89
2013-06-11,10.0754,81.113,17.06999969482422,102.96,0.32179999351501465,2.1846,7.603302163819451,5.125,5.0,954.38
2013-06-12,10.1133,80.947,18.59000015258789,103.49,0.32589998841285706,2.228,7.42686606325053,5.142,5.0,954.38
2013-06-13,9.8479,80.752,16.40999984741211,104.25,0.28200000524520874,2.1489,7.39918868909029,5.142,5.0,943.59
2013-06-14,9.9452,80.67,17.149999618530273,105.93,0.2700999975204468,2.1295,7.300712858933,5.142,5.0,953.68
2013-06-18,9.9916,80.612,16.610000610351562,106.02,0.2621000111103058,2.1854,7.5200969357844,5.142,5.0,953.54
2013-06-19,10.1847,81.428,16.639999389648438,106.12,0.30640000104904175,2.3527,7.38373962774738,5.142,5.0,946.77
2013-06-20,10.243,81.915,20.489999771118164,102.15,0.32670000195503235,2.4144,7.74472243730396,5.142,5.0,908.49
2013-06-21,10.1623,82.318,18.899999618530273,100.91,0.3675999939441681,2.531,7.700017064052431,5.142,5.0,900.54
2013-06-24,10.0713,82.425,20.110000610351562,101.16,0.3840999901294708,2.5368,7.79131865079907,5.15,5.0,883.34
2013-06-25,10.1065,82.581,18.469999313354492,101.26,0.40470001101493835,2.6082,7.73557315892876,5.15,5.0,885.85
2013-06-26,10.1101,82.977,17.209999084472656,101.66,0.3788999915122986,2.5353,7.66888001536159,5.15,5.0,901.98
2013-06-27,9.9443,82.902,16.860000610351562,102.82,0.3513999879360199,2.4721,7.439603759230059,5.15,5.0,919.46
2013-06-28,9.8806,83.136,16.860000610351562,102.16,0.3553999960422516,2.4857,7.42596988398343,5.15,5.0,940.33
2013-07-01,9.9363,83.054,16.3700008392334,103.0,0.3513999879360199,2.4765,7.41485084367791,5.15,5.0,941.93
2013-07-02,9.998,83.544,16.440000534057617,104.0,0.3474000096321106,2.4693,7.34359437596934,5.142,5.0,932.12
2013-07-03,10.0924,83.231,16.200000762939453,105.76,0.36309999227523804,2.5032,7.44150536748437,5.142,5.0,912.18
2013-07-04,10.038,83.231,16.200000762939453,105.54,0.36309999227523804,2.5032,7.406582147627939,5.142,5.0,922.1
2013-07-05,10.2042,84.449,14.890000343322754,107.72,0.39480000734329224,2.7391,7.582279682444951,5.142,5.0,917.58
2013-07-08,10.1662,84.193,14.779999732971191,107.43,0.35910001397132874,2.6356,7.6033635177567795,5.142,5.0,905.96
2013-07-09,10.024,84.58,14.350000381469727,107.81,0.367000013589859,2.634,7.48858183169267,5.15,5.0,912.71
2013-07-10,9.9835,84.041,14.210000038146973,108.51,0.35109999775886536,2.6238,7.5352339712817,5.15,5.0,915.63
2013-07-11,9.9904,82.746,14.010000228881836,107.73,0.32910001277923584,2.5721,7.462336694848109,5.15,5.0,942.88
2013-07-12,9.9837,82.988,13.84000015258789,108.81,0.33899998664855957,2.5821,7.51760792741814,5.15,5.0,945.36
2013-07-15,9.8727,83.043,13.789999961853027,109.09,0.32690000534057617,2.5372,7.452336796506461,5.15,5.0,952.23
2013-07-16,9.8586,82.498,14.420000076293945,109.4,0.32280001044273376,2.5317,7.38723745900497,5.15,5.0,953.02
2013-07-17,9.8251,82.708,13.779999732971191,108.61,0.2985999882221222,2.4888,7.3212966335738,5.15,5.0,959.37
2013-07-18,9.9316,82.823,13.770000457763672,108.7,0.3025999963283539,2.5284,7.360479187783869,5.15,5.0,957.44
2013-07-19,9.8741,82.607,12.539999961853027,108.07,0.29820001125335693,2.4839,7.38477246380593,5.15,5.0,950.47
2013-07-22,9.8249,82.219,12.289999961853027,108.15,0.3021000027656555,2.4804,7.387772792798911,5.15,5.0,954.0
2013-07-23,9.6826,81.945,12.65999984741211,108.42,0.3061000108718872,2.5049,7.477199936935531,5.15,5.0,969.04
2013-07-24,9.7845,82.291,13.180000305175781,107.19,0.3481000065803528,2.588,7.46559735185436,5.15,5.0,966.5
2013-07-25,9.7187,81.97,12.970000267028809,107.65,0.3206000030040741,2.5712,7.565230146597771,5.15,5.0,962.36
2013-07-26,9.7704,81.657,12.720000267028809,107.17,0.3127000033855438,2.5624,7.63394156285089,5.15,5.0,961.53
2013-07-29,9.7938,81.663,13.390000343322754,107.45,0.3167000114917755,2.6023,7.6886950050211595,5.15,5.0,953.86
2013-07-30,9.8009,81.829,13.390000343322754,106.91,0.3127000033855438,2.6101,7.6640507777501,5.15,5.0,953.65
2013-07-31,9.8768,81.452,13.449999809265137,107.7,0.30889999866485596,2.5762,7.61913887966313,5.14,5.0,947.55
2013-08-01,9.9733,82.336,12.9399995803833,109.54,0.3246999979019165,2.706,7.60230926180059,5.133,5.0,954.15
2013-08-02,9.8355,81.908,11.979999542236328,108.95,0.29739999771118164,2.596,7.59943074928808,5.133,5.0,955.35
2013-08-05,9.843,81.875,11.84000015258789,108.7,0.30140000581741333,2.6333,7.512029433005759,5.133,5.0,956.4
2013-08-06,9.9342,81.603,12.720000267028809,108.18,0.305400013923645,2.6421,7.58109668420332,5.133,5.0,946.3
2013-08-07,9.9661,81.287,12.979999542236328,107.44,0.30149999260902405,2.5986,7.61351541101191,5.133,5.0,937.86
2013-08-08,9.8684,80.977,12.729999542236328,106.68,0.30160000920295715,2.5892,7.599759175719719,5.133,5.0,946.39
2013-08-12,9.8884,81.333,12.8100004196167,108.97,0.3059000074863434,2.6206,7.6045787676707,5.133,5.0,957.82
2013-08-13,9.9962,81.768,12.3100004196167,109.82,0.33000001311302185,2.719,7.69599553494371,5.133,5.0,965.94
2013-08-14,9.9738,81.711,13.039999961853027,110.2,0.3260999917984009,2.7136,7.6581699932276495,5.133,5.0,967.92
2013-08-15,9.9922,81.181,14.729999542236328,111.11,0.34619998931884766,2.7664,7.7628159327596995,5.133,5.0,960.48
2013-08-16,10.0916,81.257,14.369999885559082,110.4,0.3386000096797943,2.8251,7.778851993000529,5.133,5.0,958.11
2013-08-19,10.2057,81.226,15.100000381469727,109.9,0.3508000075817108,2.8804,8.00875551960365,5.133,5.0,944.88
2013-08-20,10.1599,80.906,14.90999984741211,110.15,0.33880001306533813,2.8142,7.9506916461300605,5.133,5.0,932.15
2013-08-21,10.3907,81.213,15.9399995803833,109.81,0.36730000376701355,2.8935,8.01438429496968,5.133,5.0,924.19
2013-08-22,10.2816,81.488,14.760000228881836,109.9,0.38769999146461487,2.8844,8.09920278116947,5.133,5.0,922.28
2013-08-23,10.2438,81.361,13.979999542236328,111.04,0.37610000371932983,2.8146,7.9488254707475505,5.133,5.0,932.76
2013-08-26,10.3282,81.407,14.989999771118164,110.73,0.36399999260902405,2.7853,7.982932025579021,5.133,5.0,932.78
2013-08-27,10.3897,81.166,16.770000457763672,114.36,0.35600000619888306,2.7087,8.03018716335113,5.133,5.0,915.44
2013-08-28,10.3176,81.431,16.489999771118164,116.61,0.39469999074935913,2.7653,8.00972402198069,5.133,5.0,909.81
2013-08-29,10.3613,81.948,16.809999465942383,115.16,0.39469999074935913,2.7617,8.02647378683936,5.133,5.0,920.84
2013-08-30,10.2799,82.087,17.010000228881836,114.01,0.3986999988555908,2.7839,7.937162176568489,5.133,5.0,929.54
2013-09-02,10.2833,82.087,17.010000228881836,114.33,0.3986999988555908,2.7839,8.01478767682795,5.133,5.0,938.29
2013-09-03,10.3348,82.361,16.610000610351562,115.68,0.41449999809265137,2.8576,8.11053924455566,5.133,5.0,933.94
2013-09-04,10.2447,82.169,15.880000114440918,114.91,0.4699999988079071,2.8966,8.07176359247396,5.133,5.0,937.79
2013-09-05,10.237,82.633,15.770000457763672,115.26,0.5177000164985657,2.9937,8.08931546156649,5.133,5.0,947.67
2013-09-06,10.0155,82.146,15.850000381469727,116.12,0.4544999897480011,2.9342,7.9576419025501,5.133,5.0,955.73
2013-09-09,9.9553,81.793,15.630000114440918,113.72,0.44269999861717224,2.912,7.84519523987852,5.133,5.0,973.79
2013-09-10,9.9828,81.821,14.529999732971191,111.25,0.4706999957561493,2.9643,7.873604892914569,5.133,5.0,991.36
2013-09-11,9.8704,81.518,13.819999694824219,111.5,0.44290000200271606,2.9122,7.8035181097989,5.133,5.0,991.94
2013-09-12,9.9708,81.489,14.289999961853027,112.63,0.4429999887943268,2.9095,7.71833343786597,5.133,5.0,990.41
2013-09-13,9.9302,81.452,14.15999984741211,112.78,0.4311999976634979,2.8846,7.69031678171292,5.133,5.0,986.84
2013-09-16,9.8102,81.295,14.380000114440918,110.07,0.3869999945163727,2.8643,7.59519238674828,5.133,5.0,1001.76
2013-09-17,9.8029,81.143,14.529999732971191,108.19,0.3709999918937683,2.8468,7.64179618562234,5.133,5.0,1002.44
2013-09-18,9.5872,80.237,13.59000015258789,110.6,0.3206000030040741,2.6878,7.6604204097833195,5.133,5.0,1000.99
2013-09-19,9.7053,80.372,13.15999984741211,108.76,0.33469998836517334,2.7519,7.446056374422,5.133,5.0,1022.54
2013-09-20,9.8881,80.431,13.119999885559082,109.22,0.3303999900817871,2.7337,7.44795819534043,5.133,5.0,1013.17
2013-09-23,9.8431,80.449,14.3100004196167,108.16,0.3303999900817871,2.6999,7.4635686096890295,5.133,5.0,1016.3
2013-09-25,9.9909,80.334,14.010000228881836,108.32,0.3402000069618225,2.628,7.47031000626939,5.133,5.0,1007.55
2013-09-26,9.9912,80.523,14.0600004196167,109.21,0.3402000069618225,2.6498,7.4965222494648005,5.133,5.0,1003.0
2013-09-27,10.0886,80.287,15.460000038146973,108.63,0.33239999413490295,2.6245,7.55873509968924,5.133,5.0,999.88
2013-09-30,10.0278,80.221,16.600000381469727,108.37,0.31679999828338623,2.61,7.482538057120119,5.13,5.0,987.46
2013-10-01,10.1233,80.141,15.539999961853027,107.94,0.3287000060081482,2.65,7.59390067946845,5.142,5.0,996.34
2013-10-02,10.0168,79.9,16.600000381469727,109.19,0.31690001487731934,2.6173,7.611733581063721,5.142,5.0,997.85
2013-10-03,10.0345,79.749,17.670000076293945,109.0,0.3091000020503998,2.6046,7.57194070289451,5.142,5.0,1005.25
2013-10-04,9.9867,80.122,16.739999771118164,109.46,0.32919999957084656,2.6447,7.57147617316434,5.142,5.0,1007.92
2013-10-07,10.0026,79.941,19.40999984741211,109.68,0.34119999408721924,2.6265,7.603163709462881,5.142,5.0,1004.66
2013-10-08,9.997,80.06,20.34000015258789,110.16,0.38109999895095825,2.632,7.57409358668773,5.142,5.0,1008.89
2013-10-09,9.9614,80.376,19.600000381469727,109.06,0.35740000009536743,2.6631,7.567570998757709,5.142,5.0,1005.69
2013-10-10,9.9071,80.417,16.479999542236328,111.8,0.3416000008583069,2.6814,7.50741662221301,5.142,5.0,1014.05
2013-10-11,9.8941,80.362,15.720000267028809,111.28,0.35010001063346863,2.6871,7.387956254294149,5.142,5.0,1023.21
2013-10-14,9.9145,80.263,16.06999969482422,111.04,0.35010001063346863,2.6871,7.46028696322588,5.142,5.0,1022.65
2013-10-15,9.9781,80.482,18.65999984741211,109.96,0.35429999232292175,2.7276,7.455194142419989,5.142,5.0,1029.85
2013-10-16,9.8648,80.47,14.710000038146973,110.86,0.3303000032901764,2.6633,7.4156743752600205,5.142,5.0,1031.27
2013-10-17,9.8252,79.649,13.479999542236328,109.11,0.31029999256134033,2.5894,7.33514575235895,5.142,5.0,1033.97
2013-10-18,9.7884,79.654,13.039999961853027,109.94,0.31060001254081726,2.5777,7.289721753918819,5.142,5.0,1042.06
2013-10-21,9.8429,79.695,13.15999984741211,109.64,0.31060001254081726,2.6014,7.33245377722414,5.142,5.0,1042.66
2013-10-22,9.7374,79.23,13.329999923706055,109.97,0.2904999852180481,2.5124,7.3334212418637605,5.142,5.0,1044.66
2013-10-23,9.7934,79.264,13.420000076293945,107.8,0.3068000078201294,2.5016,7.28410229686784,5.142,5.0,1033.47
2013-10-24,9.7557,79.185,13.199999809265137,106.99,0.3027999997138977,2.5197,7.2878187895194095,5.142,5.0,1030.82
2013-10-25,9.827,79.194,13.09000015258789,106.93,0.2989000082015991,2.5088,7.36344394549194,5.142,5.0,1027.27
2013-10-28,9.8289,79.246,13.3100004196167,109.61,0.30309998989105225,2.5233,7.47729782421853,5.142,5.0,1034.38
2013-10-29,9.8919,79.607,13.40999984741211,109.01,0.3127000033855438,2.5034,7.44502692507117,5.142,5.0,1036.76
2013-10-30,9.9455,79.777,13.649999618530273,109.86,0.3127000033855438,2.5378,7.427021911156199,5.142,5.0,1042.75
2013-10-31,10.0467,80.195,13.75,108.84,0.3050000071525574,2.5542,7.5216907149884795,5.14,5.0,1034.42
2013-11-01,10.1898,80.716,13.279999732971191,105.91,0.3091000020503998,2.6218,7.69355286568125,5.142,5.0,1027.87
2013-11-04,10.1324,80.553,12.930000305175781,106.23,0.3012999892234802,2.6035,7.6729206001550905,5.142,5.0,1027.06
2013-11-05,10.2444,80.706,13.270000457763672,105.33,0.30140000581741333,2.6696,7.688325666803319,5.142,5.0,1016.3
2013-11-06,10.2694,80.483,12.670000076293945,105.24,0.2896000146865845,2.6421,7.741666382748701,5.142,5.0,1016.19
2013-11-07,10.2997,80.845,13.90999984741211,103.46,0.2816999852657318,2.5999,7.661044368121769,5.175,5.0,1010.19
2013-11-08,10.3377,81.303,12.899999618530273,105.12,0.30979999899864197,2.7477,7.83116763346302,5.175,5.0,995.3
2013-11-11,10.3626,81.091,12.529999732971191,106.4,0.30979999899864197,2.7477,7.91355534199256,5.175,5.0,992.99
2013-11-12,10.3692,81.192,12.819999694824219,105.81,0.32589998841285706,2.7728,7.938949710196649,5.175,5.0,991.45
2013-11-13,10.2797,80.926,12.520000457763672,107.12,0.2980000078678131,2.6996,7.831772026373541,5.183,5.0,979.88
2013-11-14,10.1894,81.023,12.369999885559082,108.54,0.28999999165534973,2.69,7.82412948141665,5.192,5.0,991.77
2013-11-15,10.1605,80.849,12.1899995803833,108.5,0.29019999504089355,2.7033,7.706580610564499,5.192,5.0,1005.17
2013-11-18,10.1456,80.825,13.100000381469727,108.47,0.2782000005245209,2.6658,7.69023428453094,5.192,5.0,1025.3
2013-11-19,10.1826,80.704,13.390000343322754,106.92,0.28630000352859497,2.7069,7.7361515513294306,5.192,5.0,1024.53
2013-11-20,10.1507,81.112,13.399999618530273,108.06,0.2741999924182892,2.7987,7.70282625235676,5.192,5.0,1019.57
2013-11-21,10.1281,81.073,12.65999984741211,110.08,0.2702000141143799,2.7842,7.81652422352781,5.192,5.0,1004.24
2013-11-22,10.0695,80.708,12.260000228881836,111.05,0.2784000039100647,2.7427,7.76611197746807,5.192,5.0,1009.17
2013-11-25,10.1002,80.92,12.789999961853027,111.0,0.2784999907016754,2.7283,7.78675463837849,5.192,5.0,1010.63
2013-11-26,10.1314,80.611,12.8100004196167,110.88,0.28929999470710754,2.7077,7.84329510237681,5.192,5.0,1005.4
2013-11-27,10.2347,80.722,12.979999542236328,111.31,0.28540000319480896,2.7373,7.89685216182637,5.192,5.0,1008.81
2013-11-28,10.2013,80.582,12.979999542236328,110.86,0.28540000319480896,2.7373,7.9161496489836,5.192,5.0,1012.02
2013-11-29,10.1742,80.68,13.699999809265137,109.69,0.28139999508857727,2.7445,7.89796527520671,5.192,5.0,1018.28
2013-12-02,10.2741,80.925,14.229999542236328,111.45,0.28540000319480896,2.7951,7.9894344579689704,5.2,5.0,1013.44
2013-12-03,10.331,80.591,14.550000190734863,112.62,0.2854999899864197,2.7825,7.9755860627872694,5.2,5.0,1002.71
2013-12-04,10.4364,80.619,14.699999809265137,111.88,0.28949999809265137,2.8342,8.04374445120032,5.2,5.0,995.75
2013-12-05,10.452,80.235,15.079999923706055,110.98,0.30140000581741333,2.8717,8.064354297323929,5.217,5.0,998.45
2013-12-06,10.3194,80.315,13.789999961853027,111.61,0.30160000920295715,2.8553,7.9934234044069505,5.217,5.0,1002.2
2013-12-09,10.3927,80.134,13.489999771118164,109.39,0.2976999878883362,2.8389,7.87561046229296,5.217,5.0,1012.76
2013-12-10,10.3603,79.966,13.90999984741211,109.38,0.2978000044822693,2.8006,7.86291078026423,5.217,5.0,1012.32
2013-12-11,10.377,79.894,15.420000076293945,109.7,0.3057999908924103,2.8535,7.777769522904319,5.217,5.0,1002.55
2013-12-12,10.3882,80.206,15.539999961853027,108.67,0.32190001010894775,2.8773,7.766232472316251,5.217,5.0,991.52
2013-12-13,10.292,80.214,15.760000228881836,108.83,0.32420000433921814,2.8646,7.75954195906689,5.217,5.0,990.48
2013-12-17,10.3285,80.061,16.209999084472656,108.44,0.31839999556541443,2.8354,7.7427322908975595,5.217,5.0,990.49
2013-12-18,10.3439,80.105,13.800000190734863,109.63,0.33239999413490295,2.8931,7.771256472720641,5.217,5.0,992.7
2013-12-19,10.3885,80.63,14.149999618530273,110.29,0.3637999892234802,2.9291,7.71484462937933,5.217,5.0,990.65
2013-12-20,10.3558,80.575,13.789999961853027,111.77,0.37560001015663147,2.8886,7.749631019410989,5.217,5.0,988.26
2013-12-23,10.3451,80.447,13.039999961853027,111.56,0.38339999318122864,2.9274,7.71278084366096,5.217,5.0,992.69
2013-12-24,10.3301,80.536,12.479999542236328,111.9,0.3952000141143799,2.9775,7.71675678936328,5.217,5.0,995.35
2013-12-27,10.5304,80.392,12.460000038146973,112.18,0.3874000012874603,3.0,7.743086684345781,5.217,5.0,997.56
2013-12-30,10.4208,80.0,13.5600004196167,111.21,0.37950000166893005,2.9703,7.82134258657998,5.217,5.0,1001.9
2013-12-31,10.4926,80.035,13.720000267028809,110.8,0.3799000084400177,3.0282,7.815126387117511,5.22,5.0,1002.69
2014-01-02,10.6832,80.63,14.229999542236328,107.78,0.3801000118255615,2.989,7.8804333102152,5.217,5.0,990.79
2014-01-03,10.76,80.791,13.760000228881836,106.89,0.39649999141693115,2.9948,7.8600208017783695,5.225,5.0,979.49
2014-01-06,10.6496,80.652,13.550000190734863,106.73,0.3926999866962433,2.9576,7.87241571578417,5.225,5.0,972.42
2014-01-07,10.648,80.833,12.920000076293945,107.35,0.39089998602867126,2.9391,7.81361646446003,5.225,5.0,971.48
2014-01-08,10.7706,81.022,12.869999885559082,107.15,0.42500001192092896,2.9894,7.85251329216941,5.225,5.0,973.17
2014-01-09,10.7962,81.005,12.890000343322754,106.39,0.4291999936103821,2.9652,7.888928954238169,5.225,5.0,963.11
2014-01-10,10.6435,80.658,12.140000343322754,107.25,0.3698999881744385,2.8579,7.80043529487608,5.225,5.0,970.15
2014-01-13,10.8249,80.513,13.279999732971191,106.75,0.35600000619888306,2.8257,7.79598417327409,5.225,5.0,977.42
2014-01-14,10.8338,80.662,12.279999732971191,106.39,0.3781999945640564,2.8709,7.85444436186908,5.225,5.0,975.28
2014-01-15,10.8805,81.027,12.279999732971191,107.13,0.390500009059906,2.8912,7.918426275718909,5.225,5.0,977.87
2014-01-16,10.8858,80.91,12.529999732971191,107.09,0.38260000944137573,2.8414,7.9412859740992605,5.225,5.0,974.65
2014-01-17,10.866,81.225,12.4399995803833,106.48,0.37119999527931213,2.8194,7.94726497603071,5.225,5.0,972.27
2014-01-20,10.8521,81.225,12.4399995803833,106.35,0.37119999527931213,2.8194,8.002431463895961,5.225,5.0,970.82
2014-01-21,10.8268,81.098,12.869999885559082,106.73,0.37549999356269836,2.8286,8.0076593094029,5.225,5.0,970.75
2014-01-22,10.8744,81.167,12.84000015258789,108.27,0.4000000059604645,2.8656,8.0184670775388,5.225,5.0,976.47
2014-01-23,10.9928,80.438,13.770000457763672,107.58,0.3596000075340271,2.7772,8.10770122709132,5.225,5.0,963.98
2014-01-24,11.0886,80.458,18.139999389648438,107.88,0.33550000190734863,2.715,8.17007638944745,5.225,5.0,949.9
2014-01-27,11.1163,80.524,17.420000076293945,106.69,0.33980000019073486,2.7479,8.29947564165524,5.225,5.0,931.64
2014-01-28,11.0411,80.568,15.800000190734863,107.41,0.3398999869823456,2.7488,8.36163507458158,5.225,5.0,934.09
2014-01-29,11.3176,80.505,17.350000381469727,107.85,0.351500004529953,2.6767,8.444272293926069,5.225,5.5,936.67
2014-01-30,11.2099,81.085,17.290000915527344,107.95,0.34360000491142273,2.6949,8.50994061916773,5.692,5.5,936.37
2014-01-31,11.1206,81.311,18.40999984741211,106.4,0.3276999890804291,2.644,8.60423882616365,5.68,5.5,936.53
2014-02-03,11.2799,81.009,21.440000534057617,106.04,0.29420000314712524,2.5761,8.56593307140065,5.675,5.5,926.74
2014-02-04,11.0983,81.121,19.110000610351562,105.78,0.3118000030517578,2.6294,8.453058610280321,5.675,5.5,917.74
2014-02-05,11.1342,81.036,19.950000762939453,106.25,0.3116999864578247,2.6675,8.38251266067193,5.675,5.5,916.56
2014-02-06,11.0354,80.906,17.229999542236328,107.19,0.319599986076355,2.7003,8.354268433932539,5.675,5.5,929.8
2014-02-07,11.0644,80.691,15.289999961853027,109.57,0.3034000098705292,2.6829,8.33616716611759,5.675,5.5,937.3
2014-02-10,11.1405,80.642,15.260000228881836,108.63,0.30730000138282776,2.6674,8.43209755024098,5.675,5.5,935.5
2014-02-11,10.967,80.638,14.510000228881836,108.68,0.3310999870300293,2.725,8.41336959171418,5.675,5.5,944.75
2014-02-12,11.0053,80.679,14.300000190734863,108.79,0.33899998664855957,2.7608,8.4022719013635,5.675,5.5,953.3
2014-02-13,10.9663,80.323,14.140000343322754,108.73,0.3109999895095825,2.732,8.44975338903315,5.675,5.5,945.83
2014-02-14,10.8609,80.136,13.569999694824219,109.08,0.310699999332428,2.7428,8.37626307200519,5.675,5.5,957.31
2014-02-17,10.825,80.136,13.569999694824219,109.18,0.310699999332428,2.7428,8.36284788644982,5.675,5.5,964.29
2014-02-18,10.8776,80.008,13.869999885559082,110.46,0.2985000014305115,2.7069,8.31809776445963,5.675,5.5,958.87
2014-02-19,11.0398,80.144,15.5,110.47,0.31450000405311584,2.7392,8.35066086515535,5.675,5.5,959.09
2014-02-20,11.0079,80.286,14.789999961853027,110.3,0.31850001215934753,2.7509,8.44202263887061,5.675,5.5,950.62
2014-02-21,10.9296,80.237,14.680000305175781,109.85,0.3142000138759613,2.731,8.41859736774629,5.675,5.5,959.26
2014-02-24,10.7959,80.199,14.229999542236328,110.64,0.3181000053882599,2.7382,8.363993117390239,5.675,5.5,958.42
2014-02-25,10.7287,80.137,13.670000076293945,109.51,0.3140000104904175,2.7023,8.273042673767481,5.675,5.5,955.54
2014-02-26,10.8201,80.429,14.350000381469727,109.52,0.3244999945163727,2.6655,8.2763918326576,5.675,5.5,956.26
2014-02-27,10.7017,80.285,14.039999961853027,108.96,0.3206000030040741,2.6387,8.3031131886247,5.675,5.5,963.23
2014-02-28,10.7551,79.691,14.0,109.07,0.31690001487731934,2.6476,8.295330300320849,5.68,5.5,966.42
2014-03-03,10.8964,80.077,16.0,111.2,0.3012000024318695,2.6012,8.33704485877211,5.675,5.5,950.68
2014-03-04,10.7551,80.168,14.100000381469727,109.3,0.3328999876976013,2.6977,8.31895326635708,5.7,5.5,956.19
2014-03-05,10.6644,80.109,13.890000343322754,107.76,0.3330000042915344,2.7048,8.287925102205849,5.7,5.5,959.18
2014-03-06,10.6019,79.663,14.210000038146973,108.1,0.3411000072956085,2.7373,8.15570514855169,5.708,5.5,970.27
2014-03-07,10.7295,79.719,14.109999656677246,109.0,0.3693000078201294,2.7879,8.21269135900716,5.725,5.5,966.72
2014-03-10,10.7454,79.768,14.199999809265137,108.08,0.36550000309944153,2.777,8.24797076685922,5.725,5.5,955.02
2014-03-11,10.8555,79.736,14.800000190734863,108.55,0.36970001459121704,2.768,8.26322805239727,5.725,5.5,955.89
2014-03-12,10.8036,79.608,14.470000267028809,108.02,0.3617999851703644,2.73,8.29034278465748,5.725,5.5,944.63
2014-03-13,10.8066,79.62,16.219999313354492,107.39,0.33799999952316284,2.6446,8.25731762416719,5.725,5.5,943.19
2014-03-14,10.6711,79.446,17.81999969482422,108.57,0.3424000144004822,2.6543,8.2274501813093,5.725,5.5,937.69
2014-03-17,10.7751,79.385,15.640000343322754,106.24,0.358599990606308,2.6921,8.262120151747899,5.725,5.5,943.22
2014-03-18,10.7324,79.414,14.520000457763672,106.79,0.3465999960899353,2.6722,8.29888185713305,5.725,5.5,952.48
2014-03-19,10.8706,79.995,15.119999885559082,105.85,0.4194999933242798,2.7725,8.25543718965611,5.725,5.5,950.59
2014-03-20,10.8887,80.192,14.520000457763672,106.45,0.4196999967098236,2.7716,8.32093551644599,5.725,5.5,940.7
2014-03-24,10.8302,79.934,15.09000015258789,106.81,0.43290001153945923,2.7281,8.27514400130933,5.725,5.5,953.9
2014-03-25,10.7365,79.944,14.020000457763672,106.99,0.42500001192092896,2.748,8.19121370988997,5.725,5.5,958.49
2014-03-26,10.7077,80.032,14.930000305175781,107.03,0.44179999828338623,2.6919,8.13642924158219,5.725,5.5,968.23
2014-03-27,10.5837,80.111,14.619999885559082,107.83,0.4456999897956848,2.681,8.07401926031659,5.725,5.5,975.29
2014-03-28,10.5765,80.176,14.40999984741211,108.07,0.4496000111103058,2.7208,8.11014559259727,5.725,5.5,984.91
2014-03-31,10.5319,80.1,13.880000114440918,107.76,0.41830000281333923,2.718,8.146042264049699,5.73,5.5,994.65
2014-04-01,10.5822,80.094,13.100000381469727,105.62,0.4300999939441681,2.7525,8.218917403740509,5.725,5.5,1000.79
2014-04-02,10.6105,80.215,13.09000015258789,104.79,0.453900009393692,2.8045,8.22889444533742,5.725,5.5,1004.97
2014-04-03,10.6413,80.475,13.369999885559082,106.15,0.45399999618530273,2.7972,8.244688589139699,5.725,5.5,1000.17
2014-04-04,10.5625,80.423,13.960000038146973,106.72,0.4106999933719635,2.7207,8.13366763070158,5.733,5.5,1002.04
2014-04-07,10.5282,80.232,15.569999694824219,105.82,0.39480000734329224,2.6998,8.1019028354392,5.733,5.5,1004.15
2014-04-08,10.4638,79.752,14.890000343322754,107.67,0.39489999413490295,2.6808,8.03176480068546,5.733,5.5,1011.49
2014-04-09,10.3772,79.484,13.819999694824219,107.98,0.36309999227523804,2.6898,8.050716253724111,5.733,5.5,1014.83
2014-04-10,10.4709,79.383,15.890000343322754,107.46,0.35109999775886536,2.6474,7.9577681770876,5.75,5.5,1021.74
2014-04-11,10.49,79.452,17.030000686645508,107.33,0.35499998927116394,2.6247,8.024611013498891,5.75,5.5,1015.44
2014-04-14,10.5126,79.729,16.110000610351562,109.07,0.367000013589859,2.6472,8.07909682487551,5.75,5.5,1011.73
2014-04-15,10.5625,79.803,15.609999656677246,108.74,0.367000013589859,2.6283,8.14645075544364,5.75,5.5,999.9
2014-04-16,10.5664,79.803,14.180000305175781,109.6,0.367000013589859,2.6282,8.15060408814594,5.767,5.5,1002.5
2014-04-17,10.4865,79.828,13.359999656677246,109.53,0.3952000141143799,2.7215,8.06965533461647,5.775,5.5,1009.22
2014-04-22,10.5472,79.905,13.1899995803833,109.27,0.3993000090122223,2.7105,8.18827774302652,5.775,5.5,1008.72
2014-04-23,10.5901,79.855,13.270000457763672,109.11,0.44179999828338623,2.6987,8.2112761959691,5.775,5.5,1003.79
2014-04-24,10.6202,79.799,13.319999694824219,110.33,0.43779999017715454,2.6805,8.2092572665142,5.775,5.5,1004.46
2014-04-25,10.6685,79.749,14.0600004196167,109.58,0.4300000071525574,2.6623,8.19055217842465,5.775,5.5,993.35
2014-04-29,10.5576,79.808,13.710000038146973,108.98,0.43779999017715454,2.6913,8.19460823953111,5.775,5.5,999.93
2014-04-30,10.5224,79.474,13.40999984741211,108.07,0.41040000319480896,2.6459,8.16644710893053,5.78,5.5,995.28
2014-05-02,10.4796,79.516,12.90999984741211,108.59,0.42239999771118164,2.5843,8.14925356675444,5.775,5.5,1003.39
2014-05-05,10.546,79.486,13.289999961853027,107.72,0.41850000619888306,2.6068,8.11862718799852,5.775,5.5,1001.01
2014-05-06,10.4989,79.093,13.800000190734863,107.06,0.42260000109672546,2.5914,8.060996557680799,5.775,5.5,1003.93
2014-05-08,10.3359,79.361,13.430000305175781,108.04,0.38690000772476196,2.6161,7.87150485062574,5.775,5.5,1008.85
2014-05-09,10.3481,79.903,12.920000076293945,107.89,0.382999986410141,2.6233,7.8487975229648805,5.783,5.5,1006.95
2014-05-12,10.358,79.901,12.229999542236328,108.41,0.39500001072883606,2.6611,7.893827322663539,5.792,5.5,1015.81
2014-05-13,10.3089,80.143,12.130000114440918,109.24,0.3790000081062317,2.6089,7.82117693343468,5.8,5.5,1022.44
2014-05-14,10.2914,80.073,12.170000076293945,110.19,0.367000013589859,2.5427,7.7631898544155105,5.8,5.5,1032.24
2014-05-15,10.4065,80.003,13.170000076293945,110.44,0.35089999437332153,2.4893,7.7979936212993,5.8,5.5,1029.1
2014-05-16,10.3552,80.043,12.4399995803833,109.75,0.3589000105857849,2.5231,7.857515938906991,5.8,5.5,1031.95
2014-05-19,10.3548,79.993,12.420000076293945,109.37,0.3427000045776367,2.5445,7.8151170264182905,5.8,5.5,1035.43
2014-05-20,10.4489,80.041,12.960000038146973,109.69,0.3346000015735626,2.5106,7.916979568829829,5.8,5.5,1029.91
2014-05-21,10.3694,80.095,11.90999984741211,110.55,0.3386000096797943,2.532,7.882064895222279,5.8,5.5,1031.66
2014-05-22,10.3274,80.254,12.029999732971191,110.36,0.3425999879837036,2.5499,7.754195914862421,5.8,5.5,1041.19
2014-05-23,10.2993,80.393,11.359999656677246,110.54,0.3424000144004822,2.5321,7.777657592096481,5.8,5.5,1042.92
2014-05-26,10.3582,80.393,11.359999656677246,110.32,0.3424000144004822,2.5321,7.85295411197906,5.8,5.5,1041.84
2014-05-27,10.4548,80.352,11.510000228881836,110.02,0.34439998865127563,2.5142,7.897141166123579,5.8,5.5,1032.88
2014-05-28,10.4636,80.571,11.680000305175781,109.81,0.365200012922287,2.4431,7.96160906896086,5.8,5.5,1038.23
2014-05-29,10.4159,80.494,11.569999694824219,109.97,0.375,2.4644,7.91809593889319,5.8,5.5,1038.64
2014-05-30,10.5723,80.369,11.399999618530273,109.41,0.37299999594688416,2.4759,8.03654478607425,5.8,5.5,1027.69
2014-06-02,10.6853,80.644,11.579999923706055,108.83,0.38679999113082886,2.5267,8.10709926938309,5.8,5.5,1029.5
2014-06-03,10.7617,80.554,11.869999885559082,108.82,0.3986999988555908,2.5985,8.11115703684843,5.8,5.5,1035.95
2014-06-04,10.769,80.663,12.079999923706055,108.4,0.39079999923706055,2.6021,8.12542032432783,5.8,5.5,1031.19
2014-06-05,10.6873,80.371,11.680000305175781,108.79,0.3790000081062317,2.5824,8.08060654202548,5.8,5.5,1034.98
2014-06-06,10.5875,80.409,10.729999542236328,108.61,0.39879998564720154,2.5869,7.97388066945455,5.8,5.5,1044.93
2014-06-09,10.6418,80.653,11.149999618530273,109.99,0.4187999963760376,2.6032,7.961981559655889,5.8,5.5,1048.96
2014-06-10,10.7052,80.82,10.989999771118164,109.52,0.43880000710487366,2.6439,8.10072344690122,5.8,5.5,1057.59
2014-06-11,10.7554,80.788,11.600000381469727,109.95,0.4309000074863434,2.6394,8.1828641310934,5.8,5.5,1056.04
2014-06-12,10.6736,80.576,12.5600004196167,113.02,0.43700000643730164,2.5951,8.08655711240077,5.8,5.5,1054.74
2014-06-13,10.6777,80.576,12.180000305175781,113.41,0.44929999113082886,2.6033,8.11936847585066,5.8,5.5,1049.14
2014-06-17,10.8388,80.629,12.0600004196167,113.45,0.4796999990940094,2.6523,8.13631493838648,5.8,5.5,1043.53
2014-06-18,10.6632,80.584,10.609999656677246,114.26,0.44350001215934753,2.5844,8.12644130119071,5.8,5.5,1044.57
2014-06-19,10.748,80.317,10.619999885559082,115.06,0.44769999384880066,2.6206,8.0189353065465,5.8,5.5,1049.94
2014-06-20,10.6507,80.372,10.850000381469727,114.81,0.4560999870300293,2.6052,8.0513568402474,5.8,5.5,1043.86
2014-06-23,10.5971,80.272,10.979999542236328,114.12,0.4643000066280365,2.6261,8.03196681335216,5.808,5.5,1042.33
2014-06-24,10.6425,80.327,12.130000114440918,114.46,0.4562999904155731,2.5781,8.021633777758,5.808,5.5,1048.14
2014-06-25,10.5946,80.225,11.59000015258789,114.0,0.4803999960422516,2.5592,8.055397800723691,5.808,5.5,1041.78
2014-06-26,10.6335,80.22,11.630000114440918,113.21,0.4627000093460083,2.5286,8.0435217272005,5.825,5.5,1046.81
2014-06-27,10.588,80.039,11.260000228881836,113.3,0.46070000529289246,2.534,8.02938371950475,5.825,5.5,1046.18
2014-06-30,10.6375,79.775,11.569999694824219,112.36,0.45669999718666077,2.5304,8.0401799974128,5.83,5.5,1050.78
2014-07-01,10.6683,79.815,11.149999618530273,112.29,0.4645000100135803,2.5647,8.048047515396679,5.825,5.5,1051.39
2014-07-02,10.7604,79.956,10.819999694824219,111.24,0.48030000925064087,2.6264,8.07138566496956,5.825,5.5,1060.57
2014-07-03,10.7461,80.212,10.319999694824219,111.0,0.5059000253677368,2.6383,8.10274266039662,5.825,5.5,1062.18
2014-07-04,10.7571,80.269,10.319999694824219,110.64,0.5059000253677368,2.6383,8.086568562481,5.825,5.5,1062.4
2014-07-07,10.7794,80.218,11.329999923706055,110.24,0.511900007724762,2.611,8.11683429263822,5.825,5.5,1064.33
2014-07-08,10.6827,80.179,11.979999542236328,108.94,0.5040000081062317,2.5557,8.04383032268011,5.825,5.5,1064.73
2014-07-09,10.669,79.993,11.649999618530273,108.28,0.47609999775886536,2.5503,8.00496058257011,5.825,5.5,1060.93
2014-07-10,10.6989,80.127,12.59000015258789,108.67,0.45410001277923584,2.5359,8.02517238160927,5.825,5.5,1062.37
2014-07-11,10.7055,80.187,12.079999923706055,106.66,0.4478999972343445,2.516,8.05175623590238,5.833,5.5,1058.67
2014-07-14,10.6763,80.188,11.819999694824219,106.98,0.45989999175071716,2.5468,8.02342720772178,5.833,5.5,1063.66
2014-07-15,10.7098,80.39,11.960000038146973,106.02,0.47589999437332153,2.5468,7.964217022694781,5.833,5.5,1066.35
2014-07-16,10.682,80.559,11.0,105.85,0.4839000105857849,2.526,7.89962235010893,5.833,5.5,1066.83
2014-07-17,10.7611,80.505,14.539999961853027,107.89,0.44359999895095825,2.4458,7.86035287624016,5.833,5.75,1062.59
2014-07-18,10.6476,80.524,12.0600004196167,107.24,0.47769999504089355,2.4809,7.79526267172947,5.958,5.75,1063.26
2014-07-21,10.6042,80.56,12.8100004196167,107.68,0.48989999294281006,2.4674,7.83606712422207,5.958,5.75,1063.26
2014-07-22,10.5727,80.781,12.239999771118164,107.33,0.4715999960899353,2.4601,7.87531138539272,5.958,5.75,1074.48
2014-07-23,10.5131,80.823,11.520000457763672,108.03,0.4675000011920929,2.4655,7.81939238556806,5.958,5.75,1077.7
2014-07-24,10.5275,80.872,11.84000015258789,107.07,0.4918000102043152,2.5025,7.843424841294749,5.958,5.75,1080.85
2014-07-25,10.5125,81.029,12.6899995803833,108.39,0.4876999855041504,2.4655,7.87730807514343,5.958,5.75,1078.69
2014-07-28,10.5645,81.025,12.5600004196167,107.57,0.5,2.4853,7.91138284394062,5.958,5.75,1079.24
2014-07-29,10.6026,81.214,13.279999732971191,107.72,0.5393000245094299,2.4601,7.92470275618265,5.958,5.75,1080.54
2014-07-30,10.656,81.432,13.329999923706055,106.51,0.5551000237464905,2.5569,7.97332257731773,5.958,5.75,1078.75
2014-07-31,10.7073,81.456,16.950000762939453,106.02,0.5275999903678894,2.5578,7.9993226579445205,5.96,5.75,1065.77
2014-08-01,10.6784,81.302,17.030000686645508,104.84,0.4722999930381775,2.4925,8.03462278265601,5.958,5.75,1060.13
2014-08-04,10.6548,81.328,15.119999885559082,105.41,0.4643999934196472,2.4817,7.992281512289109,5.975,5.75,1069.3
2014-08-05,10.756,81.328,16.8700008392334,104.61,0.46239998936653137,2.4844,8.00911831006119,5.975,5.75,1063.11
2014-08-06,10.7024,81.444,16.3700008392334,104.59,0.4564000070095062,2.4708,8.01151548035662,5.975,5.75,1056.77
2014-08-07,10.767,81.524,16.65999984741211,105.44,0.4284999966621399,2.4114,7.97574748581846,5.983,5.75,1051.22
2014-08-08,10.6594,81.389,15.770000457763672,105.02,0.4442000091075897,2.4203,8.02517426516007,6.025,5.75,1045.51
2014-08-11,10.6303,81.466,14.229999542236328,104.68,0.4401000142097473,2.4275,8.03603180003918,6.025,5.75,1061.41
2014-08-12,10.628,81.5,14.130000114440918,103.02,0.4320000112056732,2.4491,8.0398906001541,6.033,5.75,1064.42
2014-08-13,10.5695,81.596,12.899999618530273,104.28,0.41190001368522644,2.4166,8.0192240587455,6.058,5.75,1070.87
2014-08-14,10.5494,81.588,12.420000076293945,102.01,0.415800005197525,2.4015,7.94429631678069,6.075,5.75,1072.37
2014-08-15,10.5919,81.424,13.149999618530273,103.53,0.4074000120162964,2.3397,7.9469005910416595,6.075,5.75,1074.51
2014-08-18,10.6036,81.576,12.319999694824219,101.6,0.4153999984264374,2.3927,8.00574182580749,6.075,5.75,1077.07
2014-08-19,10.6469,81.883,12.210000038146973,101.56,0.42730000615119934,2.3997,7.96623300655723,6.075,5.75,1084.45
2014-08-20,10.7378,82.226,11.779999732971191,102.28,0.4717000126838684,2.4264,7.95274782218779,6.075,5.75,1085.08
2014-08-21,10.7073,82.154,11.760000228881836,102.63,0.4675999879837036,2.4068,7.921337897977381,6.075,5.75,1081.93
2014-08-22,10.6908,82.336,11.470000267028809,102.29,0.4918000102043152,2.4024,7.908140061990129,6.117,5.75,1083.07
2014-08-25,10.7067,82.549,11.699999809265137,102.65,0.5,2.382,7.927237471185131,6.108,5.75,1085.29
2014-08-26,10.6797,82.65,11.630000114440918,102.5,0.4918000102043152,2.3962,7.84656936866058,6.108,5.75,1087.77
2014-08-27,10.6129,82.428,11.779999732971191,102.72,0.5117999911308289,2.3573,7.69285882901076,6.108,5.75,1093.74
2014-08-28,10.6511,82.477,12.050000190734863,102.46,0.5,2.3361,7.739461189629989,6.108,5.75,1086.98
2014-08-29,10.6666,82.748,11.979999542236328,103.19,0.48820000886917114,2.3431,7.691103121704999,6.108,5.75,1087.88
2014-09-01,10.6747,82.748,11.979999542236328,102.79,0.48820000886917114,2.3431,7.69994966041792,6.108,5.75,1090.57
2014-09-02,10.7402,82.992,12.25,100.34,0.5236999988555908,2.4211,7.79531571870432,6.108,5.75,1086.73
2014-09-03,10.6886,82.865,12.359999656677246,102.77,0.5157999992370605,2.3962,7.703001558017631,6.125,5.75,1100.98
2014-09-04,10.7311,83.82,12.640000343322754,101.83,0.5317000150680542,2.4497,7.639704159482901,6.133,5.75,1100.23
2014-09-05,10.6931,83.739,12.09000015258789,100.82,0.5078999996185303,2.4587,7.66126509223032,6.133,5.75,1096.83
2014-09-08,10.8093,84.232,12.65999984741211,100.2,0.527899980545044,2.4712,7.7491949039543995,6.133,5.75,1094.99
2014-09-09,10.923,84.278,13.5,99.16,0.5558000206947327,2.5036,7.84149292239152,6.133,5.75,1087.54
2014-09-10,10.9282,84.283,12.880000114440918,98.04,0.5679000020027161,2.5414,7.839141920191629,6.133,5.75,1075.22
2014-09-11,10.9655,84.298,12.800000190734863,98.08,0.5600000023841858,2.5496,7.86866242282828,6.133,5.75,1069.43
2014-09-12,11.023,84.24,13.3100004196167,97.11,0.5601999759674072,2.6105,7.91367098775813,6.133,5.75,1061.53
2014-09-15,10.9636,84.264,14.119999885559082,96.65,0.5401999950408936,2.5887,7.9244730206256495,6.133,5.75,1055.78
2014-09-16,10.9023,84.074,12.729999542236328,99.05,0.5361999869346619,2.5924,7.92496262387461,6.133,5.75,1054.07
2014-09-17,11.0269,84.345,12.649999618530273,98.97,0.5685999989509583,2.6198,7.852661531113469,6.133,5.75,1062.39
2014-09-18,11.0772,84.323,12.029999732971191,97.7,0.5605999827384949,2.6144,7.90625742523416,6.133,5.75,1056.37
2014-09-19,11.0798,84.735,12.109999656677246,98.39,0.5648999810218811,2.5745,7.87743670630337,6.133,5.75,1053.92
2014-09-22,11.172,84.752,13.6899995803833,96.97,0.5486999750137329,2.5636,7.86593427369887,6.133,5.75,1040.29
2014-09-23,11.1729,84.658,14.930000305175781,96.85,0.5365999937057495,2.5275,7.85886580801132,6.133,5.75,1032.79
2014-09-25,11.2052,85.195,15.640000343322754,97.0,0.5511000156402588,2.5022,7.85331469669809,6.133,5.75,1025.63
2014-09-26,11.2285,85.64,14.850000381469727,97.0,0.5748000144958496,2.5276,7.92926652260471,6.133,5.75,1023.91
2014-09-29,11.2798,85.591,15.979999542236328,97.2,0.5708000063896179,2.4771,8.01976931696561,6.133,5.75,1009.43
2014-09-30,11.2853,85.936,16.309999465942383,94.67,0.5669999718666077,2.4888,8.05723336362572,6.13,5.75,1005.33
2014-10-01,11.2658,85.972,16.709999084472656,94.16,0.5157999992370605,2.3856,8.05257664979833,6.125,5.75,996.86
2014-10-02,11.1848,85.601,16.15999984741211,93.42,0.5236999988555908,2.425,8.01854405757785,6.108,5.75,992.53
2014-10-03,11.3444,86.694,14.550000190734863,92.31,0.5575000047683716,2.434,8.08882742744148,6.075,5.75,997.27
2014-10-06,11.2122,85.928,15.460000038146973,92.79,0.5317999720573425,2.4196,7.998403752922161,6.075,5.75,1010.32
2014-10-07,11.1862,85.672,17.200000762939453,92.11,0.5040000081062317,2.3391,7.97389216673165,6.075,5.75,1010.86
2014-10-08,11.0399,85.297,15.109999656677246,91.38,0.44830000400543213,2.3213,7.90420546722424,6.075,5.75,998.76
2014-10-09,11.065,85.522,18.760000228881836,90.05,0.44029998779296875,2.3133,7.82815449635155,6.075,5.75,1008.33
2014-10-10,11.12,85.912,21.239999771118164,90.21,0.4239000082015991,2.2804,7.8550827020106295,6.075,5.75,989.87
2014-10-13,11.0429,85.532,24.639999389648438,88.89,0.4239000082015991,2.2804,7.790401168003081,6.075,5.75,991.49
2014-10-14,11.0574,85.822,22.790000915527344,85.04,0.3677999973297119,2.1973,7.767120380134469,6.075,5.75,992.08
2014-10-15,11.0745,85.147,26.25,83.78,0.3075999915599823,2.1358,7.69928275182932,6.075,5.75,982.6
2014-10-16,11.1174,84.955,25.200000762939453,84.47,0.3433000147342682,2.1559,7.82542110319599,6.075,5.75,970.65
2014-10-17,11.0805,85.11,21.989999771118164,86.16,0.3709000051021576,2.1936,7.82562478582917,6.075,5.75,976.76
2014-10-20,11.0188,84.953,18.56999969482422,85.4,0.3504999876022339,2.1909,7.7949726088228894,6.075,5.75,981.5
2014-10-21,11.0475,85.303,16.079999923706055,86.22,0.36239999532699585,2.2217,7.747594719794041,6.075,5.75,981.78
2014-10-22,11.0,85.741,17.8700008392334,84.71,0.3582000136375427,2.2164,7.628485651384,6.075,5.75,987.09
2014-10-23,10.9773,85.843,16.530000686645508,86.83,0.3862999975681305,2.2712,7.63637723702868,6.075,5.75,981.75
2014-10-24,10.9303,85.732,16.110000610351562,86.13,0.38589999079704285,2.2685,7.629197178221581,6.075,5.75,984.38
2014-10-27,10.94,85.495,16.040000915527344,85.83,0.3815999925136566,2.2605,7.65979997587391,6.075,5.75,977.8
2014-10-28,10.8464,85.408,14.390000343322754,86.03,0.3937000036239624,2.296,7.632139597247679,6.075,5.75,992.54
2014-10-29,10.9479,85.952,15.149999618530273,87.12,0.4810999929904938,2.3174,7.612646303295801,6.075,5.75,1004.88
2014-10-30,10.8688,86.147,14.520000457763672,86.24,0.4693000018596649,2.3058,7.627388295138051,6.075,5.75,1007.54
2014-10-31,11.0395,86.917,14.029999732971191,85.86,0.49140000343322754,2.3353,7.60634637075767,6.08,5.75,1016.07
2014-11-03,11.0736,87.309,14.729999542236328,84.78,0.5113999843597412,2.3425,7.65149137503138,6.075,5.75,1010.37
2014-11-04,11.0361,86.984,14.890000343322754,82.82,0.5116000175476074,2.3335,7.66904410679735,6.075,5.75,1007.11
2014-11-05,11.1468,87.444,14.170000076293945,82.95,0.5217000246047974,2.3424,7.72114590851653,6.075,5.75,998.44
2014-11-06,11.2591,88.012,13.670000076293945,82.86,0.5497000217437744,2.3856,7.66820349013298,6.075,5.75,991.32
2014-11-07,11.2705,87.642,13.119999885559082,83.39,0.4984999895095825,2.2976,7.7397897516438094,6.083,5.75,987.65
2014-11-10,11.2739,87.81,12.670000076293945,82.34,0.5349000096321106,2.3604,7.656447210793189,6.092,5.75,997.66
2014-11-11,11.2213,87.531,12.920000076293945,81.67,0.5349000096321106,2.3604,7.66949367546908,6.092,5.75,993.69
2014-11-12,11.1923,87.822,13.020000457763672,80.38,0.5392000079154968,2.3712,7.5640501847740795,6.092,5.75,996.06
2014-11-13,11.2099,87.674,13.789999961853027,77.92,0.5152999758720398,2.3399,7.63716262168573,6.092,5.75,992.72
2014-11-14,11.0835,87.525,13.3100004196167,79.41,0.511900007724762,2.3204,7.60800949271361,6.092,5.75,990.81
2014-11-17,11.1337,87.926,13.989999771118164,79.31,0.5080000162124634,2.3399,7.5846807397289995,6.092,5.75,985.88
2014-11-18,11.0323,87.575,13.859999656677246,78.47,0.5041999816894531,2.3151,7.53977664470476,6.092,5.75,988.66
2014-11-19,11.0572,87.647,13.960000038146973,78.1,0.5205000042915344,2.3594,7.5307543516440205,6.092,5.75,989.91
2014-11-20,10.9633,87.591,13.579999923706055,79.33,0.5085999965667725,2.3373,7.485788534815691,6.092,5.75,990.1
2014-11-21,10.9458,88.31,12.899999618530273,80.36,0.5009999871253967,2.3099,7.443020515481499,6.083,5.75,1004.35
2014-11-24,11.02,88.151,12.619999885559082,79.68,0.49300000071525574,2.3064,7.45960390529399,6.083,5.75,1011.23
2014-11-25,10.9658,87.92,12.25,78.33,0.5196999907493591,2.257,7.50034469339996,6.083,5.75,1009.1
2014-11-26,10.9553,87.607,12.069999694824219,77.75,0.5156999826431274,2.2447,7.40861902080721,6.083,5.75,1011.97
2014-11-27,10.9773,87.607,12.069999694824219,72.58,0.5156999826431274,2.2447,7.406766133628049,6.083,5.75,1012.62
2014-11-28,11.0629,88.356,13.329999923706055,70.15,0.4684999883174896,2.164,7.32732545367427,6.083,5.75,1004.72
2014-12-01,10.9918,87.946,14.289999961853027,72.54,0.4961000084877014,2.235,7.29770781067246,6.083,5.75,985.08
2014-12-02,11.1236,88.647,12.850000381469727,70.54,0.5354999899864197,2.2923,7.374440370122611,6.083,5.75,984.49
2014-12-03,11.2215,88.956,12.470000267028809,69.92,0.555400013923645,2.2799,7.453590924015289,6.083,5.75,985.89
2014-12-04,11.1983,88.704,12.380000114440918,69.64,0.5396000146865845,2.2341,7.45607855704362,6.083,5.75,986.91
2014-12-05,11.3519,89.334,11.819999694824219,69.07,0.6432999968528748,2.3065,7.495537385889341,6.083,5.75,985.68
2014-12-08,11.5409,89.041,14.210000038146973,66.19,0.6274999976158142,2.257,7.527692585943139,6.083,5.75,976.84
2014-12-09,11.4543,88.69,14.890000343322754,66.84,0.6116999983787537,2.2129,7.57133998652019,6.083,5.75,965.41
2014-12-10,11.5374,88.271,18.530000686645508,64.24,0.5679000020027161,2.1638,7.68932480722352,6.083,5.75,958.67
2014-12-11,11.6319,88.663,20.079999923706055,63.68,0.6000000238418579,2.162,7.65644679393368,6.083,5.75,946.04
2014-12-12,11.5916,88.363,21.079999923706055,61.85,0.5400999784469604,2.0817,7.701820692685681,6.083,5.75,938.41
2014-12-15,11.7593,88.46,20.420000076293945,61.06,0.5763999819755554,2.1182,7.71475930785519,6.083,5.75,924.06
2014-12-17,11.6238,89.133,19.440000534057617,61.18,0.6169999837875366,2.1356,7.856959813787361,6.083,5.75,918.15
2014-12-18,11.5794,89.235,16.809999465942383,59.27,0.6312999725341797,2.2075,7.7259021622479604,6.083,5.75,935.12
2014-12-19,11.5827,89.598,16.489999771118164,61.38,0.6380000114440918,2.1618,7.75003219553418,6.083,5.75,944.6
2014-12-22,11.5728,89.77,15.25,60.11,0.6585999727249146,2.1583,7.75795237313804,6.092,5.75,957.57
2014-12-23,11.6495,90.064,14.800000190734863,61.69,0.739300012588501,2.2614,7.74589369714825,6.092,5.75,951.95
2014-12-24,11.64,89.967,14.369999885559082,60.24,0.739300012588501,2.2632,7.80371418353146,6.1,5.75,951.19
2014-12-29,11.6226,90.19,15.0600004196167,57.88,0.7077999711036682,2.2021,7.77851703204934,6.125,5.75,958.7
2014-12-30,11.5653,89.991,15.920000076293945,57.9,0.6840999722480774,2.1871,7.77250621023895,6.125,5.75,954.58
2014-12-31,11.5706,90.269,19.200000762939453,57.33,0.6644999980926514,2.1712,7.72050730929416,6.13,5.75,956.31
2015-01-02,11.6832,91.08,17.790000915527344,56.42,0.6646999716758728,2.1105,7.74057522396198,6.125,5.75,953.72
2015-01-05,11.7077,91.378,19.920000076293945,53.11,0.6567999720573425,2.032,7.67624691517048,6.125,5.75,940.69
2015-01-06,11.7135,91.499,21.1200008392334,51.1,0.625,1.9402,7.5393205629612,6.125,5.75,934.73
2015-01-07,11.6808,91.89,19.309999465942383,51.15,0.6090999841690063,1.9677,7.45986383876647,6.125,5.75,941.18
2015-01-08,11.5875,92.368,17.010000228881836,50.96,0.6050999760627747,2.0179,7.3764115976059506,6.125,5.75,958.83
2015-01-09,11.4947,91.935,17.549999237060547,50.11,0.5609999895095825,1.9449,7.38973664441828,6.125,5.75,961.37
2015-01-12,11.5261,91.983,19.600000381469727,47.43,0.5449000000953674,1.907,7.3193962592674495,6.125,5.75,955.53
2015-01-13,11.53,92.31,20.559999465942383,46.59,0.5388000011444092,1.9,7.30694008436973,6.125,5.75,959.89
2015-01-14,11.4441,92.161,21.479999542236328,48.69,0.5005999803543091,1.8553,7.20702855903048,6.125,5.75,955.73
2015-01-15,11.5637,92.352,22.389999389648438,47.67,0.412200003862381,1.7149,7.2034448793537,6.125,5.75,959.97
2015-01-16,11.55,92.52,20.950000762939453,50.17,0.48350000381469727,1.8368,7.081713652275839,6.125,5.75,957.46
2015-01-19,11.6371,92.52,20.950000762939453,48.84,0.48350000381469727,1.8368,7.14561759927771,6.117,5.75,952.51
2015-01-20,11.5897,93.046,19.889999389648438,47.99,0.49140000343322754,1.788,7.123846940997789,6.108,5.75,957.28
2015-01-21,11.5136,92.904,18.850000381469727,49.03,0.5073999762535095,1.8717,7.062322232602181,6.108,5.75,976.07
2015-01-22,11.4013,94.077,16.399999618530273,48.52,0.5174000263214111,1.8631,7.01079604859577,6.108,5.75,983.53
2015-01-23,11.4047,94.762,16.65999984741211,48.79,0.4864000082015991,1.7968,6.91038923520402,6.108,5.75,990.89
2015-01-26,11.4626,94.802,15.520000457763672,48.16,0.510699987411499,1.8241,6.95395809223915,6.1,5.75,988.71
2015-01-27,11.5846,94.022,17.219999313354492,49.6,0.5105000138282776,1.8231,6.95290347378197,6.1,5.75,989.83
2015-01-28,11.579,94.467,20.440000534057617,48.47,0.46540001034736633,1.7207,6.86085732870899,6.1,5.75,984.65
2015-01-29,11.5543,94.782,18.760000228881836,49.13,0.5157999992370605,1.7512,6.815687122350821,6.1,5.75,973.19
2015-01-30,11.6476,94.804,20.969999313354492,52.99,0.4487999975681305,1.6407,6.88443209624394,6.1,5.75,961.61
2015-02-02,11.4989,94.504,19.43000030517578,54.75,0.4586000144481659,1.6642,6.93252258605274,6.1,5.75,963.8
2015-02-03,11.3805,93.6,17.329999923706055,57.91,0.5078999996185303,1.7915,6.937805225772389,6.1,5.75,976.5
2015-02-04,11.4766,93.986,18.329999923706055,54.16,0.48420000076293945,1.7513,7.08313679225425,6.1,5.75,980.82
2015-02-05,11.2708,93.569,16.850000381469727,56.57,0.5198000073432922,1.8204,7.09521590598829,6.1,5.75,982.21
2015-02-06,11.5039,94.698,17.290000915527344,57.8,0.6434999704360962,1.9567,7.18204978935099,6.1,5.75,978.57
2015-02-09,11.5839,94.449,18.549999237060547,58.34,0.6517000198364258,1.9775,7.20644639052213,6.1,5.75,972.83
2015-02-10,11.6818,94.758,17.229999542236328,56.43,0.6499000191688538,1.9967,7.3234217819714305,6.1,5.75,966.83
2015-02-11,11.8244,94.985,16.959999084472656,54.66,0.6642000079154968,2.0176,7.3441486784536005,6.1,5.75,961.21
2015-02-12,11.7143,94.094,15.34000015258789,57.05,0.6241999864578247,1.9844,7.326550710974749,6.1,5.75,971.19
2015-02-13,11.666,94.201,14.6899995803833,61.52,0.6410999894142151,2.0504,7.29858205111569,6.1,5.75,986.65
2015-02-16,11.6481,94.201,14.6899995803833,61.4,0.6410999894142151,2.0504,7.32863122851308,6.1,5.75,984.09
2015-02-17,11.6749,94.061,15.800000190734863,62.53,0.6614999771118164,2.1379,7.35644844533169,6.1,5.75,983.12
2015-02-18,11.6003,94.198,15.449999809265137,60.53,0.597000002861023,2.08,7.43733244224401,6.1,5.75,985.01
2015-02-19,11.6765,94.404,15.289999961853027,60.21,0.6173999905586243,2.1142,7.37083367572247,6.1,5.75,985.07
2015-02-20,11.6426,94.253,14.300000190734863,60.22,0.632099986076355,2.1117,7.3998350730356695,6.1,5.75,984.42
2015-02-23,11.635,94.569,14.5600004196167,58.9,0.6017000079154968,2.0574,7.427727709799719,6.1,5.75,983.47
2015-02-24,11.4783,94.493,13.6899995803833,58.66,0.5529000163078308,1.98,7.39876292317806,6.1,5.75,987.89
2015-02-25,11.4512,94.213,13.84000015258789,61.63,0.6025999784469604,1.9688,7.34900603880072,6.1,5.75,992.8
2015-02-26,11.5355,95.292,13.90999984741211,60.05,0.6460999846458435,2.0295,7.307538257942061,6.1,5.75,993.82
2015-02-27,11.6585,95.293,13.34000015258789,62.58,0.618399977684021,1.993,7.39345242604051,6.1,5.75,990.28
2015-03-02,11.7729,95.462,13.039999961853027,59.54,0.6621000170707703,2.082,7.378658863410199,6.1,5.75,988.26
2015-03-03,11.7572,95.383,13.859999656677246,61.02,0.6782000064849854,2.1189,7.461630538087061,6.1,5.75,986.2
2015-03-04,11.8112,95.965,14.229999542236328,60.55,0.6546000242233276,2.1172,7.49150394042258,6.108,5.75,976.27
2015-03-05,11.8424,96.378,14.039999961853027,60.48,0.6388999819755554,2.1154,7.47727032398422,6.108,5.75,974.57
2015-03-06,12.0438,97.615,15.199999809265137,59.73,0.7233999967575073,2.2414,7.6735066041447295,6.117,5.75,971.23
2015-03-09,12.0897,97.588,15.0600004196167,58.53,0.6916999816894531,2.1907,7.673935071937869,6.108,5.75,959.22
2015-03-10,12.3663,98.618,16.690000534057617,56.39,0.6798999905586243,2.1297,7.707681899314631,6.108,5.75,943.73
2015-03-11,12.2791,99.795,16.8700008392334,57.54,0.6801999807357788,2.1086,7.63878533889699,6.108,5.75,943.03
2015-03-12,12.2984,99.435,15.420000076293945,57.08,0.6643999814987183,2.1156,7.62105495199365,6.108,5.75,948.52
2015-03-13,12.4792,100.33,16.0,54.67,0.6570000052452087,2.114,7.736857547559051,6.108,5.75,939.56
2015-03-16,12.3971,99.604,15.609999656677246,53.44,0.6491000056266785,2.0717,7.69144900434028,6.108,5.75,940.57
2015-03-17,12.3542,99.585,15.65999984741211,53.51,0.6715999841690063,2.0507,7.67436553712911,6.108,5.75,949.06
2015-03-18,12.0626,98.55,13.970000267028809,55.91,0.5525000095367432,1.9199,7.6419698558649305,6.108,5.75,956.73
2015-03-19,12.3112,99.26,14.069999694824219,54.43,0.6092000007629395,1.9685,7.520931368671841,6.108,5.75,964.97
2015-03-20,12.0189,97.909,13.020000457763672,55.32,0.5812000036239624,1.9303,7.52506416780345,6.108,5.75,969.53
2015-03-23,11.9031,97.033,13.40999984741211,55.92,0.569100022315979,1.912,7.43532332414792,6.108,5.75,975.38
2015-03-24,11.7998,97.193,13.619999885559082,55.11,0.5569999814033508,1.8731,7.39735573189106,6.108,5.75,978.25
2015-03-25,11.8523,96.979,15.4399995803833,56.48,0.6022999882698059,1.925,7.36338045696421,6.108,5.75,976.15
2015-03-26,11.9977,97.436,15.800000190734863,59.19,0.6101999878883362,1.9894,7.518023273678639,6.108,5.75,962.46
2015-03-27,12.0438,97.291,15.069999694824219,56.41,0.5943999886512756,1.9615,7.580473228451661,6.108,5.75,958.11
2015-03-30,12.1512,97.975,14.510000228881836,56.29,0.5787000060081482,1.9475,7.66061053333366,6.108,5.75,968.91
2015-03-31,12.1321,98.357,15.289999961853027,55.11,0.5551000237464905,1.9231,7.564616832530061,6.11,5.75,974.57
2015-04-01,11.9878,98.185,15.109999656677246,57.1,0.5354999899864197,1.8573,7.4765057211476496,6.108,5.75,982.93
2015-04-02,11.9427,97.436,14.670000076293945,54.95,0.5396000146865845,1.9117,7.46954756062181,6.108,5.75,992.86
2015-04-07,11.8871,97.83,14.779999732971191,59.1,0.5159000158309937,1.8848,7.44937263020991,6.108,5.75,1006.26
2015-04-08,11.8158,97.94,13.979999542236328,55.55,0.5317999720573425,1.9047,7.3861903440931895,6.108,5.75,1021.05
2015-04-09,11.9408,99.155,13.09000015258789,56.57,0.5478000044822693,1.9596,7.41252769890657,6.108,5.75,1028.63
2015-04-10,11.9962,99.338,12.579999923706055,57.87,0.5559999942779541,1.9473,7.48209272950923,6.108,5.75,1034.59
2015-04-13,12.1416,99.49,13.9399995803833,57.93,0.527999997138977,1.9272,7.55666733067058,6.108,5.75,1041.46
2015-04-14,12.0123,98.733,13.670000076293945,58.43,0.5120000243186951,1.8985,7.486904207919,6.108,5.75,1036.77
2015-04-15,12.0636,98.319,12.84000015258789,60.32,0.4959999918937683,1.888,7.54334174057946,6.108,5.75,1036.87
2015-04-16,11.9651,97.415,12.600000381469727,63.98,0.4839000105857849,1.8897,7.526417249239651,6.108,5.75,1052.25
2015-04-17,12.0675,97.52,13.890000343322754,63.45,0.5080999732017517,1.8653,7.62120776321705,6.108,5.75,1042.68
2015-04-20,12.1431,97.941,13.300000190734863,63.45,0.5202000141143799,1.8896,7.702334522038281,6.108,5.75,1033.77
2015-04-21,12.1216,98.004,13.25,62.08,0.5162000060081482,1.9087,7.70661338027718,6.117,5.75,1042.21
2015-04-22,12.2205,97.932,12.710000038146973,62.73,0.5446000099182129,1.9788,7.770731777470701,6.117,5.75,1047.61
2015-04-23,12.148,97.278,12.479999542236328,64.85,0.5284000039100647,1.9577,7.8185600197356,6.117,5.75,1053.91
2015-04-24,12.1222,96.922,12.289999961853027,65.28,0.5041000247001648,1.9086,7.78890505259925,6.117,5.75,1060.5
2015-04-28,11.8648,96.092,12.40999984741211,64.64,0.5609999895095825,2.0034,7.67362402261391,6.117,5.75,1067.01
2015-04-29,11.7866,95.209,13.390000343322754,65.84,0.5569999814033508,2.0388,7.67851862096456,6.117,5.75,1059.51
2015-04-30,11.9107,94.6,14.550000190734863,66.78,0.5669999718666077,2.0317,7.70340200475663,6.12,5.75,1047.78
2015-05-04,12.0593,95.48,12.850000381469727,66.45,0.5990999937057495,2.144,7.7963061387438595,6.117,5.75,1048.2
2015-05-05,11.9801,95.076,14.3100004196167,67.52,0.6230000257492065,2.1853,7.8353996140849205,6.117,5.75,1047.93
2015-05-06,12.0161,94.087,15.149999618530273,67.77,0.6351000070571899,2.2431,7.87994142621238,6.117,5.75,1040.44
2015-05-07,12.0379,94.635,15.130000114440918,65.54,0.6312999725341797,2.18,7.87059246178663,6.117,5.75,1024.91
2015-05-08,11.9183,94.794,12.859999656677246,65.39,0.5719000101089478,2.1478,7.75115445685189,6.117,5.75,1034.94
2015-05-11,12.0816,95.011,13.850000381469727,64.91,0.6159999966621399,2.2797,7.79761035330371,6.125,5.75,1036.02
2015-05-12,12.0661,94.534,13.859999656677246,66.86,0.5960999727249146,2.2489,7.8929623175327706,6.125,5.75,1029.03
2015-05-13,11.8846,93.617,13.760000228881836,66.81,0.576200008392334,2.2926,7.838295934920191,6.125,5.75,1033.88
2015-05-14,11.7867,93.457,12.739999771118164,66.59,0.5440999865531921,2.2301,7.76130635213062,6.125,5.75,1035.8
2015-05-15,11.7974,93.135,12.380000114440918,66.81,0.536300003528595,2.1424,7.700455519847579,6.125,5.75,1043.4
2015-05-18,11.8793,94.221,12.729999542236328,66.27,0.57669997215271,2.2337,7.79829831753511,6.125,5.75,1040.95
2015-05-19,11.9086,95.267,12.850000381469727,64.02,0.6133000254631042,2.2886,7.785437274624731,6.125,5.75,1040.89
2015-05-20,11.8352,95.448,12.880000114440918,65.03,0.5849999785423279,2.2479,7.71801219479788,6.125,5.75,1036.1
2015-05-21,11.8246,95.255,12.109999656677246,66.54,0.5730000138282776,2.1898,7.7157144911636095,6.125,5.75,1032.7
2015-05-22,11.8919,96.014,12.130000114440918,65.37,0.6141999959945679,2.2092,7.79310354158423,6.125,5.75,1037.62
2015-05-25,11.9375,96.014,12.130000114440918,65.52,0.6141999959945679,2.2092,7.853340975091321,6.125,5.75,1035.33
2015-05-26,12.0838,97.299,14.0600004196167,63.72,0.6122999787330627,2.139,7.91041568462706,6.125,5.75,1026.45
2015-05-27,12.0263,97.371,13.270000457763672,62.06,0.6485000252723694,2.1285,7.88913856623642,6.125,5.75,1019.09
2015-05-28,12.1367,96.965,13.3100004196167,62.58,0.6288999915122986,2.1355,7.9184421815612,6.133,5.75,1009.52
2015-05-29,12.1525,96.907,13.84000015258789,65.56,0.6053000092506409,2.1214,7.896882401303,6.133,5.75,1004.22
2015-06-01,12.2635,97.392,13.970000267028809,64.88,0.6446999907493591,2.1794,7.99455826797474,6.133,5.75,1002.93
2015-06-02,12.1968,95.835,14.239999771118164,65.49,0.6527000069618225,2.2624,8.03386113311357,6.133,5.75,999.87
2015-06-03,12.3104,95.465,13.65999984741211,63.8,0.6725000143051147,2.3642,8.133598180913589,6.133,5.75,995.83
2015-06-04,12.3815,95.461,14.710000038146973,62.03,0.6607000231742859,2.307,8.05220723807471,6.133,5.75,988.05
2015-06-05,12.5792,96.306,14.210000038146973,63.31,0.7087000012397766,2.4076,8.13854414303752,6.133,5.75,982.14
2015-06-08,12.4753,95.299,15.289999961853027,62.69,0.6808000206947327,2.3824,8.13113340776718,6.133,5.75,977.09
2015-06-09,12.4295,95.166,14.470000267028809,64.88,0.7168999910354614,2.4384,8.07877687517732,6.133,5.75,971.09
2015-06-10,12.3116,94.646,13.220000267028809,65.7,0.7250000238418579,2.4838,8.10531124359383,6.133,5.75,977.85
2015-06-11,12.3577,94.976,12.850000381469727,65.11,0.713100016117096,2.3772,8.07363393886477,6.133,5.75,976.78
2015-06-12,12.3793,94.972,13.779999732971191,63.87,0.725600004196167,2.3918,8.098179996946191,6.133,5.75,979.46
2015-06-15,12.4028,94.81,15.390000343322754,62.61,0.7014999985694885,2.3559,8.159043095764721,6.133,5.75,970.51
2015-06-17,12.2646,94.296,14.5,63.87,0.6492000222206116,2.3165,8.20668892761965,6.133,5.75,969.4
2015-06-18,12.2469,94.042,13.1899995803833,64.26,0.6330999732017517,2.3345,8.11385733643187,6.133,5.75,977.61
2015-06-19,12.1636,94.085,13.960000038146973,63.02,0.6169000267982483,2.2577,8.11869707337933,6.133,5.75,974.56
2015-06-22,12.0992,94.329,12.739999771118164,63.34,0.6575000286102295,2.3725,8.0466389083893,6.133,5.75,987.3
2015-06-23,12.1691,95.432,12.109999656677246,64.45,0.6779000163078308,2.4087,8.026274078399801,6.142,5.75,990.67
2015-06-24,12.1534,95.264,13.260000228881836,63.49,0.6801999807357788,2.3672,7.993562780390059,6.142,5.75,993.31
2015-06-25,12.1102,95.187,14.010000228881836,63.2,0.6880000233650208,2.4088,7.94996038465582,6.142,5.75,988.18
2015-06-26,12.2014,95.472,14.020000457763672,63.26,0.7117000222206116,2.4726,8.04834454393716,6.142,5.75,980.63
2015-06-29,12.2431,94.79,18.850000381469727,62.01,0.6328999996185303,2.3242,8.10466120714218,6.142,5.75,959.42
2015-06-30,12.1688,95.485,18.229999542236328,63.59,0.6427000164985657,2.3531,8.03829304198701,6.14,5.75,972.25
2015-07-01,12.2513,96.31,16.09000015258789,62.01,0.6881999969482422,2.4219,8.01675875604141,6.15,5.75,971.91
2015-07-02,12.2492,96.113,16.790000915527344,62.07,0.6269999742507935,2.3823,7.99828539550729,6.15,5.75,971.47
2015-07-03,12.3166,96.113,16.790000915527344,60.32,0.6269999742507935,2.3823,7.99807838348639,6.158,5.75,964.31
2015-07-06,12.3909,96.298,17.010000228881836,56.54,0.5892000198364258,2.285,8.01777001267792,6.158,5.75,943.44
2015-07-07,12.453,96.865,16.09000015258789,56.85,0.5852000117301941,2.2582,8.03436842931976,6.158,5.75,930.25
2015-07-08,12.5749,96.294,19.65999984741211,57.05,0.5414000153541565,2.1922,8.00210836277438,6.158,5.75,904.57
2015-07-09,12.5108,96.606,19.969999313354492,58.61,0.585099995136261,2.3211,7.936057538218499,6.158,5.75,919.78
2015-07-10,12.4503,96.025,16.829999923706055,58.73,0.6370000243186951,2.3972,7.97204956694435,6.158,5.75,932.85
2015-07-13,12.4499,96.858,13.899999618530273,57.85,0.6772000193595886,2.4538,7.97328057721764,6.158,5.75,943.01
2015-07-14,12.3234,96.643,13.369999885559082,58.51,0.6370000243186951,2.401,7.907526818030459,6.158,5.75,940.83
2015-07-15,12.4185,97.166,13.229999542236328,57.05,0.625,2.3521,7.91228628998257,6.158,5.75,937.98
2015-07-16,12.3899,97.668,12.109999656677246,57.51,0.6552000045776367,2.3503,7.808324095032471,6.158,5.75,941.69
2015-07-17,12.36,97.862,11.949999809265137,57.1,0.6654999852180481,2.3469,7.8133104869831,6.158,5.75,941.68
2015-07-20,12.4361,98.029,12.25,56.65,0.7060999870300293,2.3723,7.9153266061877,6.158,5.75,935.45
2015-07-21,12.3273,97.328,12.220000267028809,57.04,0.6777999997138977,2.3253,7.90919279946726,6.158,5.75,939.81
2015-07-22,12.4093,97.598,12.119999885559082,56.13,0.7063000202178955,2.3235,7.872250469163281,6.158,5.75,931.14
2015-07-23,12.4512,97.115,12.640000343322754,55.27,0.6941999793052673,2.2677,7.84752012488892,6.158,6.0,923.56
2015-07-24,12.6686,97.244,13.739999771118164,54.62,0.6780999898910522,2.2624,7.91945990882453,6.3,6.0,910.4
2015-07-27,12.6196,96.502,15.600000381469727,53.47,0.6495000123977661,2.2175,7.9580418599693195,6.3,6.0,892.6
2015-07-28,12.5681,96.772,13.4399995803833,53.3,0.6679999828338623,2.2499,7.9464201994254,6.3,6.0,891.24
2015-07-29,12.5398,96.976,12.5,53.38,0.7038000226020813,2.2859,7.947550011145379,6.3,6.0,900.12
2015-07-30,12.6996,97.56,12.130000114440918,53.31,0.7275000214576721,2.2589,7.99590075065673,6.3,6.0,894.07
2015-07-31,12.6808,97.336,12.119999885559082,52.21,0.6606000065803528,2.1801,8.017200132647611,6.3,6.0,901.68
2015-08-03,12.686,97.494,12.5600004196167,49.52,0.6646000146865845,2.148,8.009625181200231,6.3,6.0,890.85
2015-08-04,12.7352,97.931,13.0,49.99,0.732200026512146,2.2213,7.969477658239669,6.3,6.0,893.11
2015-08-05,12.7859,97.958,12.510000228881836,49.59,0.7263000011444092,2.2699,8.02361769111562,6.3,6.0,891.95
2015-08-06,12.7163,97.833,13.770000457763672,49.52,0.7006000280380249,2.2214,7.973771233125659,6.3,6.0,884.93
2015-08-07,12.6263,97.563,13.390000343322754,48.61,0.7168999910354614,2.1623,7.93098715680579,6.3,6.0,885.07
2015-08-11,12.7864,97.29,13.710000038146973,49.18,0.6729999780654907,2.1409,7.9236753921603205,6.3,6.0,878.27
2015-08-12,12.7561,96.262,13.609999656677246,49.66,0.6650999784469604,2.148,7.86355162990321,6.3,6.0,861.71
2015-08-13,12.8107,96.445,13.489999771118164,49.22,0.7073000073432922,2.1854,7.90525838887535,6.3,6.0,864.8
2015-08-14,12.8248,96.52,12.829999923706055,49.03,0.7218000292778015,2.1977,7.91455297478685,6.3,6.0,863.83
2015-08-17,12.9092,96.806,13.020000457763672,48.74,0.7057999968528748,2.1678,7.96013419845158,6.3,6.0,854.71
2015-08-18,12.9052,97.04,13.789999961853027,48.81,0.7179999947547913,2.1925,8.02477553947108,6.3,6.0,848.12
2015-08-19,12.8878,96.359,15.25,47.16,0.6574000120162964,2.1256,8.04230054661931,6.3,6.0,840.51
2015-08-20,12.9352,95.98,19.139999389648438,46.62,0.6532999873161316,2.0679,8.019710724409709,6.3,6.0,830.28
2015-08-21,12.9695,95.008,28.030000686645508,45.46,0.6128000020980835,2.0365,8.05360779903658,6.3,6.0,812.38
2015-08-24,13.2328,93.332,40.7400016784668,42.69,0.5680000185966492,2.0034,8.268553013998229,6.3,6.0,771.77
2015-08-25,13.1951,94.53,36.02000045776367,43.21,0.6004999876022339,2.0714,8.18951781651596,6.3,6.0,788.54
2015-08-26,13.1298,95.1,30.31999969482422,43.14,0.671999990940094,2.1752,8.15769012477996,6.3,6.0,787.3
2015-08-27,13.1397,95.61,26.100000381469727,47.56,0.6877999901771545,2.1841,8.082898764385229,6.3,6.0,813.08
2015-08-28,13.3016,96.106,26.049999237060547,50.05,0.7156000137329102,2.1807,8.083802106450639,6.3,6.0,820.25
2015-08-31,13.2799,95.824,28.43000030517578,54.15,0.737500011920929,2.2179,8.10355130164184,6.3,6.0,818.73
2015-09-01,13.4464,95.45,31.399999618530273,49.56,0.7039999961853027,2.1524,8.17978605061338,6.3,6.0,801.11
2015-09-02,13.4438,95.828,26.09000015258789,50.5,0.7081000208854675,2.1843,8.17810060490874,6.3,6.0,796.68
2015-09-03,13.5655,96.405,25.610000610351562,50.68,0.692300021648407,2.1596,8.19782919604983,6.3,6.0,801.48
2015-09-04,13.8542,96.229,27.799999237060547,49.61,0.7067000269889832,2.1244,8.27833919156827,6.3,6.0,788.59
2015-09-07,13.9727,96.229,27.799999237060547,47.63,0.7067000269889832,2.1244,8.33523018312442,6.3,6.0,778.18
2015-09-08,13.7223,95.985,24.899999618530273,49.52,0.732699990272522,2.1828,8.24127625307624,6.3,6.0,790.57
2015-09-09,13.7889,96.012,26.229999542236328,47.58,0.7408999800682068,2.2006,8.198379658193911,6.3,6.0,809.51
2015-09-10,13.6298,95.456,24.3700008392334,48.89,0.7329999804496765,2.222,8.22826445855776,6.3,6.0,804.16
2015-09-11,13.5534,95.194,23.200000762939453,48.14,0.705299973487854,2.1883,8.20555453307443,6.3,6.0,802.49
2015-09-14,13.4887,95.246,24.25,46.37,0.725600004196167,2.1831,8.2551440461987,6.308,6.0,807.66
2015-09-15,13.4676,95.611,22.540000915527344,46.63,0.8023999929428101,2.2867,8.21732681596327,6.308,6.0,806.78
2015-09-16,13.2663,95.42,21.350000381469727,49.75,0.8108000159263611,2.294,8.20129183248908,6.308,6.0,822.71
2015-09-17,13.3525,94.55,21.139999389648438,49.08,0.6794999837875366,2.1903,8.23458539509555,6.308,6.0,827.5
2015-09-18,13.3284,94.863,22.280000686645508,47.47,0.6776999831199646,2.1336,8.08513240665393,6.308,6.0,829.86
2015-09-21,13.4727,95.894,20.139999389648438,48.92,0.7062000036239624,2.2012,8.09820329830916,6.308,6.0,815.63
2015-09-22,13.6795,96.283,22.440000534057617,49.08,0.673799991607666,2.1337,8.13774719988928,6.308,6.0,808.23
2015-09-23,13.862,96.068,22.1299991607666,47.75,0.6992999911308289,2.1497,8.18450913557075,6.308,6.0,791.79
2015-09-25,13.9152,96.269,23.6200008392334,48.6,0.6917999982833862,2.1623,8.233195337234871,6.308,6.0,789.15
2015-09-28,14.061,96.034,27.6299991607666,47.34,0.6682999730110168,2.0949,8.29132760345956,6.308,6.0,781.57
2015-09-29,13.9797,95.855,26.829999923706055,48.23,0.6485999822616577,2.0508,8.33801154204504,6.308,6.0,776.35
2015-09-30,13.8549,96.35,24.5,48.37,0.6288999915122986,2.0368,8.19815817570665,6.31,6.0,792.05
2015-10-01,13.9221,96.185,22.549999237060547,47.69,0.6446999907493591,2.0368,8.16581428160117,6.308,6.0,797.61
2015-10-02,13.7316,95.83,20.940000534057617,48.13,0.5794000029563904,1.9929,8.09868667118441,6.308,6.0,804.1
2015-10-05,13.6189,96.106,19.540000915527344,49.25,0.6051999926567078,2.0562,8.00408878697291,6.308,6.0,821.26
2015-10-06,13.5194,95.455,19.399999618530273,51.92,0.6011999845504761,2.0315,7.99462656647488,6.308,6.0,828.68
2015-10-07,13.4633,95.497,18.399999618530273,51.33,0.625,2.0668,7.91804557784404,6.308,6.0,850.78
2015-10-08,13.3092,95.318,17.420000076293945,53.05,0.6330000162124634,2.104,7.971087547126859,6.308,6.0,848.37
2015-10-09,13.3512,94.813,17.079999923706055,52.65,0.6370000243186951,2.0881,7.9330076078569896,6.308,6.0,859.32
2015-10-12,13.3235,94.841,16.170000076293945,49.86,0.6370000243186951,2.0881,7.963557188779551,6.308,6.0,865.23
2015-10-13,13.5577,94.759,17.670000076293945,49.24,0.6169999837875366,2.0439,8.038962980509,6.308,6.0,854.29
2015-10-14,13.2346,93.931,18.030000686645508,49.15,0.5486999750137329,1.9718,7.9798135196583395,6.308,6.0,849.4
2015-10-15,13.0471,94.371,16.049999237060547,48.71,0.5968000292778015,2.0175,7.8838455366378195,6.308,6.0,864.73
2015-10-16,13.0851,94.54,15.050000190734863,50.46,0.6087999939918518,2.0334,7.892441438675229,6.308,6.0,865.28
2015-10-19,13.2911,94.928,14.979999542236328,48.61,0.5866000056266785,2.0228,7.94644822567085,6.308,6.0,867.25
2015-10-20,13.298,94.913,15.75,48.71,0.6290000081062317,2.067,8.00859133201499,6.308,6.0,864.47
2015-10-21,13.5261,95.035,16.700000762939453,47.85,0.6208999752998352,2.0228,8.15342951253503,6.308,6.0,859.1
2015-10-22,13.399,96.378,14.449999809265137,48.08,0.600600004196167,2.0263,8.09934004951416,6.308,6.0,858.17
2015-10-23,13.6412,97.127,14.460000038146973,47.99,0.6413000226020813,2.0866,8.1180659868319,6.308,6.0,868.56
2015-10-26,13.6392,96.861,15.289999961853027,47.54,0.6371999979019165,2.0564,8.080578396057641,6.308,6.0,867.65
2015-10-27,13.6749,96.906,15.430000305175781,46.81,0.6208999752998352,2.037,8.11254164129989,6.308,6.0,862.71
2015-10-28,13.7116,97.782,14.329999923706055,49.05,0.7028999924659729,2.1009,8.04135226715041,6.308,6.0,860.3
2015-10-29,13.8959,97.282,14.609999656677246,48.8,0.7235999703407288,2.1725,8.125339974638269,6.317,6.0,846.14
2015-10-30,13.8224,96.946,15.069999694824219,49.56,0.7239999771118164,2.1421,8.08085848082132,6.317,6.0,847.84
2015-11-02,13.7862,96.928,14.149999618530273,48.79,0.7530999779701233,2.1709,8.083134565773351,6.317,6.0,850.23
2015-11-03,13.7401,97.158,14.539999961853027,50.54,0.7656999826431274,2.2105,8.14964267751176,6.317,6.0,860.77
2015-11-04,13.9591,97.95,15.510000228881836,48.58,0.8116000294685364,2.225,8.15960764807125,6.317,6.0,868.16
2015-11-05,13.8917,97.936,15.050000190734863,47.98,0.8256000280380249,2.2323,8.17938375616154,6.317,6.0,864.14
2015-11-06,14.1639,99.168,14.329999923706055,47.42,0.8859000205993652,2.3252,8.22984108706413,6.317,6.0,852.47
2015-11-09,14.3002,98.979,16.520000457763672,47.19,0.882099986076355,2.3436,8.32243935637189,6.325,6.0,843.57
2015-11-10,14.2668,99.293,15.289999961853027,47.44,0.8744000196456909,2.3419,8.34574871690063,6.333,6.0,833.39
2015-11-11,14.154,99.013,16.059999465942383,45.81,0.8744000196456909,2.3301,8.276728730342759,6.342,6.0,833.38
2015-11-12,14.3104,98.649,18.3700008392334,44.06,0.8705999851226807,2.3116,8.33567664492421,6.342,6.0,833.74
2015-11-13,14.3862,98.998,20.079999923706055,43.61,0.8346999883651733,2.2658,8.34919840505523,6.342,6.0,821.12
2015-11-16,14.3149,99.442,18.15999984741211,44.56,0.8510000109672546,2.2676,8.33160351867471,6.342,6.0,813.38
2015-11-17,14.2724,99.631,18.84000015258789,43.57,0.8511000275611877,2.2658,8.27904150483055,6.342,6.0,824.09
2015-11-18,14.1674,99.652,16.850000381469727,44.14,0.8755999803543091,2.2728,8.253522112893991,6.342,6.0,822.84
2015-11-19,14.029,98.989,16.989999771118164,44.18,0.8920999765396118,2.2482,8.17428916036493,6.342,6.25,837.14
2015-11-20,13.9611,99.565,15.470000267028809,44.66,0.9172000288963318,2.2623,8.15791404509225,6.492,6.25,843.48
2015-11-23,14.0872,99.803,15.619999885559082,44.83,0.9174000024795532,2.2377,8.19837120569719,6.492,6.25,841.11
2015-11-24,14.0286,99.527,15.930000305175781,46.12,0.9302999973297119,2.2377,8.19687474989671,6.492,6.25,839.3
2015-11-25,14.1317,99.795,15.1899995803833,46.17,0.9343000054359436,2.2341,8.204690642048131,6.492,6.25,836.15
2015-11-26,14.2882,99.795,15.1899995803833,45.46,0.9343000054359436,2.2341,8.24197585567607,6.492,6.25,838.09
2015-11-27,14.4066,100.02,15.119999885559082,44.86,0.9185000061988831,2.2201,8.28833009407175,6.5,6.25,826.36
2015-11-30,14.448,100.17,16.1299991607666,44.61,0.930400013923645,2.206,8.33082281250596,6.52,6.25,814.3
2015-12-01,14.4382,99.795,14.670000076293945,44.44,0.9067000150680542,2.1431,8.373089595164931,6.517,6.25,825.48
2015-12-02,14.3521,99.993,15.90999984741211,42.49,0.934499979019165,2.1797,8.33366789087446,6.517,6.25,821.78
2015-12-03,14.3616,97.621,18.110000610351562,43.84,0.9505000114440918,2.3136,8.344594135778891,6.517,6.25,819.25
2015-12-04,14.3747,98.354,14.8100004196167,43.0,0.9387999773025513,2.2693,8.40325380967314,6.517,6.25,812.27
2015-12-07,14.539,98.655,15.84000015258789,40.73,0.9269000291824341,2.2288,8.486814378834548,6.517,6.25,807.79
2015-12-08,14.5929,98.474,17.600000381469727,40.26,0.9290000200271606,2.2182,8.54718493731712,6.517,6.25,795.46
2015-12-09,14.973,97.345,19.610000610351562,40.11,0.9229999780654907,2.2164,8.5555962599538,6.517,6.25,795.23
2015-12-10,15.4676,97.939,19.34000015258789,39.73,0.9431999921798706,2.2305,9.565394724432071,6.558,6.25,789.02
2015-12-11,15.8952,97.565,24.389999389648438,37.93,0.875,2.127,10.0433148088245,6.567,6.25,773.56
2015-12-14,15.1077,97.604,22.729999542236328,37.92,0.9434999823570251,2.2217,9.50668192576497,6.583,6.25,771.22
2015-12-15,14.9292,98.217,20.950000762939453,38.45,0.9639000296592712,2.2658,9.20553475534447,6.6,6.25,779.41
2015-12-17,15.2304,99.27,18.940000534057617,37.06,0.9843999743461609,2.2234,8.96534743621927,6.6,6.25,798.59
2015-12-18,15.0928,98.703,20.700000762939453,36.88,0.9521999955177307,2.204,9.05848824389029,6.6,6.25,789.71
2015-12-21,15.0977,98.363,18.700000762939453,36.35,0.9441999793052673,2.1917,9.06061648291468,6.6,6.25,791.43
2015-12-22,15.1593,98.235,16.600000381469727,36.11,0.9728999733924866,2.2357,9.14238820621757,6.617,6.25,794.61
2015-12-23,15.2158,98.341,15.569999694824219,37.36,0.9811999797821045,2.2534,9.16274880450668,6.625,6.25,803.13
2015-12-24,15.2292,97.984,15.739999771118164,37.89,0.9983000159263611,2.241,9.19262873219993,6.625,6.25,804.06
2015-12-28,15.31,97.919,16.90999984741211,36.62,1.006700038909912,2.2304,9.29125043564712,6.625,6.25,800.32
2015-12-29,15.2959,98.101,16.079999923706055,37.79,1.0910999774932861,2.305,9.25836304667156,6.625,6.25,799.69
2015-12-30,15.5592,98.266,17.290000915527344,36.46,1.0713000297546387,2.2943,9.33438398753135,6.625,6.25,791.47
2015-12-31,15.4685,98.631,18.209999084472656,37.28,1.047700047492981,2.2694,9.458815212763371,6.63,6.25,794.14
2016-01-04,15.5763,98.869,20.700000762939453,37.22,1.0357999801635742,2.2428,9.4177263712185,6.625,6.25,767.77
2016-01-05,15.636,99.404,19.34000015258789,36.42,1.0139000415802002,2.2357,9.34125071291389,6.633,6.25,768.46
2016-01-06,15.8597,99.181,20.59000015258789,34.23,0.9760000109672546,2.1702,9.247916458681269,6.633,6.25,759.81
2016-01-07,16.0618,98.219,24.989999771118164,33.75,0.9480000138282776,2.1455,9.310246805418391,6.633,6.25,738.86
2016-01-08,16.3039,98.54,27.010000228881836,33.55,0.9318000078201294,2.1156,9.22322539700312,6.633,6.25,740.07
2016-01-11,16.7825,98.725,24.299999237060547,31.55,0.9316999912261963,2.1754,9.34948249713881,6.65,6.25,723.36
2016-01-12,16.6724,98.974,22.469999313354492,30.86,0.9235000014305115,2.1032,9.38033110395609,6.658,6.25,723.21
2016-01-13,16.569,98.933,25.219999313354492,30.31,0.9072999954223633,2.0927,9.25434658658669,6.658,6.25,729.56
2016-01-14,16.448,99.089,23.950000762939453,31.03,0.8910999894142151,2.0874,9.34887079420351,6.658,6.25,723.15
2016-01-15,16.7853,98.956,27.020000457763672,28.94,0.8500000238418579,2.0347,9.40595730266081,6.658,6.25,709.19
2016-01-18,16.8717,98.956,27.020000457763672,28.55,0.8500000238418579,2.0347,9.54170874853591,6.658,6.25,703.41
2016-01-19,16.7851,98.991,26.049999237060547,28.76,0.8700000047683716,2.0556,9.44051843491018,6.658,6.25,714.37
2016-01-20,16.7617,99.091,27.59000015258789,27.88,0.8212000131607056,1.9824,9.39345490686783,6.658,6.25,692.76
2016-01-21,16.5635,99.056,26.690000534057617,29.25,0.8331000208854675,2.0311,9.33893262817643,6.658,6.25,688.52
2016-01-22,16.4684,99.574,22.34000015258789,32.18,0.8690999746322632,2.0519,9.27767138977436,6.658,6.25,710.66
2016-01-25,16.5414,99.36,24.149999618530273,30.5,0.8567000031471252,2.0012,9.30387342836818,6.658,6.25,716.08
2016-01-26,16.389,99.087,22.5,31.8,0.8400999903678894,1.9942,9.35192975074509,6.658,6.25,708.33
2016-01-27,16.4378,98.902,23.110000610351562,33.1,0.8330000042915344,1.9993,9.311504087271361,6.658,6.25,715.98
2016-01-28,16.1978,98.51,22.420000076293945,33.89,0.8172000050544739,1.9784,9.179560925852801,6.658,6.75,722.23
2016-01-29,15.8907,99.606,20.200000762939453,34.74,0.7736999988555908,1.9209,8.935315445384601,6.983,6.75,742.37
2016-02-01,15.8993,99.009,19.979999542236328,34.24,0.7975000143051147,1.9486,9.06142107641249,6.983,6.75,742.74
2016-02-02,16.2179,98.872,21.979999542236328,32.72,0.7182999849319458,1.8448,9.10252526505638,6.983,6.75,728.71
2016-02-03,15.9248,97.288,21.649999618530273,35.04,0.7222999930381775,1.8861,9.00511202100165,6.983,6.75,721.65
2016-02-04,15.8601,96.474,21.84000015258789,34.46,0.6984000205993652,1.8395,8.8548470910848,6.983,6.75,739.55
2016-02-05,16.0268,97.031,23.3799991607666,34.06,0.722100019454956,1.8357,8.8926913810566,6.983,6.75,739.61
2016-02-08,16.1316,96.57,26.0,32.88,0.6661999821662903,1.7483,9.05010724154419,6.983,6.75,734.13
2016-02-09,16.0713,96.071,26.540000915527344,30.32,0.6901000142097473,1.726,9.0440711440963,6.983,6.75,729.88
2016-02-10,15.8841,95.888,26.290000915527344,30.84,0.6859999895095825,1.6681,8.915591996572921,6.983,6.75,730.58
2016-02-11,15.8167,95.562,28.139999389648438,30.06,0.6499000191688538,1.6591,8.8790301390517,6.983,6.75,713.04
2016-02-12,15.8822,95.94,25.399999618530273,33.36,0.713699996471405,1.7481,8.93957642194173,6.983,6.75,711.24
2016-02-15,15.7256,95.94,25.399999618530273,33.39,0.713699996471405,1.7481,8.857200803163789,6.983,6.75,726.86
2016-02-16,15.7947,96.868,24.110000610351562,32.18,0.7196999788284302,1.7723,8.857306847136961,6.983,6.75,731.4
2016-02-17,15.4748,96.786,22.309999465942383,34.5,0.7419000267982483,1.819,8.84900755051861,6.983,6.75,735.78
2016-02-18,15.4119,96.951,21.639999389648438,34.28,0.6933000087738037,1.7396,8.79330408598465,6.983,6.75,746.24
2016-02-19,15.3981,96.6,20.530000686645508,33.01,0.7418000102043152,1.7449,8.87773994649617,6.983,6.75,740.98
2016-02-22,15.1947,97.379,19.3799991607666,34.69,0.75,1.7518,8.899203891255759,6.992,6.75,749.42
2016-02-23,15.2335,97.481,20.979999542236328,33.27,0.7336999773979187,1.7225,8.86345159577864,6.992,6.75,744.76
2016-02-24,15.5955,97.458,20.719999313354492,34.41,0.7538999915122986,1.7484,9.020916492641911,6.992,6.75,736.53
2016-02-25,15.6031,97.287,19.110000610351562,35.29,0.7264000177383423,1.7157,8.9475203941209,6.992,6.75,735.35
2016-02-26,16.1679,98.148,19.809999465942383,35.1,0.79339998960495,1.7623,9.024575392286021,6.992,6.75,740.02
2016-02-29,15.8715,98.211,20.549999237060547,35.97,0.7736999988555908,1.7347,9.11342720336918,7.0,6.75,740.33
2016-03-01,15.5854,98.352,17.700000762939453,36.81,0.8391000032424927,1.8249,9.06665310752402,7.0,6.75,752.92
2016-03-02,15.549,98.214,17.09000015258789,36.93,0.8411999940872192,1.8406,9.05474158744047,7.0,6.75,769.1
2016-03-03,15.6531,97.592,16.700000762939453,37.07,0.8452000021934509,1.8337,9.083190376384021,7.0,6.75,780.19
2016-03-04,15.3447,97.34,16.860000610351562,38.72,0.8615999817848206,1.8741,9.01782040457165,7.008,6.75,790.97
2016-03-07,15.2525,97.071,17.350000381469727,40.84,0.9057000279426575,1.9057,9.00157963557245,7.017,6.75,795.18
2016-03-08,15.4384,97.209,18.670000076293945,39.65,0.8658999800682068,1.8287,9.00946235744578,7.017,6.75,788.09
2016-03-09,15.2135,97.173,18.34000015258789,41.07,0.8901000022888184,1.876,8.98900568299706,7.017,6.75,787.69
2016-03-10,15.4207,96.066,18.049999237060547,40.05,0.9265000224113464,1.9323,8.88455756263745,7.017,6.75,790.74
2016-03-11,15.2245,96.172,16.5,40.39,0.9553999900817871,1.9839,8.82806323453429,7.033,6.75,800.91
2016-03-14,15.5203,96.624,16.920000076293945,39.53,0.9556999802589417,1.9592,8.857759887133861,7.033,6.75,803.45
2016-03-15,15.926,96.633,16.84000015258789,38.74,0.9641000032424927,1.9699,9.10883830556881,7.033,6.75,790.68
2016-03-16,15.66,95.89,14.989999771118164,40.33,0.8550000190734863,1.9081,9.15722115794024,7.042,6.75,791.18
2016-03-17,15.1701,94.76,14.4399995803833,41.54,0.8633000254631042,1.8958,8.88716762263709,7.042,7.0,816.9
2016-03-18,15.2645,95.086,14.020000457763672,41.2,0.8353000283241272,1.8732,8.99082005771619,7.233,7.0,826.75
2016-03-22,15.2182,95.648,14.170000076293945,41.79,0.8865000009536743,1.9403,9.02543850355656,7.233,7.0,830.51
2016-03-23,15.3413,96.046,14.9399995803833,40.47,0.8519999980926514,1.8786,9.03559111029299,7.233,7.0,821.71
2016-03-24,15.459,96.142,14.739999771118164,40.44,0.8689000010490417,1.9,9.08142525574408,7.233,7.0,813.61
2016-03-29,15.1692,95.16,13.819999694824219,39.14,0.7843000292778015,1.8035,9.06728379968429,7.233,7.0,814.83
2016-03-30,14.9397,94.841,13.5600004196167,39.26,0.7566999793052673,1.8228,8.89702062323085,7.233,7.0,833.98
2016-03-31,14.7673,94.586,13.949999809265137,39.6,0.7210999727249146,1.7687,8.82845819593074,7.23,7.0,836.8
2016-04-01,14.701,94.619,13.100000381469727,38.67,0.7224000096321106,1.7705,8.87760724187941,7.233,7.0,826.19
2016-04-04,14.7838,94.51,14.119999885559082,37.69,0.7361000180244446,1.7618,8.87536372259046,7.233,7.0,826.78
2016-04-05,15.0993,94.631,15.420000076293945,37.87,0.7200000286102295,1.7201,8.97793178591135,7.233,7.0,812.97
2016-04-06,15.081,94.43,14.09000015258789,39.84,0.7317000031471252,1.7549,8.99535104415497,7.233,7.0,809.03
2016-04-07,15.2621,94.482,16.15999984741211,39.43,0.6877999901771545,1.6889,8.97601445430065,7.242,7.0,809.29
2016-04-08,14.9799,94.235,15.359999656677246,41.94,0.6949999928474426,1.7167,8.90657326490562,7.25,7.0,816.82
2016-04-11,14.7256,93.95,16.260000228881836,42.83,0.6987000107765198,1.7254,8.85195525799972,7.258,7.0,824.01
2016-04-12,14.7027,93.959,14.850000381469727,44.69,0.7384999990463257,1.7761,8.8428406024584,7.267,7.0,830.88
2016-04-13,14.535,94.744,13.84000015258789,44.18,0.746399998664856,1.7639,8.72246794352963,7.267,7.0,844.15
2016-04-14,14.5521,94.902,13.720000267028809,43.84,0.7663000226020813,1.7919,8.69457373453818,7.267,7.0,845.45
2016-04-15,14.5545,94.696,13.619999885559082,43.1,0.7335000038146973,1.7518,8.7513861570355,7.267,7.0,846.7
2016-04-18,14.4925,94.49,13.350000381469727,42.91,0.7414000034332275,1.7711,8.72159330096188,7.267,7.0,843.68
2016-04-19,14.2835,93.976,13.239999771118164,44.03,0.7573999762535095,1.7851,8.61389826123783,7.275,7.0,852.73
2016-04-20,14.2138,94.492,13.279999732971191,45.8,0.7936999797821045,1.845,8.6862018395032,7.292,7.0,849.45
2016-04-21,14.314,94.599,13.949999809265137,44.53,0.8058000206947327,1.861,8.70600778518066,7.292,7.0,853.69
2016-04-22,14.3973,95.116,13.220000267028809,45.11,0.817799985408783,1.8878,8.7762617002499,7.292,7.0,845.21
2016-04-25,14.4517,94.842,14.079999923706055,44.48,0.8299000263214111,1.9128,8.821058175127131,7.292,7.0,839.2
2016-04-26,14.3982,94.573,13.960000038146973,45.74,0.86080002784729,1.9271,8.819338594992681,7.3,7.0,842.63
2016-04-28,14.2871,93.761,15.220000267028809,48.14,0.7815999984741211,1.8243,8.78785219817996,7.3,7.0,844.06
2016-04-29,14.2302,93.082,15.699999809265137,48.13,0.7815999984741211,1.8333,8.7074864634737,7.3,7.0,840.19
2016-05-03,14.6397,92.944,15.600000381469727,44.97,0.7540000081062317,1.7963,8.84300282729655,7.3,7.0,821.09
2016-05-04,14.9772,93.179,16.049999237060547,44.62,0.738099992275238,1.7752,8.90749424977462,7.3,7.0,813.52
2016-05-05,14.9708,93.78,15.90999984741211,45.01,0.7182000279426575,1.7453,8.906595284603409,7.3,7.0,809.46
2016-05-06,14.8839,93.888,14.720000267028809,45.37,0.734000027179718,1.7789,8.86008963037003,7.3,7.0,805.34
2016-05-09,15.1674,94.128,14.569999694824219,43.63,0.7059999704360962,1.7507,8.86560558924727,7.3,7.0,800.91
2016-05-10,15.1233,94.29,13.630000114440918,45.52,0.722000002861023,1.7613,8.898209033535021,7.308,7.0,806.91
2016-05-11,15.0335,93.823,14.6899995803833,47.6,0.7279000282287598,1.7367,8.90672667084342,7.308,7.0,807.97
2016-05-12,14.9987,94.15,14.40999984741211,48.08,0.7540000081062317,1.7516,8.87539193761628,7.308,7.0,806.68
2016-05-13,15.4038,94.608,15.039999961853027,47.83,0.7458999752998352,1.7001,8.93738210013786,7.308,7.0,796.07
2016-05-16,15.6522,94.572,14.680000305175781,48.97,0.786300003528595,1.7533,9.049538079519099,7.3,7.0,797.43
2016-05-17,15.5471,94.548,15.569999694824219,49.28,0.8309000134468079,1.7723,9.11098186512764,7.3,7.0,801.64
2016-05-18,15.8699,95.08,15.949999809265137,48.93,0.8917999863624573,1.8538,9.2039008758025,7.308,7.0,794.22
2016-05-19,15.811,95.287,16.329999923706055,48.81,0.8819000124931335,1.8487,9.16870613554808,7.308,7.0,781.84
2016-05-20,15.6329,95.334,15.199999809265137,48.72,0.8762999773025513,1.8384,9.10859318769187,7.3,7.0,785.26
2016-05-23,15.7218,95.231,15.819999694824219,48.35,0.8968999981880188,1.835,9.11188648810642,7.3,7.0,788.9
2016-05-24,15.6595,95.571,14.420000076293945,48.61,0.9093999862670898,1.8629,9.16906831981207,7.308,7.0,787.99
2016-05-25,15.6687,95.354,13.899999618530273,49.74,0.9185000061988831,1.8664,9.13392825564801,7.308,7.0,799.68
2016-05-26,15.5179,95.168,13.430000305175781,49.59,0.8671000003814697,1.8282,9.09321168010814,7.308,7.0,802.93
2016-05-27,15.7283,95.521,13.119999885559082,49.32,0.9085999727249146,1.851,9.10837634069492,7.308,7.0,808.29
2016-05-30,15.8133,95.521,13.119999885559082,49.76,0.9085999727249146,1.851,9.200829914487139,7.308,7.0,807.66
2016-05-31,15.7086,95.891,14.1899995803833,49.69,0.8769999742507935,1.8458,9.10722798354322,7.32,7.0,807.45
2016-06-01,15.6021,95.455,14.199999809265137,49.72,0.8988000154495239,1.8354,9.0727136341728,7.317,7.0,807.22
2016-06-02,15.5773,95.564,13.630000114440918,50.04,0.886900007724762,1.7989,9.04995647352002,7.308,7.0,809.34
2016-06-03,15.0931,94.029,13.470000267028809,49.64,0.7716000080108643,1.7004,8.93775454303416,7.308,7.0,816.18
2016-06-06,14.9078,93.902,13.649999618530273,50.55,0.7953000068664551,1.7367,8.80202198615861,7.308,7.0,823.26
2016-06-07,14.9133,93.828,14.050000190734863,51.44,0.78329998254776,1.7177,8.84400303213867,7.308,7.0,835.9
2016-06-08,14.7386,93.59,14.079999923706055,52.51,0.7752000093460083,1.7022,8.77430921823823,7.308,7.0,842.38
2016-06-09,14.8041,93.953,14.640000343322754,51.95,0.7670000195503235,1.6867,8.78406492300828,7.308,7.0,837.03
2016-06-10,15.2304,94.571,17.030000686645508,50.54,0.7264999747276306,1.6404,8.80292079805993,7.3,7.0,823.82
2016-06-13,15.171,94.362,20.969999313354492,50.35,0.7142999768257141,1.6096,8.85214818185948,7.3,7.0,809.46
2016-06-14,15.3011,94.928,20.5,49.83,0.722100019454956,1.613,8.93473983748441,7.3,7.0,803.06
2016-06-15,15.2466,94.61,20.139999389648438,48.97,0.6696000099182129,1.572,8.86987556092587,7.308,7.0,808.19
2016-06-17,15.1497,94.206,19.40999984741211,49.17,0.6927000284194946,1.6078,8.80618763813861,7.308,7.0,806.22
2016-06-20,14.8402,93.611,18.3700008392334,50.65,0.7451000213623047,1.6886,8.75331261268105,7.308,7.0,821.17
2016-06-21,14.7143,94.017,18.479999542236328,50.62,0.7630000114440918,1.7059,8.74423105074225,7.308,7.0,825.35
2016-06-22,14.6102,93.716,21.170000076293945,49.88,0.7433000206947327,1.6852,8.6300625845288,7.325,7.0,829.33
2016-06-23,14.4161,93.529,17.25,50.91,0.7788000106811523,1.7458,8.62908040386853,7.325,7.0,835.43
2016-06-24,15.0823,95.448,25.760000228881836,48.41,0.6269999742507935,1.5599,8.8599402101944,7.35,7.0,805.87
2016-06-27,15.4679,96.544,23.850000381469727,47.16,0.593500018119812,1.4377,8.87138204550853,7.367,7.0,794.56
2016-06-28,15.1792,96.245,18.75,48.58,0.6132000088691711,1.4664,8.66503109838129,7.367,7.0,805.24
2016-06-29,14.7927,95.769,16.639999389648438,50.61,0.6367999911308289,1.5155,8.55244301598094,7.358,7.0,821.82
2016-06-30,14.7266,96.143,15.630000114440918,49.68,0.5817000269889832,1.4697,8.59419554456659,7.36,7.0,834.1
2016-07-01,14.5606,95.649,14.770000457763672,50.35,0.5892999768257141,1.4441,8.46181935659056,7.358,7.0,839.25
2016-07-04,14.5681,95.649,14.770000457763672,50.1,0.5892999768257141,1.4441,8.46816810866631,7.358,7.0,843.42
2016-07-05,14.7452,96.166,15.579999923706055,47.96,0.5497000217437744,1.375,8.60842437773686,7.358,7.0,831.68
2016-07-06,14.731,96.053,14.960000038146973,48.8,0.5773000121116638,1.3682,8.57406136591884,7.358,7.0,819.19
2016-07-07,14.7603,96.328,14.760000228881836,46.4,0.5892000198364258,1.385,8.52756784031385,7.358,7.0,826.99
2016-07-08,14.5379,96.302,13.199999809265137,46.76,0.6050000190734863,1.3579,8.48020406252164,7.358,7.0,828.84
2016-07-11,14.4468,96.571,13.539999961853027,46.25,0.652999997138977,1.4303,8.38737395139177,7.358,7.0,846.73
2016-07-12,14.3384,96.441,13.550000190734863,48.47,0.6891000270843506,1.51,8.439667345342999,7.358,7.0,854.08
2016-07-13,14.482,96.216,13.039999961853027,46.26,0.6650999784469604,1.4743,8.48083511178971,7.35,7.0,856.36
2016-07-14,14.2249,96.077,12.819999694824219,47.37,0.6732000112533569,1.5356,8.43934609157243,7.35,7.0,865.93
2016-07-15,14.5736,96.58,12.670000076293945,47.61,0.6674000024795532,1.5509,8.50621976597186,7.35,7.0,867.84
2016-07-18,14.245,96.562,12.4399995803833,46.96,0.6897000074386597,1.5818,8.611557062268279,7.35,7.0,870.13
2016-07-19,14.3361,97.063,11.970000267028809,46.66,0.6898000240325928,1.5526,8.587939502143579,7.35,7.0,868.12
2016-07-20,14.3467,97.201,11.770000457763672,47.17,0.710099995136261,1.5801,8.55866905951116,7.35,7.0,870.76
2016-07-21,14.2309,97.0,12.739999771118164,46.2,0.6777999997138977,1.556,8.52169047395701,7.35,7.0,871.17
2016-07-22,14.2924,97.467,12.020000457763672,45.69,0.7024999856948853,1.5663,8.57769926413508,7.35,7.0,869.3
2016-07-25,14.3636,97.286,12.869999885559082,44.72,0.7332000136375427,1.5731,8.56267634413095,7.35,7.0,869.1
2016-07-26,14.361,97.156,13.050000190734863,44.87,0.7538999915122986,1.5611,8.52182716047921,7.35,7.0,870.72
2016-07-27,14.258,97.053,12.829999923706055,43.47,0.7184000015258789,1.4976,8.525999117039019,7.35,7.0,874.05
2016-07-28,14.1455,96.739,12.720000267028809,42.7,0.70660001039505,1.5044,8.52223587681932,7.35,7.0,875.52
2016-07-29,13.8787,95.53,11.869999885559082,42.46,0.6553999781608582,1.4531,8.43258443406766,7.35,7.0,873.47
2016-08-01,13.9174,95.713,12.4399995803833,42.14,0.6848000288009644,1.5214,8.4186990476939,7.35,7.0,882.55
2016-08-02,13.9998,95.064,13.369999885559082,41.8,0.6787999868392944,1.5558,8.437025627686829,7.358,7.0,876.77
2016-08-04,13.7059,95.758,12.420000076293945,44.29,0.6430000066757202,1.5008,8.346371016997999,7.358,7.0,876.04
2016-08-05,13.727,96.194,11.390000343322754,44.27,0.722100019454956,1.5885,8.37525604269736,7.358,7.0,885.52
2016-08-08,13.5749,96.401,11.5,45.39,0.7260000109672546,1.592,8.33612612108762,7.358,7.0,895.53
2016-08-10,13.2814,95.65,12.050000190734863,44.05,0.6819999814033508,1.5074,8.24607019457142,7.358,7.0,902.99
2016-08-11,13.402,95.857,11.680000305175781,46.04,0.7419999837875366,1.5593,8.23699316042288,7.35,7.0,907.6
2016-08-12,13.4764,95.722,11.550000190734863,46.97,0.7056999802589417,1.5135,8.23779553397477,7.35,7.0,910.08
2016-08-15,13.3033,95.629,11.8100004196167,48.35,0.7257999777793884,1.5576,8.24421686248257,7.35,7.0,915.86
2016-08-16,13.4216,94.791,12.640000343322754,49.23,0.7458999752998352,1.5746,8.23463680904038,7.35,7.0,915.6
2016-08-17,13.3816,94.718,12.1899995803833,49.85,0.7257000207901001,1.5491,8.24905052355936,7.35,7.0,909.67
2016-08-18,13.3749,94.157,11.430000305175781,50.89,0.7013999819755554,1.5356,8.206914284974811,7.342,7.0,916.4
2016-08-19,13.5163,94.511,11.34000015258789,50.88,0.7458999752998352,1.5781,8.26797810725768,7.342,7.0,910.34
2016-08-22,13.5811,94.519,12.270000457763672,49.16,0.7378000020980835,1.5424,8.326563835457861,7.342,7.0,904.22
2016-08-23,14.0019,94.539,12.380000114440918,49.96,0.7418000102043152,1.5458,8.28847309372075,7.342,7.0,906.5
2016-08-24,14.1632,94.786,13.449999809265137,49.05,0.7617999911308289,1.5611,8.79931340943433,7.358,7.0,896.75
2016-08-25,14.2113,94.772,13.630000114440918,49.67,0.7893999814987183,1.5731,8.83851172051147,7.358,7.0,898.1
2016-08-26,14.3694,95.566,13.649999618530273,49.92,0.8428000211715698,1.6296,8.73510320318563,7.358,7.0,901.39
2016-08-29,14.4066,95.58,12.9399995803833,49.26,0.8051999807357788,1.5595,8.80401196441812,7.358,7.0,895.97
2016-08-30,14.5037,96.054,13.119999885559082,48.37,0.7972999811172485,1.5663,8.75648505381771,7.358,7.0,898.92
2016-08-31,14.7313,96.022,13.420000076293945,47.04,0.8052999973297119,1.58,8.801605014978641,7.36,7.0,893.68
2016-09-01,14.5985,95.653,13.479999542236328,45.45,0.7815999984741211,1.5681,8.763771172224601,7.358,7.0,891.08
2016-09-02,14.4932,95.844,11.979999542236328,46.83,0.7857999801635742,1.6024,8.71682691143095,7.358,7.0,899.61
2016-09-05,14.3866,95.844,11.979999542236328,47.63,0.7857999801635742,1.6024,8.63340307265158,7.358,7.0,909.6
2016-09-06,13.98,94.823,12.020000457763672,47.26,0.7281000018119812,1.534,8.51042325372354,7.358,7.0,923.45
2016-09-07,14.0248,94.956,11.9399995803833,47.98,0.734000027179718,1.5391,8.40511655517401,7.358,7.0,926.04
2016-09-08,14.1337,95.027,12.510000228881836,49.99,0.7699000239372253,1.599,8.38663687653809,7.358,7.0,927.29
2016-09-09,14.4158,95.336,17.5,48.01,0.7821000218391418,1.6749,8.549022235770721,7.358,7.0,909.32
2016-09-12,14.2276,95.095,15.15999984741211,48.32,0.7700999975204468,1.6629,8.53256236653076,7.358,7.0,889.41
2016-09-13,14.3935,95.633,17.850000381469727,47.1,0.7982000112533569,1.7271,8.50882517416778,7.358,7.0,886.01
2016-09-14,14.3202,95.327,18.139999389648438,45.85,0.7580000162124634,1.6976,8.4750688451904,7.358,7.0,885.14
2016-09-15,14.2483,95.288,16.299999237060547,46.59,0.7257999777793884,1.6907,8.48481582207431,7.358,7.0,888.98
2016-09-16,14.182,96.108,15.369999885559082,45.77,0.7620999813079834,1.6926,8.50450400452673,7.358,7.0,885.45
2016-09-19,14.0162,95.841,15.529999732971191,45.95,0.7784000039100647,1.7118,8.41616668686469,7.358,7.0,897.68
2016-09-20,13.9145,96.019,15.920000076293945,45.88,0.7742999792098999,1.6892,8.40235710718445,7.358,7.0,898.82
2016-09-21,13.5779,95.66,13.300000190734863,46.83,0.774399995803833,1.6511,8.41077876643949,7.358,7.0,905.65
2016-09-22,13.6471,95.448,12.020000457763672,47.65,0.7702999711036682,1.6183,8.33468730595305,7.358,7.0,920.92
2016-09-23,13.7176,95.477,12.289999961853027,45.89,0.7540000081062317,1.6184,8.37321226449708,7.358,7.0,917.5
2016-09-26,13.6799,95.297,14.5,47.35,0.7336000204086304,1.5839,8.42274614588739,7.358,7.0,905.49
2016-09-27,13.4523,95.435,13.100000381469727,45.97,0.7421000003814697,1.5564,8.44229777372324,7.358,7.0,911.13
2016-09-28,13.6187,95.431,12.390000343322754,48.69,0.7559000253677368,1.5719,8.43163299405869,7.358,7.0,912.19
2016-09-29,13.8938,95.535,14.020000457763672,49.24,0.7342000007629395,1.5599,8.460056766815601,7.358,7.0,913.39
2016-09-30,13.7225,95.463,13.289999961853027,49.06,0.761900007724762,1.5944,8.47855413622826,7.36,7.0,903.46
2016-10-03,13.5982,95.695,13.569999694824219,50.89,0.7915999889373779,1.6221,8.39499079384407,7.358,7.0,911.61
2016-10-04,13.8291,96.169,13.630000114440918,50.87,0.8215000033378601,1.6864,8.36671944448137,7.358,7.0,915.61
2016-10-05,13.7188,96.125,12.989999771118164,51.86,0.83160001039505,1.7021,8.451061474210041,7.358,7.0,915.26
2016-10-06,13.8844,96.765,12.84000015258789,52.51,0.8496000170707703,1.7372,8.50303931204326,7.358,7.0,917.04
2016-10-07,13.872,96.632,13.479999542236328,51.93,0.8300999999046326,1.7181,8.48440443253457,7.358,7.0,914.81
2016-10-10,13.8097,96.929,13.380000114440918,53.14,0.8300999999046326,1.7181,8.49600194517485,7.358,7.0,918.68
2016-10-11,14.3691,97.69,15.359999656677246,52.41,0.8664000034332275,1.7638,8.71940576452819,7.358,7.0,905.57
2016-10-12,14.2299,97.966,15.90999984741211,51.81,0.8585000038146973,1.7692,8.68036805703542,7.358,7.0,902.74
2016-10-13,14.2517,97.516,16.690000534057617,52.03,0.8345000147819519,1.7411,8.68982956075355,7.358,7.0,890.65
2016-10-14,14.3182,98.019,16.1200008392334,51.95,0.8348000049591064,1.7977,8.61346046237612,7.358,7.0,897.03
2016-10-17,14.1485,97.888,16.209999084472656,51.52,0.8147000074386597,1.766,8.6628966630032,7.358,7.0,894.71
2016-10-18,13.8952,97.895,15.279999732971191,51.68,0.7986000180244446,1.7379,8.61526594440938,7.358,7.0,908.55
2016-10-19,13.8341,97.92,14.40999984741211,52.67,0.7946000099182129,1.7432,8.571214128125169,7.358,7.0,913.35
2016-10-20,13.9517,98.315,13.75,51.38,0.8190000057220459,1.7556,8.57645508661102,7.358,7.0,913.38
2016-10-21,13.9849,98.695,13.34000015258789,51.78,0.8234000205993652,1.7347,8.61473686872577,7.358,7.0,911.24
2016-10-24,13.9105,98.756,13.020000457763672,51.46,0.839900016784668,1.7647,8.59821310271036,7.358,7.0,918.4
2016-10-25,13.7551,98.719,13.460000038146973,50.79,0.8522999882698059,1.756,8.57926679134788,7.358,7.0,918.25
2016-10-26,13.8906,98.629,14.239999771118164,49.98,0.8684999942779541,1.7931,8.68283090217487,7.358,7.0,910.58
2016-10-27,13.8743,98.888,15.359999656677246,50.47,0.8863000273704529,1.8536,8.72132053214656,7.358,7.0,905.31
2016-10-28,13.8352,98.348,16.190000534057617,49.71,0.8525999784469604,1.8468,8.669277873773371,7.358,7.0,903.5
2016-10-31,13.4741,98.445,17.059999465942383,48.3,0.8409000039100647,1.8255,8.51528286072012,7.36,7.0,905.09
2016-11-01,13.6105,97.699,18.559999465942383,48.14,0.8310999870300293,1.8274,8.56229849349518,7.358,7.0,902.58
2016-11-02,13.4647,97.398,19.31999969482422,46.86,0.8173999786376953,1.8025,8.456930778210769,7.358,7.0,890.21
2016-11-03,13.4649,97.157,22.079999923706055,46.35,0.8054999709129333,1.8115,8.44726346711277,7.358,7.0,884.93
2016-11-04,13.5823,97.065,22.510000228881836,45.58,0.7838000059127808,1.7762,8.50455418807039,7.358,7.0,880.12
2016-11-07,13.3623,97.781,18.709999084472656,46.15,0.817799985408783,1.8261,8.492363710431,7.358,7.0,894.77
2016-11-08,13.1866,97.861,18.739999771118164,46.04,0.8539000153541565,1.8547,8.46402589700916,7.358,7.0,902.45
2016-11-09,13.4457,98.504,14.380000114440918,46.36,0.8901000022888184,2.0571,8.60108141223202,7.358,7.0,880.15
2016-11-10,14.1217,98.785,14.739999771118164,45.84,0.9150999784469604,2.1501,8.80079910351705,7.358,7.0,875.63
2016-11-11,14.3352,99.06,14.170000076293945,44.75,0.9150999784469604,2.1501,8.91462112134291,7.358,7.0,849.1
2016-11-14,14.4314,100.11,14.479999542236328,44.43,1.0023000240325928,2.2614,8.95493488128109,7.358,7.0,838.96
2016-11-15,14.1762,100.23,13.369999885559082,46.95,0.9926000237464905,2.2189,8.860320478101,7.367,7.0,841.49
2016-11-16,14.3076,100.41,13.720000267028809,46.63,1.0051000118255615,2.2225,8.82573465879314,7.367,7.0,847.15
2016-11-17,14.4242,100.89,13.350000381469727,46.49,1.0461000204086304,2.3026,8.79255311291155,7.367,7.0,847.19
2016-11-18,14.4222,101.21,12.850000381469727,46.86,1.0678000450134277,2.3548,8.76478050985659,7.367,7.0,844.53
2016-11-21,14.2486,101.05,12.420000076293945,48.9,1.0683000087738037,2.3154,8.75744361082981,7.367,7.0,847.4
2016-11-22,14.0861,101.04,12.40999984741211,49.12,1.0871000289916992,2.3119,8.75739381020477,7.358,7.0,857.45
2016-11-23,14.1502,101.7,12.430000305175781,48.95,1.1227999925613403,2.3498,8.78437053315135,7.358,7.0,855.92
2016-11-24,14.1494,101.7,12.430000305175781,49.0,1.1227999925613403,2.3498,8.82229602844168,7.358,7.0,852.02
2016-11-25,14.11,101.49,12.34000015258789,47.24,1.1167999505996704,2.3572,8.86499032119217,7.358,7.0,855.78
2016-11-28,13.73,101.33,13.149999618530273,48.24,1.0989999771118164,2.3124,8.69209216927195,7.358,7.0,863.17
2016-11-29,13.8818,100.93,12.899999618530273,46.38,1.0871000289916992,2.291,8.81067522476032,7.358,7.0,858.47
2016-11-30,14.094,101.5,13.329999923706055,50.47,1.1130000352859497,2.3809,8.823677205704259,7.36,7.0,862.83
2016-12-01,14.1066,101.04,14.069999694824219,53.94,1.1469999551773071,2.4481,8.89048217018731,7.358,7.0,858.41
2016-12-02,13.8021,100.77,14.119999885559082,54.46,1.0957000255584717,2.3831,8.843387190265691,7.358,7.0,853.07
2016-12-05,13.7263,100.09,12.140000343322754,54.94,1.1197999715805054,2.3941,8.77933824299205,7.358,7.0,853.97
2016-12-06,13.6462,100.49,11.789999961853027,53.93,1.1138999462127686,2.3887,8.74150577236436,7.358,7.0,861.49
2016-12-07,13.4748,100.23,12.220000267028809,53.0,1.093999981880188,2.3401,8.65508420062953,7.358,7.0,867.61
2016-12-08,13.6558,101.1,12.640000343322754,53.89,1.110200047492981,2.4071,8.69319355380448,7.358,7.0,879.32
2016-12-09,13.796,101.59,11.75,54.33,1.1328999996185303,2.4675,8.69246507387757,7.358,7.0,877.85
2016-12-12,13.615,101.03,12.640000343322754,55.69,1.1411000490188599,2.4712,8.71390504546616,7.358,7.0,872.24
2016-12-13,13.6133,101.07,12.720000267028809,55.72,1.163599967956543,2.4713,8.73093552491792,7.358,7.0,877.2
2016-12-14,13.932,101.76,13.1899995803833,53.9,1.267300009727478,2.5707,8.72637415896407,7.358,7.0,872.76
2016-12-15,13.9695,103.02,12.789999961853027,54.02,1.273800015449524,2.5967,8.82665910966205,7.358,7.0,858.65
2016-12-19,14.1391,103.14,11.710000038146973,54.92,1.222100019454956,2.5382,8.77342527559472,7.358,7.0,851.13
2016-12-20,13.9976,103.29,11.449999809265137,55.35,1.2163000106811523,2.5586,8.79262367287757,7.358,7.0,851.31
2016-12-21,14.0025,103.02,11.270000457763672,54.46,1.1878999471664429,2.5348,8.78112552436994,7.358,7.0,851.17
2016-12-22,14.0407,103.09,11.430000305175781,55.05,1.1922999620437622,2.5515,8.77197878705675,7.358,7.0,842.51
2016-12-23,13.998,103.01,11.4399995803833,55.16,1.2015999555587769,2.5373,8.777039512878119,7.358,7.0,841.6
2016-12-28,13.8569,103.3,12.949999809265137,56.22,1.253999948501587,2.508,8.76892769473092,7.358,7.0,851.18
2016-12-29,13.6152,102.68,13.369999885559082,56.14,1.2122000455856323,2.475,8.72668357347621,7.358,7.0,858.44
2016-12-30,13.7401,102.21,14.039999961853027,56.82,1.1883000135421753,2.4443,8.72720915927034,7.358,7.0,862.27
2017-01-03,13.8329,103.21,12.850000381469727,55.47,1.2141000032424927,2.4444,8.77877979650783,7.358,7.0,868.44
2017-01-04,13.6142,102.7,11.850000381469727,56.46,1.2139999866485596,2.439,8.73470970242062,7.358,7.0,871.45
2017-01-05,13.5759,101.52,11.670000076293945,56.89,1.1620999574661255,2.3443,8.67847048847072,7.358,7.0,881.72
2017-01-06,13.7596,102.22,11.319999694824219,57.1,1.2098000049591064,2.4193,8.650014952230519,7.358,7.0,881.11
2017-01-09,13.6726,101.93,11.5600004196167,54.94,1.1815999746322632,2.3647,8.60999736094516,7.358,7.0,878.44
2017-01-10,13.7418,102.01,11.489999771118164,53.64,1.1856000423431396,2.3757,8.615081370351941,7.358,7.0,885.7
2017-01-11,13.7449,101.78,11.260000228881836,55.1,1.1855000257492065,2.3721,8.60908519038176,7.358,7.0,886.73
2017-01-12,13.5072,101.35,11.539999961853027,56.01,1.17330002784729,2.3631,8.52383142184714,7.358,7.0,896.64
2017-01-13,13.5157,101.18,11.229999542236328,55.45,1.1930999755859375,2.3964,8.4676773678564,7.358,7.0,895.98
2017-01-16,13.6729,101.18,11.229999542236328,55.86,1.1930999755859375,2.3964,8.488935072733,7.358,7.0,889.11
2017-01-17,13.4677,100.33,11.869999885559082,55.47,1.152400016784668,2.3253,8.48028536593145,7.358,7.0,894.87
2017-01-18,13.6325,100.93,12.479999542236328,53.92,1.2214000225067139,2.4296,8.498270482043289,7.358,7.0,897.89
2017-01-19,13.56,101.15,12.779999732971191,54.16,1.2214000225067139,2.4739,8.54646855777383,7.358,7.0,894.52
2017-01-20,13.5986,100.74,11.539999961853027,55.49,1.1885000467300415,2.4668,8.566006173981961,7.358,7.0,893.28
2017-01-23,13.4864,100.16,11.770000457763672,55.23,1.143399953842163,2.3971,8.59742867692548,7.358,7.0,902.14
2017-01-24,13.3845,100.35,11.069999694824219,55.44,1.1923999786376953,2.4652,8.5126006464404,7.358,7.0,908.63
2017-01-25,13.2415,100.03,10.8100004196167,55.08,1.2340999841690063,2.5116,8.58371194435936,7.367,7.0,912.16
2017-01-26,13.3595,100.38,10.630000114440918,56.24,1.2242000102996826,2.5043,8.59786757152664,7.367,7.0,916.73
2017-01-27,13.4737,100.53,10.579999923706055,55.52,1.2181999683380127,2.4843,8.66419191308005,7.367,7.0,915.92
2017-01-30,13.506,100.43,11.880000114440918,55.23,1.2122000455856323,2.4881,8.75166746899605,7.367,7.0,913.09
2017-01-31,13.4753,99.512,11.989999771118164,55.7,1.2043999433517456,2.4531,8.66227658731682,7.37,7.0,909.23
2017-02-01,13.4719,99.641,11.8100004196167,56.8,1.212499976158142,2.4699,8.68473755885702,7.35,7.0,913.0
2017-02-02,13.3995,99.79,11.930000305175781,56.56,1.2045999765396118,2.4737,8.67557842975355,7.35,7.0,915.21
2017-02-03,13.2667,99.868,10.970000267028809,56.81,1.1969000101089478,2.4648,8.65246086168122,7.35,7.0,918.87
2017-02-06,13.3167,99.907,11.369999885559082,55.72,1.1490000486373901,2.4077,8.6502715762726,7.35,7.0,922.99
2017-02-07,13.4502,100.26,11.289999961853027,55.05,1.1649999618530273,2.3931,8.69368324159776,7.35,7.0,919.8
2017-02-08,13.4139,100.28,11.449999809265137,55.12,1.1410000324249268,2.3363,8.688024973439221,7.35,7.0,921.68
2017-02-09,13.4035,100.65,10.880000114440918,55.63,1.1771999597549438,2.3948,8.62663057319234,7.35,7.0,925.57
2017-02-10,13.3365,100.8,10.850000381469727,56.7,1.1894999742507935,2.4073,8.6124372733718,7.35,7.0,930.16
2017-02-13,13.3349,100.96,11.069999694824219,55.59,1.20169997215271,2.4358,8.56228039843264,7.342,7.0,935.45
2017-02-14,13.1053,101.25,10.739999771118164,55.97,1.2343000173568726,2.4698,8.4630665396624,7.333,7.0,934.08
2017-02-15,12.9162,101.18,11.970000267028809,55.75,1.2466000318527222,2.4932,8.42442864420033,7.325,7.0,941.78
2017-02-16,13.0327,100.44,11.760000228881836,55.65,1.2021000385284424,2.4467,8.46275845517626,7.325,7.0,945.62
2017-02-17,13.0382,100.95,11.489999771118164,55.81,1.1881999969482422,2.4147,8.53050177343139,7.325,7.0,939.03
2017-02-20,13.045,100.95,11.489999771118164,56.18,1.1881999969482422,2.4147,8.608517999064839,7.325,7.0,943.58
2017-02-21,13.1388,101.37,11.569999694824219,56.66,1.2066999673843384,2.429,8.6373649796888,7.325,7.0,945.64
2017-02-22,12.9735,101.22,11.739999771118164,55.84,1.2161999940872192,2.4129,8.59968837404989,7.325,7.0,950.95
2017-02-23,12.872,101.05,11.710000038146973,56.58,1.1825000047683716,2.372,8.51655054821495,7.333,7.0,952.12
2017-02-24,12.9518,101.09,11.470000267028809,55.99,1.142799973487854,2.3117,8.55514573277794,7.325,7.0,943.52
2017-02-27,13.0096,101.13,12.09000015258789,55.93,1.1943999528884888,2.365,8.5764136410441,7.325,7.0,940.32
2017-02-28,13.1285,101.12,12.920000076293945,55.59,1.26010000705719,2.3899,8.64417464770594,7.33,7.0,936.37
2017-03-01,13.0263,101.78,12.539999961853027,56.36,1.2841999530792236,2.4526,8.66511875761446,7.325,7.0,938.47
2017-03-02,13.1565,102.2,11.8100004196167,55.08,1.30840003490448,2.4779,8.59979707317026,7.325,7.0,936.37
2017-03-03,13.0275,101.54,10.960000038146973,55.9,1.3050999641418457,2.478,8.57217407411534,7.325,7.0,931.07
2017-03-06,13.02,101.64,11.239999771118164,56.01,1.305299997329712,2.4997,8.53162937791461,7.325,7.0,934.42
2017-03-07,12.973,101.81,11.449999809265137,55.92,1.3277000188827515,2.5179,8.4990513398693,7.342,7.0,936.5
2017-03-08,13.1313,102.07,11.859999656677246,53.11,1.354200005531311,2.5597,8.51171682751682,7.342,7.0,934.9
2017-03-09,13.3336,101.85,12.300000190734863,52.19,1.3725999593734741,2.6053,8.558871400267309,7.342,7.0,922.94
2017-03-10,13.1786,101.25,11.65999984741211,51.37,1.3533999919891357,2.5745,8.53992140512502,7.342,7.0,926.14
2017-03-13,13.1376,101.31,11.350000381469727,51.35,1.371899962425232,2.6258,8.51749446204024,7.342,7.0,938.5
2017-03-14,13.1553,101.7,12.300000190734863,50.92,1.3762999773025513,2.6002,8.55039774460243,7.342,7.0,939.97
2017-03-15,12.7893,100.74,11.630000114440918,51.81,1.299399971961975,2.493,8.50209564343459,7.342,7.0,943.52
2017-03-16,12.7659,100.36,11.210000038146973,51.74,1.332200050354004,2.5402,8.39794519439611,7.333,7.0,963.2
2017-03-17,12.7271,100.3,11.279999732971191,51.76,1.3145999908447266,2.5005,8.36556897579752,7.333,7.0,965.57
2017-03-20,12.6454,100.41,11.34000015258789,51.62,1.2883000373840332,2.4607,8.31545050106236,7.333,7.0,972.35
2017-03-22,12.5656,99.677,12.8100004196167,50.64,1.2476999759674072,2.405,8.22122321256162,7.333,7.0,966.97
2017-03-23,12.4568,99.76,13.119999885559082,50.56,1.2519999742507935,2.4194,8.19278787977855,7.333,7.0,967.92
2017-03-24,12.4334,99.627,12.960000038146973,50.8,1.256600022315979,2.4123,8.235610500672701,7.333,7.0,969.13
2017-03-27,12.7407,99.166,12.5,50.75,1.2526999711990356,2.3782,8.585124550092269,7.325,7.0,965.71
2017-03-28,12.9921,99.712,11.529999732971191,51.33,1.3015999794006348,2.4178,8.59561165203635,7.333,7.0,970.32
2017-03-29,13.0414,99.998,11.420000076293945,52.42,1.2697999477386475,2.3765,8.53786197986957,7.342,7.0,971.86
2017-03-30,13.2837,100.41,11.539999961853027,52.96,1.2818000316619873,2.4197,8.37294330050513,7.342,7.0,969.47
2017-03-31,13.4136,100.35,12.369999885559082,52.83,1.253999948501587,2.3874,8.701448626002211,7.36,7.0,958.37
2017-04-03,13.6868,100.54,12.380000114440918,53.12,1.226099967956543,2.3193,8.81765790459568,7.358,7.0,965.15
2017-04-04,13.6251,100.54,11.789999961853027,54.17,1.2519999742507935,2.3605,8.76389064881754,7.375,7.0,965.17
2017-04-05,13.8062,100.56,12.890000343322754,54.36,1.2339999675750732,2.3354,8.84690708321549,7.358,7.0,969.22
2017-04-06,13.7607,100.67,12.390000343322754,54.89,1.2379000186920166,2.3408,8.857021596583781,7.358,7.0,963.29
2017-04-07,13.759,101.18,12.869999885559082,55.24,1.2862000465393066,2.3822,8.78027106563053,7.358,7.0,961.61
2017-04-10,13.9522,101.02,14.050000190734863,55.98,1.2740999460220337,2.3661,8.84972749790754,7.358,7.0,958.0
2017-04-11,13.8071,100.71,15.069999694824219,56.23,1.2338000535964966,2.2962,8.78994480922359,7.358,7.0,954.44
2017-04-12,13.4606,100.78,15.770000457763672,55.86,1.2015000581741333,2.2392,8.70462814846518,7.358,7.0,958.2
2017-04-13,13.462,100.49,15.960000038146973,55.89,1.205299973487854,2.2374,8.67752889721568,7.35,7.0,962.85
2017-04-18,13.2798,99.499,14.420000076293945,54.89,1.1604000329971313,2.1682,8.721730600112739,7.35,7.0,957.7
2017-04-19,13.2798,99.738,14.930000305175781,52.93,1.1765999794006348,2.2143,8.6551762245282,7.342,7.0,952.92
2017-04-20,13.1502,99.778,14.149999618530273,52.99,1.1845999956130981,2.232,8.562222770117051,7.342,7.0,958.45
2017-04-21,13.1166,99.977,14.630000114440918,51.96,1.1801999807357788,2.248,8.52429972863728,7.342,7.0,961.78
2017-04-24,13.0153,99.092,10.84000015258789,51.6,1.2294000387191772,2.273,8.50675054380558,7.342,7.0,971.36
2017-04-25,13.058,98.785,10.760000228881836,52.1,1.270400047302246,2.3322,8.552910051019689,7.342,7.0,982.65
2017-04-26,13.2811,99.045,10.850000381469727,51.82,1.2717000246047974,2.3035,8.601048350974521,7.342,7.0,982.53
2017-04-28,13.3701,99.05,10.819999694824219,51.73,1.2618999481201172,2.2802,8.574397946456159,7.342,7.0,977.96
2017-05-02,13.3442,98.976,10.59000015258789,50.46,1.2580000162124634,2.2803,8.569942940910689,7.342,7.0,988.19
2017-05-03,13.4377,99.209,10.680000305175781,50.79,1.2939000129699707,2.318,8.54523908967199,7.342,7.0,985.74
2017-05-04,13.6563,98.797,10.460000038146973,48.38,1.305899977684021,2.3541,8.56832532328766,7.342,7.0,980.07
2017-05-05,13.418,98.648,10.569999694824219,49.1,1.3101999759674072,2.3487,8.614589607578239,7.342,7.0,978.27
2017-05-08,13.622,99.06,9.770000457763672,49.34,1.330299973487854,2.3868,8.60372122109909,7.342,7.0,985.11
2017-05-09,13.6282,99.658,9.960000038146973,48.73,1.340499997138977,2.3977,8.689542876559681,7.342,7.0,990.6
2017-05-10,13.4817,99.669,10.210000038146973,50.22,1.3547999858856201,2.4141,8.62739934944625,7.342,7.0,995.09
2017-05-11,13.3689,99.623,10.600000381469727,50.77,1.3346999883651733,2.3874,8.6177769446416,7.342,7.0,1000.35
2017-05-12,13.3638,99.252,10.399999618530273,50.84,1.2904000282287598,2.3257,8.609879902442021,7.342,7.0,1002.37
2017-05-15,13.1849,98.911,10.420000076293945,51.82,1.2985999584197998,2.3433,8.58716365405341,7.342,7.0,1010.23
2017-05-16,13.0591,98.105,10.649999618530273,51.65,1.298699975013733,2.3257,8.51622421800603,7.342,7.0,1015.05
2017-05-17,13.2042,97.575,15.59000015258789,52.21,1.2458000183105469,2.2243,8.56794083373354,7.342,7.0,1008.63
2017-05-18,13.403,97.879,14.65999984741211,52.51,1.2682000398635864,2.2294,8.654234121052221,7.342,7.0,988.38
2017-05-19,13.2312,97.142,12.039999961853027,53.61,1.270300030708313,2.2346,8.55134939953014,7.342,7.0,995.67
2017-05-22,13.2228,96.984,10.930000305175781,53.87,1.2826000452041626,2.2537,8.51595201436062,7.342,7.0,1003.66
2017-05-23,13.0803,97.351,10.720000267028809,54.15,1.3032000064849854,2.2799,8.4682837112664,7.342,7.0,1004.47
2017-05-24,12.9137,97.238,10.020000457763672,53.96,1.2818000316619873,2.2502,8.39399264276372,7.342,7.0,1005.03
2017-05-25,12.9307,97.248,9.989999771118164,51.46,1.2936999797821045,2.2554,8.41371422012668,7.333,7.0,1014.55
2017-05-26,12.8819,97.442,9.8100004196167,52.15,1.2936999797821045,2.2465,8.40408995038597,7.333,7.0,1017.0
2017-05-29,12.9653,97.442,9.8100004196167,52.29,1.2936999797821045,2.2465,8.495058291264659,7.333,7.0,1015.19
2017-05-30,13.1317,97.28,10.380000114440918,51.84,1.2836999893188477,2.2098,8.518586577689891,7.333,7.0,1011.77
2017-05-31,13.1179,96.922,10.40999984741211,50.31,1.2818000316619873,2.2028,8.49027765420713,7.33,7.0,1005.33
2017-06-01,12.8941,97.198,9.890000343322754,50.63,1.2898000478744507,2.2114,8.45840478926173,7.333,7.0,1008.47
2017-06-02,12.8157,96.715,9.75,49.95,1.2878999710083008,2.1591,8.362193773267041,7.333,7.0,1015.08
2017-06-05,12.7139,96.799,10.069999694824219,49.47,1.3020000457763672,2.1817,8.35122623045079,7.325,7.0,1017.6
2017-06-06,12.8258,96.636,10.449999809265137,50.12,1.2940000295639038,2.1451,8.395155240294331,7.325,7.0,1015.89
2017-06-07,12.8348,96.748,10.390000343322754,48.06,1.3061000108718872,2.1729,8.391661781912891,7.325,7.0,1015.75
2017-06-08,12.9175,96.918,10.15999984741211,47.86,1.3142999410629272,2.1885,8.43829165913704,7.325,7.0,1019.07
2017-06-09,12.9457,97.274,10.699999809265137,48.15,1.3346999883651733,2.2005,8.39866852181625,7.325,7.0,1018.19
2017-06-12,12.8237,97.138,11.460000038146973,48.29,1.3551000356674194,2.2145,8.316574990229519,7.317,7.0,1008.92
2017-06-13,12.7652,96.975,10.420000076293945,48.72,1.3632999658584595,2.2109,8.34543971303507,7.317,7.0,1009.78
2017-06-14,12.6249,96.939,10.640000343322754,47.0,1.3309999704360962,2.1256,8.319041696048721,7.317,7.0,1013.69
2017-06-15,12.8799,97.433,10.899999618530273,46.92,1.3514000177383423,2.1637,8.39698393619911,7.317,7.0,1003.64
2017-06-19,13.0022,97.548,10.369999885559082,46.91,1.3559999465942383,2.1879,8.47905538699039,7.317,7.0,1012.95
2017-06-20,13.0681,97.76,10.859999656677246,46.02,1.3438999652862549,2.1565,8.46070893990202,7.317,7.0,1008.67
2017-06-21,13.0805,97.559,10.75,44.82,1.348099946975708,2.1634,8.50017415387857,7.325,7.0,1006.47
2017-06-22,12.9664,97.593,10.479999542236328,45.22,1.3401000499725342,2.1477,8.49468256142235,7.325,7.0,1008.81
2017-06-23,12.9297,97.264,10.020000457763672,45.54,1.340399980545044,2.1423,8.44527629181229,7.325,7.0,1011.67
2017-06-26,12.8622,97.426,9.899999618530273,45.83,1.3322999477386475,2.137,8.43525291337439,7.325,7.0,1019.11
2017-06-27,13.0292,96.394,11.0600004196167,46.65,1.3691999912261963,2.2051,8.51479378383744,7.325,7.0,1016.68
2017-06-28,12.9347,96.01,10.029999732971191,47.31,1.3532999753952026,2.2279,8.59953965137904,7.325,7.0,1012.1
2017-06-29,13.0229,95.628,11.4399995803833,47.42,1.3691999912261963,2.2666,8.61682749564103,7.333,7.0,1014.02
2017-06-30,13.0744,95.628,11.180000305175781,47.92,1.381700038909912,2.3037,8.69664351667976,7.34,7.0,1010.8
2017-07-03,13.2099,96.218,11.220000267028809,49.68,1.410099983215332,2.3499,8.72677284077695,7.35,7.0,1014.24
2017-07-04,13.1987,96.218,11.220000267028809,49.61,1.410099983215332,2.3499,8.698927724638331,7.35,7.0,1006.73
2017-07-05,13.3881,96.29,11.069999694824219,47.79,1.4021999835968018,2.3232,8.763617668458581,7.342,7.0,1009.85
2017-07-06,13.4432,95.802,12.539999961853027,48.11,1.3944000005722046,2.3659,8.8215206052875,7.342,7.0,1006.16
2017-07-07,13.3842,96.008,11.1899995803833,46.71,1.3990000486373901,2.3856,8.84072076584175,7.342,7.0,1002.48
2017-07-10,13.4841,96.022,11.109999656677246,46.88,1.3830000162124634,2.373,8.7780360158278,7.342,7.0,1009.29
2017-07-11,13.5611,95.669,10.890000343322754,47.52,1.375100016593933,2.3605,8.80805349257266,7.342,7.0,1018.2
2017-07-12,13.2513,95.761,10.300000190734863,47.74,1.342900037765503,2.3177,8.708370711976809,7.342,7.0,1029.9
2017-07-13,13.2107,95.728,9.899999618530273,48.42,1.3632999658584595,2.3444,8.672914856230541,7.342,7.0,1040.72
2017-07-14,13.0357,95.153,9.510000228881836,48.91,1.3555999994277954,2.3319,8.59457009940777,7.342,7.0,1047.05
2017-07-17,12.9493,95.128,9.819999694824219,48.42,1.3557000160217285,2.3141,8.563708614670439,7.342,7.0,1051.55
2017-07-18,12.896,94.604,9.890000343322754,48.84,1.3476999998092651,2.259,8.55831059220003,7.342,7.0,1053.23
2017-07-19,12.9167,94.779,9.789999961853027,49.7,1.3559999465942383,2.2696,8.581312257057471,7.342,7.0,1060.12
2017-07-20,13.0343,94.306,9.579999923706055,49.3,1.3521000146865845,2.2589,8.492569891838391,7.342,6.75,1059.4
2017-07-21,12.9175,93.858,9.359999656677246,48.06,1.3401999473571777,2.2375,8.45910492979249,7.083,6.75,1060.18
2017-07-24,12.962,93.977,9.430000305175781,48.6,1.3566999435424805,2.2552,8.49469825383581,7.083,6.75,1064.27
2017-07-25,13.0805,94.054,9.430000305175781,50.2,1.3898999691009521,2.3354,8.49903984118457,7.083,6.75,1061.69
2017-07-26,12.9075,93.672,9.600000381469727,50.97,1.3551000356674194,2.2872,8.482546493647861,7.083,6.75,1062.29
2017-07-27,13.0016,93.864,10.109999656677246,51.49,1.3631000518798828,2.3103,8.46824087319425,7.083,6.75,1068.95
2017-07-28,13.0261,93.259,10.289999961853027,52.52,1.3472000360488892,2.2889,8.53099925614547,7.083,6.75,1062.97
2017-07-31,13.1859,92.863,10.260000228881836,52.65,1.3490999937057495,2.2942,8.55960183099137,7.08,6.75,1066.23
2017-08-01,13.273,93.043,10.09000015258789,51.78,1.3410999774932861,2.2532,8.558209622210109,7.075,6.75,1069.0
2017-08-02,13.2056,92.836,10.279999732971191,52.36,1.3589999675750732,2.271,8.54783514310217,7.067,6.75,1069.97
2017-08-03,13.4005,92.839,10.4399995803833,52.01,1.3389999866485596,2.2212,8.577565176766571,7.067,6.75,1064.07
2017-08-04,13.4487,93.542,10.029999732971191,52.42,1.3509000539779663,2.262,8.5817248042963,7.067,6.75,1067.26
2017-08-07,13.2266,93.432,9.930000305175781,52.37,1.3509000539779663,2.253,8.50968084237334,7.067,6.75,1075.36
2017-08-08,13.3782,93.647,10.960000038146973,52.14,1.3508000373840332,2.2619,8.51268766495395,7.058,6.75,1078.53
2017-08-10,13.4633,93.401,16.040000915527344,51.9,1.3245999813079834,2.1975,8.54087374393271,7.058,6.75,1056.21
2017-08-11,13.4682,93.069,15.510000228881836,52.1,1.2940000295639038,2.1888,8.5778181606723,7.058,6.75,1042.8
2017-08-14,13.3243,93.411,12.329999923706055,50.73,1.3181999921798706,2.2185,8.549228543743439,7.058,6.75,1053.65
2017-08-15,13.3156,93.853,12.039999961853027,50.8,1.346500039100647,2.2728,8.54547981582208,7.058,6.75,1052.51
2017-08-16,13.1774,93.541,11.739999771118164,50.27,1.3260999917984009,2.222,8.48679212201434,7.058,6.75,1060.27
2017-08-17,13.2617,93.622,15.550000190734863,51.03,1.2956000566482544,2.1853,8.45470601145008,7.058,6.75,1063.33
2017-08-18,13.1582,93.434,14.260000228881836,52.72,1.305400013923645,2.1939,8.47390741913263,7.058,6.75,1059.54
2017-08-21,13.1742,93.095,13.1899995803833,51.66,1.301200032234192,2.1817,8.47365422676778,7.058,6.75,1063.66
2017-08-22,13.2249,93.545,11.350000381469727,51.87,1.3215999603271484,2.2131,8.485012639814569,7.05,6.75,1072.52
2017-08-23,13.1643,93.147,12.25,52.57,1.3050999641418457,2.166,8.53159047609614,7.05,6.75,1075.6
2017-08-24,13.2002,93.277,12.229999542236328,52.04,1.329699993133545,2.1939,8.52941236755641,7.05,6.75,1082.45
2017-08-25,13.0224,92.74,11.279999732971191,52.41,1.3315000534057617,2.1659,8.54005086518847,7.05,6.75,1085.37
2017-08-28,13.0336,92.207,11.319999694824219,51.89,1.3252999782562256,2.1571,8.53259035503199,7.05,6.75,1085.08
2017-08-29,12.98,92.249,11.699999809265137,52.0,1.315500020980835,2.1292,8.53304318994286,7.05,6.75,1081.23
2017-08-30,13.0326,92.884,11.220000267028809,50.86,1.3255000114440918,2.1309,8.54984890734998,7.05,6.75,1088.0
2017-08-31,13.0032,92.668,10.59000015258789,52.38,1.3255000114440918,2.117,8.53325065101591,7.05,6.75,1087.7
2017-09-01,12.9391,92.814,10.130000114440918,52.75,1.3420000076293945,2.1657,8.465882565588439,7.05,6.75,1091.36
2017-09-04,12.9712,92.635,10.130000114440918,52.34,1.3420000076293945,2.1657,8.48503453425924,7.042,6.75,1083.34
2017-09-05,12.9074,92.252,12.229999542236328,53.38,1.2899999618530273,2.0596,8.43244063471148,7.042,6.75,1084.93
2017-09-06,12.7758,92.29,11.630000114440918,54.2,1.3020999431610107,2.1046,8.40835080967496,7.042,6.75,1083.18
2017-09-07,12.7986,91.663,11.550000190734863,54.49,1.2619999647140503,2.0387,8.39437187923365,7.042,6.75,1090.1
2017-09-08,12.9291,91.352,12.119999885559082,53.78,1.2619999647140503,2.0507,8.36894669792212,7.042,6.75,1091.17
2017-09-11,12.9832,91.875,10.729999542236328,53.84,1.318600058555603,2.1306,8.42513501123597,7.042,6.75,1099.18
2017-09-12,13.0096,91.882,10.579999923706055,54.27,1.3348000049591064,2.1672,8.43448867730136,7.042,6.75,1102.26
2017-09-13,13.1341,92.52,10.5,55.16,1.347100019454956,2.1883,8.42011078560192,7.042,6.75,1099.46
2017-09-14,13.1184,92.124,10.4399995803833,55.47,1.3615000247955322,2.1847,8.4019575223772,7.042,6.75,1099.89
2017-09-15,13.1569,91.872,10.170000076293945,55.62,1.3803000450134277,2.2023,8.39063072737614,7.033,6.75,1102.16
2017-09-18,13.3062,92.047,10.149999618530273,55.48,1.394700050354004,2.2287,8.38332912042974,7.033,6.75,1112.92
2017-09-19,13.3188,91.793,10.180000305175781,55.14,1.4011000394821167,2.2446,8.4174552269216,6.983,6.75,1109.63
2017-09-20,13.3233,92.508,9.779999732971191,56.29,1.4381999969482422,2.2676,8.39426876308227,6.983,6.75,1112.07
2017-09-21,13.2791,92.259,9.670000076293945,56.43,1.4385000467300415,2.2765,8.42972913257888,6.983,6.75,1108.18
2017-09-22,13.2523,92.171,9.59000015258789,56.86,1.430999994277954,2.2499,8.43148759792166,6.992,6.75,1102.25
2017-09-26,13.3738,92.966,10.170000076293945,58.44,1.4356000423431396,2.2357,8.49059868294787,6.992,6.75,1080.11
2017-09-27,13.5884,93.361,9.869999885559082,57.9,1.4707000255584717,2.3103,8.605336665063671,6.992,6.75,1078.57
2017-09-28,13.5148,93.085,9.550000190734863,57.41,1.4507999420166016,2.3085,8.59677176237145,6.992,6.75,1072.38
2017-09-29,13.559,93.076,9.510000228881836,57.54,1.482699990272522,2.3336,8.532991162974241,6.992,6.75,1081.72
2017-10-02,13.601,93.559,9.449999809265137,56.12,1.482800006866455,2.3408,8.58347036063723,6.992,6.75,1082.97
2017-10-03,13.6583,93.569,9.510000228881836,56.0,1.4709999561309814,2.3229,8.63736507729304,6.992,6.75,1097.03
2017-10-04,13.5726,93.458,9.630000114440918,55.8,1.4710999727249146,2.3229,8.58973613358951,6.992,6.75,1101.84
2017-10-05,13.6798,93.961,9.1899995803833,57.0,1.4873000383377075,2.348,8.61979435616608,6.992,6.75,1102.76
2017-10-06,13.7477,93.8,9.649999618530273,55.62,1.503999948501587,2.3589,8.67988251167334,6.992,6.75,1103.12
2017-10-09,13.8089,93.675,10.329999923706055,55.79,1.503999948501587,2.3589,8.75203199449024,6.992,6.75,1100.41
2017-10-10,13.6991,93.29,10.079999923706055,56.61,1.5123000144958496,2.3607,8.65695278404432,7.008,6.75,1112.53
2017-10-11,13.5269,93.015,9.850000381469727,56.94,1.5185999870300293,2.3481,8.66699634460308,7.008,6.75,1117.33
2017-10-12,13.4766,93.057,9.90999984741211,56.25,1.5126999616622925,2.3177,8.67042212535352,7.017,6.75,1121.62
2017-10-13,13.268,93.091,9.609999656677246,57.17,1.492900013923645,2.273,8.6121681736163,7.025,6.75,1125.91
2017-10-16,13.3148,93.312,9.90999984741211,57.82,1.5378999710083008,2.3034,8.62094308586402,7.025,6.75,1131.82
2017-10-17,13.3932,93.486,10.3100004196167,57.88,1.5463000535964966,2.2998,8.72435741041382,7.025,6.75,1125.66
2017-10-18,13.5747,93.363,10.069999694824219,58.15,1.5628999471664429,2.3465,8.7370088909427,7.025,6.75,1126.9
2017-10-19,13.4866,93.266,10.050000190734863,57.23,1.530400037765503,2.3178,8.77531978269433,7.025,6.75,1116.91
2017-10-20,13.6444,93.701,9.970000267028809,57.75,1.576300024986267,2.3845,8.809926751220459,7.025,6.75,1119.69
2017-10-23,13.7077,93.936,11.069999694824219,57.37,1.5642000436782837,2.3664,8.81379554223127,7.025,6.75,1115.89
2017-10-24,13.7478,93.772,11.15999984741211,58.33,1.5809999704360962,2.4189,8.8187571719254,7.025,6.75,1113.32
2017-10-25,14.0529,93.711,11.229999542236328,58.44,1.5950000286102295,2.4317,9.031284088419179,7.025,6.75,1114.09
2017-10-26,14.2416,94.612,11.300000190734863,59.3,1.61489999294281,2.4609,9.20871043132658,7.025,6.75,1108.16
2017-10-27,14.1034,94.916,9.800000190734863,60.44,1.587499976158142,2.4064,9.0769684770198,7.033,6.75,1110.22
2017-10-30,14.0573,94.56,10.5,60.9,1.573699951171875,2.3684,9.0303660278145,7.05,6.75,1115.53
2017-10-31,14.1272,94.552,10.180000305175781,61.37,1.5996999740600586,2.3793,9.04694297737782,7.05,6.75,1119.08
2017-11-01,14.0651,94.815,10.199999809265137,60.49,1.611899971961975,2.3721,8.964703468150969,7.05,6.75,1128.94
2017-11-02,13.9719,94.685,9.930000305175781,60.62,1.6080000400543213,2.345,8.982411296267639,7.05,6.75,1127.31
2017-11-03,14.224,94.941,9.140000343322754,62.07,1.6145000457763672,2.3325,9.20289839308351,7.05,6.75,1126.18
2017-11-06,14.0961,94.757,9.399999618530273,64.27,1.6207000017166138,2.3163,9.206838594440631,7.05,6.75,1131.03
2017-11-07,14.2366,94.913,9.890000343322754,63.69,1.6289000511169434,2.3145,9.12322028224345,7.05,6.75,1134.55
2017-11-08,14.1504,94.866,9.779999732971191,63.49,1.6452000141143799,2.3343,9.19647599110197,7.05,6.75,1134.68
2017-11-09,14.2486,94.444,10.5,63.93,1.6332999467849731,2.3416,9.22342503784658,7.05,6.75,1133.78
2017-11-10,14.3773,94.391,11.289999961853027,63.52,1.654099941253662,2.3984,9.2704609419133,7.05,6.75,1128.49
2017-11-13,14.47,94.49,11.5,63.16,1.680799961090088,2.4055,9.38485987232774,7.05,6.75,1123.26
2017-11-14,14.3702,93.827,11.59000015258789,62.21,1.6871999502182007,2.3717,9.36974539438004,7.05,6.75,1118.32
2017-11-15,14.3849,93.813,13.130000114440918,61.87,1.68340003490448,2.3222,9.315854555330521,7.067,6.75,1111.12
2017-11-16,14.1567,93.932,11.760000228881836,61.36,1.7081999778747559,2.3753,9.284710264745891,7.067,6.75,1125.36
2017-11-17,13.9981,93.662,11.430000305175781,62.72,1.7213000059127808,2.3435,9.260220708453499,7.075,6.75,1136.45
2017-11-20,14.0464,94.08,10.649999618530273,62.22,1.750499963760376,2.3666,9.32506682051983,7.075,6.75,1136.1
2017-11-21,13.9684,93.952,9.729999542236328,62.57,1.7714999914169312,2.3559,9.391567285534611,7.083,6.75,1150.98
2017-11-22,13.8218,93.22,9.880000114440918,63.32,1.726699948310852,2.3187,9.324511040663749,7.1,6.75,1156.67
2017-11-23,13.8834,93.22,9.880000114440918,63.55,1.726699948310852,2.3187,9.27581194797579,7.1,6.75,1152.4
2017-11-24,14.1585,92.782,9.670000076293945,63.86,1.7443000078201294,2.3418,9.26916680543194,7.1,6.75,1154.26
2017-11-27,13.7587,92.904,9.869999885559082,63.84,1.740399956703186,2.3277,9.153973696170139,7.125,6.75,1144.33
2017-11-28,13.6616,93.27,10.029999732971191,63.61,1.746000051498413,2.3277,9.10083345904517,7.125,6.75,1146.5
2017-11-29,13.6569,93.164,10.699999809265137,63.11,1.7619999647140503,2.3882,9.210787808119179,7.125,6.75,1141.38
2017-11-30,13.6981,93.047,11.279999732971191,63.57,1.781999945640564,2.4097,9.28861124830058,7.13,6.75,1120.79
2017-12-01,13.738,92.885,11.430000305175781,63.73,1.7719999551773071,2.3615,9.25967953981959,7.125,6.75,1115.94
2017-12-04,13.5175,93.188,11.680000305175781,62.45,1.8063000440597534,2.3723,9.18113754748912,7.125,6.75,1121.95
2017-12-05,13.4489,93.379,11.329999923706055,62.86,1.8184000253677368,2.3509,9.108745121571191,7.125,6.75,1117.69
2017-12-06,13.514,93.61,11.020000457763672,61.22,1.806399941444397,2.3385,9.10581759934915,7.125,6.75,1101.19
2017-12-07,13.7334,93.795,10.15999984741211,62.2,1.80239999294281,2.3634,9.17429674181937,7.125,6.75,1100.54
2017-12-08,13.6672,93.901,9.579999923706055,63.4,1.7944999933242798,2.376,9.18921049234911,7.125,6.75,1110.78
2017-12-11,13.6029,93.866,9.34000015258789,64.69,1.8188999891281128,2.3886,9.162099537092901,7.125,6.75,1119.97
2017-12-12,13.6757,94.101,9.920000076293945,63.34,1.8271000385284424,2.4011,9.20497484847623,7.125,6.75,1112.37
2017-12-13,13.4538,93.429,10.180000305175781,62.44,1.7742999792099,2.3422,9.16867102851011,7.133,6.75,1118.81
2017-12-14,13.512,93.489,10.489999771118164,63.31,1.8109999895095825,2.3493,9.18086636931106,7.142,6.75,1121.22
2017-12-15,13.0996,93.932,9.420000076293945,63.23,1.835800051689148,2.353,8.97525324065009,7.142,6.75,1118.5
2017-12-18,12.746,93.695,9.529999732971191,63.41,1.8277000188827515,2.3942,8.92262574101567,7.142,6.75,1130.39
2017-12-19,12.7068,93.441,10.029999732971191,63.8,1.8524999618530273,2.4644,8.67980421001914,7.142,6.75,1132.2
2017-12-20,12.7224,93.313,9.720000267028809,64.56,1.8566999435424805,2.497,8.67488408114482,7.142,6.75,1132.85
2017-12-21,12.7618,93.278,9.619999885559082,64.9,1.877500057220459,2.4826,8.703223632904269,7.158,6.75,1134.38
2017-12-22,12.6212,93.347,9.899999618530273,65.25,1.8905999660491943,2.481,8.7265672276783,7.158,6.75,1141.09
2017-12-27,12.2684,93.025,10.470000267028809,66.44,1.8930000066757202,2.4107,8.58979347780123,7.158,6.75,1144.39
2017-12-28,12.3531,92.602,10.180000305175781,66.72,1.907099962234497,2.4305,8.58567915960578,7.158,6.75,1153.58
2017-12-29,12.3828,92.124,11.039999961853027,66.87,1.8830000162124634,2.4054,8.63141074766801,7.158,6.75,1158.45
2018-01-02,12.4589,91.872,9.770000457763672,66.57,1.919100046157837,2.4633,8.6266481958596,7.158,6.75,1177.98
2018-01-03,12.3663,92.162,9.149999618530273,67.84,1.9313000440597534,2.4471,8.64845644552908,7.158,6.75,1184.21
2018-01-04,12.3039,91.853,9.220000267028809,68.07,1.9515000581741333,2.4525,8.610142711779591,7.158,6.75,1192.56
2018-01-05,12.312,91.949,9.220000267028809,67.62,1.9599000215530396,2.4763,8.59206659687701,7.158,6.75,1201.01
2018-01-08,12.385,92.358,9.520000457763672,67.78,1.957900047302246,2.48,8.6428666728601,7.158,6.75,1206.86
2018-01-09,12.3449,92.528,10.079999923706055,68.82,1.9681999683380127,2.553,8.58312796314719,7.158,6.75,1205.14
2018-01-10,12.4359,92.332,9.819999694824219,69.2,1.9723999500274658,2.5568,8.66449720861054,7.158,6.75,1197.53
2018-01-11,12.3913,91.852,9.880000114440918,69.26,1.978600025177002,2.5367,8.62946049401228,7.158,6.75,1197.01
2018-01-12,12.3668,90.974,10.15999984741211,69.87,1.9975999593734741,2.5462,8.597114337969499,7.158,6.75,1208.17
2018-01-15,12.3063,90.974,10.15999984741211,70.26,1.9975999593734741,2.5462,8.53940650942874,7.15,6.75,1210.64
2018-01-16,12.2813,90.393,11.65999984741211,69.15,2.01419997215271,2.5371,8.503433332340341,7.15,6.75,1217.87
2018-01-17,12.2989,90.541,11.90999984741211,69.38,2.043100118637085,2.5904,8.50239480656526,7.15,6.75,1222.62
2018-01-18,12.1314,90.498,12.220000267028809,69.31,2.0434000492095947,2.6256,8.52840227421613,7.15,6.75,1227.52
2018-01-19,12.1962,90.572,11.270000457763672,68.61,2.06469988822937,2.6592,8.52188524022194,7.15,6.75,1232.6
2018-01-22,12.0505,90.401,11.029999732971191,69.03,2.060800075531006,2.65,8.42937894074302,7.142,6.75,1238.5
2018-01-23,12.0324,90.124,11.100000381469727,69.96,2.040299892425537,2.6131,8.40939141083527,7.142,6.75,1252.38
2018-01-24,11.8568,89.206,11.470000267028809,70.53,2.076200008392334,2.6465,8.39249621959295,7.142,6.75,1258.75
2018-01-25,11.8689,89.391,11.579999923706055,70.42,2.084199905395508,2.617,8.42951333940149,7.133,6.75,1263.45
2018-01-26,11.8623,89.067,11.079999923706055,70.52,2.116300106048584,2.6599,8.45832506252204,7.133,6.75,1273.07
2018-01-29,11.9416,89.308,13.84000015258789,69.46,2.116300106048584,2.6936,8.56775522477055,7.133,6.75,1267.98
2018-01-30,11.9643,89.16,14.789999961853027,69.02,2.124300003051758,2.7199,8.563969812725219,7.133,6.75,1247.63
2018-01-31,11.8514,89.133,13.539999961853027,69.05,2.1405999660491943,2.705,8.498751487452259,7.13,6.75,1254.59
2018-02-01,11.8579,88.671,13.470000267028809,69.65,2.160900115966797,2.7896,8.46997317673039,7.133,6.75,1248.65
2018-02-02,12.0876,89.195,17.309999465942383,68.58,2.1412999629974365,2.8411,8.50977857672966,7.133,6.75,1230.84
2018-02-05,12.129,89.554,37.31999969482422,67.62,2.0241000652313232,2.7056,8.507960061919121,7.133,6.75,1209.34
2018-02-06,11.9192,89.585,29.979999542236328,66.86,2.10509991645813,2.8016,8.50819586710834,7.133,6.75,1176.18
2018-02-07,12.0701,90.255,27.729999542236328,65.51,2.123500108718872,2.8359,8.44328804461847,7.133,6.75,1173.38
2018-02-08,12.1683,90.229,33.459999084472656,64.81,2.1033999919891357,2.824,8.457719537211899,7.133,6.75,1163.09
2018-02-09,11.9934,90.442,29.059999465942383,62.79,2.073199987411499,2.8512,8.477961813797789,7.133,6.75,1142.85
2018-02-12,11.9352,90.208,25.610000610351562,62.59,2.0752999782562256,2.8585,8.433959232932601,7.133,6.75,1153.37
2018-02-13,11.965,89.703,24.969999313354492,62.72,2.1040000915527344,2.8294,8.48180060164367,7.133,6.75,1164.49
2018-02-14,11.7164,89.121,19.260000228881836,64.36,2.163599967956543,2.9022,8.44948452976206,7.133,6.75,1185.33
2018-02-15,11.6208,88.593,19.1299991607666,64.33,2.1844000816345215,2.9095,8.27884389667183,7.133,6.75,1202.62
2018-02-16,11.596,89.1,19.459999084472656,64.84,2.189500093460083,2.8749,8.16454502070667,7.133,6.75,1199.73
2018-02-19,11.6702,89.1,19.459999084472656,65.67,2.189500093460083,2.8749,8.13389421978941,7.125,6.75,1201.04
2018-02-20,11.7289,89.716,20.600000381469727,65.25,2.2186999320983887,2.8896,8.13093936245485,7.125,6.75,1194.53
2018-02-21,11.6631,90.0,20.020000457763672,65.42,2.2660999298095703,2.95,8.00750246490947,7.125,6.75,1209.67
2018-02-22,11.6632,89.736,18.719999313354492,66.39,2.246000051498413,2.9207,8.0537982260118,7.125,6.75,1200.9
2018-02-23,11.5592,89.883,16.489999771118164,67.31,2.23799991607666,2.866,8.06397082937506,7.125,6.75,1216.43
2018-02-26,11.5542,89.853,15.800000190734863,67.5,2.22189998626709,2.8623,8.045545385153149,7.125,6.75,1221.08
2018-02-27,11.7187,90.355,18.59000015258789,66.63,2.259999990463257,2.8934,8.12958442174124,7.125,6.75,1212.33
2018-02-28,11.7957,90.613,19.850000381469727,65.78,2.25,2.8606,8.15971066871303,7.13,6.75,1195.19
2018-03-01,11.8917,90.324,22.469999313354492,63.83,2.211699962615967,2.8078,8.1661718541626,7.125,6.75,1192.25
2018-03-02,11.9236,89.935,19.59000015258789,64.37,2.24180006980896,2.8643,8.21108154790663,7.125,6.75,1182.06
2018-03-05,11.8315,90.08,18.729999542236328,65.54,2.237799882888794,2.8808,8.232232981941689,7.125,6.75,1176.12
2018-03-06,11.7732,89.618,18.360000610351562,65.79,2.2499001026153564,2.8863,8.12369460542612,7.125,6.75,1193.93
2018-03-07,11.8356,89.637,17.760000228881836,64.34,2.2518999576568604,2.8827,8.15113766319798,7.125,6.75,1189.2
2018-03-08,11.9091,90.179,16.540000915527344,63.61,2.249799966812134,2.8571,8.12309882930256,7.125,6.75,1195.24
2018-03-09,11.8149,90.093,14.640000343322754,65.49,2.257999897003174,2.8938,8.103347942489899,7.125,6.75,1207.23
2018-03-12,11.8222,89.895,15.779999732971191,64.95,2.26200008392334,2.8681,8.1008852128814,7.125,6.75,1222.2
2018-03-13,11.8168,89.664,16.350000381469727,64.64,2.2539000511169434,2.8426,8.1285331779926,7.125,6.75,1223.83
2018-03-14,11.7757,89.704,17.229999542236328,64.89,2.257999897003174,2.817,8.12609138857624,7.125,6.75,1218.7
2018-03-15,11.8986,90.139,16.59000015258789,65.12,2.284600019454956,2.828,8.16733132975314,7.125,6.75,1216.24
2018-03-16,11.9755,90.233,15.800000190734863,66.21,2.2908999919891357,2.8445,8.16711392601508,7.125,6.75,1213.14
2018-03-19,12.0176,89.765,19.020000457763672,66.05,2.307499885559082,2.8555,8.22576455172397,7.125,6.75,1203.59
2018-03-20,11.9638,90.371,18.200000762939453,67.42,2.3447999954223633,2.8959,8.12363189101806,7.125,6.75,1209.89
2018-03-22,11.8518,89.857,23.34000015258789,68.91,2.278599977493286,2.8244,8.042276974519199,7.125,6.75,1196.73
2018-03-23,11.7473,89.436,24.8700008392334,70.45,2.2537999153137207,2.8135,8.02190806799504,7.125,6.75,1172.1
2018-03-26,11.6337,89.027,21.030000686645508,70.12,2.270400047302246,2.852,7.94378952817255,7.125,6.75,1182.28
2018-03-27,11.6697,89.372,22.5,70.11,2.2641000747680664,2.7753,7.919516325372101,7.125,6.75,1185.17
2018-03-28,11.7771,90.058,22.8700008392334,69.53,2.2841999530792236,2.7807,7.935348819995849,7.125,6.5,1162.67
2018-03-29,11.8388,90.151,19.969999313354492,70.27,2.2660999298095703,2.7389,8.01978812537843,6.867,6.5,1169.27
2018-04-03,11.8213,90.2,21.100000381469727,68.12,2.2781999111175537,2.7753,8.04253285139154,6.883,6.5,1170.15
2018-04-04,11.8827,90.142,20.059999465942383,68.02,2.2923998832702637,2.8027,8.09180898697756,6.892,6.5,1155.64
2018-04-05,11.9788,90.46,18.940000534057617,68.33,2.3025999069213867,2.832,8.05907520859923,6.892,6.5,1166.48
2018-04-06,12.0329,90.108,21.489999771118164,67.11,2.2660999298095703,2.7735,8.07071342995388,6.9,6.5,1161.97
2018-04-09,12.0967,89.838,21.770000457763672,68.65,2.2783000469207764,2.779,8.10593781931707,6.9,6.5,1163.07
2018-04-10,12.0364,89.587,20.469999313354492,71.04,2.3069000244140625,2.8009,8.12483964739565,6.9,6.5,1175.32
2018-04-11,11.9421,89.568,20.239999771118164,72.06,2.306999921798706,2.7808,8.12582365368069,6.9,6.5,1175.53
2018-04-12,12.061,89.751,18.489999771118164,72.02,2.3480000495910645,2.8358,8.10599404047644,6.9,6.5,1176.88
2018-04-13,12.073,89.8,17.40999984741211,72.58,2.356600046157837,2.8267,8.09534909175891,6.9,6.5,1170.09
2018-04-16,12.0525,89.425,16.559999465942383,71.42,2.3773000240325928,2.8267,8.102315815880221,6.9,6.5,1163.25
2018-04-17,11.9864,89.516,15.25,71.58,2.3940000534057617,2.8285,8.09318153034084,6.9,6.5,1164.36
2018-04-18,11.9317,89.623,15.600000381469727,73.48,2.42930006980896,2.8728,8.0443193094708,6.9,6.5,1176.14
2018-04-19,11.9604,89.94,15.960000038146973,73.78,2.427500009536743,2.9098,8.02190599448971,6.9,6.5,1184.13
2018-04-20,12.1075,90.316,16.8799991607666,74.06,2.4572999477386475,2.9602,8.055210551406471,6.9,6.5,1168.24
2018-04-23,12.35,90.946,16.34000015258789,74.71,2.4763998985290527,2.9752,8.174996211178689,6.9,6.5,1158.26
2018-04-24,12.3262,90.766,18.020000457763672,73.86,2.474600076675415,2.9995,8.24147330296115,6.9,6.5,1154.21
2018-04-25,12.4399,91.172,17.84000015258789,74.0,2.487799882888794,3.0259,8.303259363198839,6.9,6.5,1140.27
2018-04-26,12.3981,91.561,16.239999771118164,74.74,2.4816999435424805,2.9809,8.23314835671256,6.9,6.5,1144.34
2018-04-30,12.4608,91.841,15.930000305175781,75.17,2.4879000186920166,2.9531,8.20855649843136,6.9,6.5,1164.43
2018-05-02,12.7067,92.512,15.970000267028809,73.36,2.4881999492645264,2.9663,8.33107304496244,6.9,6.5,1151.44
2018-05-03,12.5863,92.414,15.899999618530273,73.62,2.4762001037597656,2.9458,8.30947154097765,6.9,6.5,1137.85
2018-05-04,12.4991,92.566,14.770000457763672,74.87,2.4969000816345215,2.9497,8.38260407634978,6.9,6.5,1136.17
2018-05-07,12.5421,92.749,14.75,76.17,2.496999979019165,2.9497,8.34574938019112,6.9,6.5,1139.55
2018-05-08,12.57,93.12,14.710000038146973,74.85,2.509399890899658,2.976,8.39177094500794,6.9,6.5,1142.66
2018-05-09,12.5573,93.04,13.420000076293945,77.21,2.5299999713897705,3.0042,8.481218208374749,6.9,6.5,1143.76
2018-05-10,12.301,92.65,13.229999542236328,77.47,2.5302000045776367,2.9622,8.41551755934859,6.9,6.5,1156.55
2018-05-11,12.2576,92.537,12.649999618530273,77.12,2.534899950027466,2.9695,8.37340049345264,6.9,6.5,1164.49
2018-05-14,12.33,92.587,12.930000305175781,78.23,2.547499895095825,3.0024,8.363689998833621,6.9,6.5,1168.9
2018-05-15,12.575,93.219,14.630000114440918,78.43,2.57450008392334,3.0723,8.5045520201284,6.9,6.5,1150.27
2018-05-16,12.436,93.392,13.420000076293945,79.28,2.585099935531616,3.0964,8.48975756837954,6.9,6.5,1155.1
2018-05-17,12.607,93.469,13.430000305175781,79.3,2.56469988822937,3.1112,8.52974529232394,6.9,6.5,1144.07
2018-05-18,12.7643,93.637,13.420000076293945,78.51,2.5467000007629395,3.0559,8.63160047912127,6.9,6.5,1137.75
2018-05-21,12.6747,93.677,13.079999923706055,79.22,2.5655999183654785,3.0596,8.68106366442078,6.9,6.5,1136.49
2018-05-22,12.5717,93.609,13.220000267028809,79.57,2.568000078201294,3.0597,8.5700197656803,6.9,6.5,1142.05
2018-05-23,12.4548,94.003,12.579999923706055,79.8,2.5281999111175537,2.9935,8.53143909878821,6.9,6.5,1133.1
2018-05-24,12.4226,93.775,12.529999732971191,78.79,2.5081000328063965,2.977,8.46871314447319,6.9,6.5,1135.06
2018-05-25,12.5018,94.253,13.220000267028809,76.44,2.475800037384033,2.9313,8.48275353125134,6.9,6.5,1136.62
2018-05-28,12.4652,94.418,13.220000267028809,75.3,2.475800037384033,2.9313,8.46809690973916,6.9,6.5,1137.0
2018-05-29,12.695,94.82,17.020000457763672,75.39,2.3190999031066895,2.781,8.550148671626511,6.908,6.5,1126.25
2018-05-30,12.5218,94.069,14.9399995803833,77.5,2.4114999771118164,2.855,8.5551688929487,6.908,6.5,1112.75
2018-05-31,12.6993,93.979,15.430000305175781,77.59,2.4274001121520996,2.8586,8.56009356459837,6.91,6.5,1120.71
2018-06-01,12.6883,94.156,13.460000038146973,76.79,2.47160005569458,2.9022,8.63055092674079,6.908,6.5,1130.22
2018-06-04,12.5672,94.038,12.739999771118164,75.29,2.5160999298095703,2.9424,8.58699514966935,6.908,6.5,1146.74
2018-06-05,12.7696,93.876,12.399999618530273,75.38,2.49180006980896,2.9277,8.67706901511803,6.908,6.5,1144.44
2018-06-06,12.7101,93.614,11.640000343322754,75.36,2.5160999298095703,2.9717,8.69452206958006,6.908,6.5,1150.17
2018-06-07,12.9759,93.435,12.130000114440918,77.32,2.487600088119507,2.9204,8.810409260230239,6.908,6.5,1149.68
2018-06-08,13.0677,93.535,12.180000305175781,76.46,2.4976999759674072,2.9461,8.945743728025091,6.917,6.5,1135.39
2018-06-11,13.1633,93.608,12.350000381469727,76.46,2.52020001411438,2.9516,8.98024457927332,6.917,6.5,1139.46
2018-06-12,13.3325,93.818,12.34000015258789,75.88,2.5387001037597656,2.9608,9.00752021322567,6.917,6.5,1140.64
2018-06-13,13.3081,93.544,12.9399995803833,76.74,2.567500114440918,2.9663,8.98115475606543,6.917,6.5,1135.68
2018-06-14,13.4548,94.879,12.119999885559082,75.94,2.563499927520752,2.9351,8.94209383096388,6.917,6.5,1125.7
2018-06-15,13.4307,94.788,11.979999542236328,73.44,2.547100067138672,2.9205,9.017170971722098,6.917,6.5,1113.76
2018-06-18,13.6441,94.756,12.3100004196167,75.34,2.5492000579833984,2.9169,9.06018376842546,6.925,6.5,1105.98
2018-06-19,13.7509,95.013,13.350000381469727,75.08,2.5452001094818115,2.8967,9.15322941608603,6.925,6.5,1085.03
2018-06-20,13.6555,95.124,12.789999961853027,74.74,2.5659000873565674,2.9389,9.00321560070183,6.925,6.5,1093.26
2018-06-21,13.5825,94.862,14.640000343322754,73.05,2.536900043487549,2.8967,8.93021627423685,6.933,6.5,1080.19
2018-06-22,13.4373,94.52,13.770000457763672,75.55,2.5411999225616455,2.8949,8.883686629053999,6.933,6.5,1088.0
2018-06-25,13.5432,94.289,17.329999923706055,74.73,2.532900094985962,2.8803,8.915674803402771,6.942,6.5,1071.06
2018-06-26,13.5386,94.676,15.920000076293945,76.31,2.532900094985962,2.8766,8.8956307057303,6.958,6.5,1067.75
2018-06-27,13.8585,95.29,17.90999984741211,77.62,2.503999948501587,2.8256,8.90244278191432,6.958,6.5,1052.12
2018-06-28,13.7705,95.312,16.850000381469727,77.85,2.5100998878479004,2.8365,8.92612529206246,6.958,6.5,1046.71
2018-06-29,13.725,94.47,16.09000015258789,79.44,2.5281999111175537,2.8601,8.836913149641019,6.958,6.5,1069.52
2018-07-02,13.8313,94.871,15.600000381469727,77.3,2.5485000610351562,2.8711,8.8828974125031,6.958,6.5,1059.32
2018-07-03,13.6756,94.591,16.139999389648438,77.76,2.524199962615967,2.8309,8.848821778719069,6.958,6.5,1057.7
2018-07-04,13.6816,94.531,16.139999389648438,78.24,2.524199962615967,2.8309,8.75017787388878,6.958,6.5,1056.07
2018-07-05,13.5365,94.395,14.970000267028809,77.39,2.5506999492645264,2.8291,8.73339053929976,6.958,6.5,1054.35
2018-07-06,13.4719,93.963,13.369999885559082,77.11,2.5364999771118164,2.8217,8.66041125435358,6.958,6.5,1059.97
2018-07-09,13.4111,94.077,12.6899995803833,78.07,2.559000015258789,2.8564,8.6373598097837,6.958,6.5,1075.74
2018-07-10,13.3318,94.158,12.640000343322754,78.86,2.5692999362945557,2.8491,8.683983954109591,6.958,6.5,1076.19
2018-07-11,13.5472,94.719,13.630000114440918,73.4,2.5776000022888184,2.8491,8.716158986929939,6.958,6.5,1064.72
2018-07-12,13.3023,94.827,12.579999923706055,74.45,2.585900068283081,2.8454,8.73499795476318,6.958,6.5,1070.24
2018-07-13,13.2723,94.677,12.180000305175781,75.33,2.578000068664551,2.8271,8.73662507241233,6.958,6.5,1075.64
2018-07-16,13.2225,94.511,12.829999923706055,71.84,2.59660005569458,2.8582,8.70203740419603,6.958,6.5,1070.24
2018-07-17,13.2702,94.985,12.0600004196167,72.16,2.6154000759124756,2.86,8.671377568800349,6.958,6.5,1070.91
2018-07-18,13.2677,95.085,12.100000381469727,72.9,2.609299898147583,2.8692,8.68389623804935,6.958,6.5,1068.75
2018-07-19,13.5379,95.164,12.869999885559082,72.58,2.5906999111175537,2.838,8.731064156671529,6.958,6.5,1060.65
2018-07-20,13.4043,94.476,12.859999656677246,73.07,2.593100070953369,2.8931,8.71719972280848,6.958,6.5,1070.07
2018-07-23,13.4603,94.632,12.619999885559082,73.06,2.628700017929077,2.9541,8.76671218204073,6.958,6.5,1069.52
2018-07-24,13.283,94.613,12.40999984741211,73.44,2.6331000328063965,2.9486,8.72484102940469,6.958,6.5,1080.38
2018-07-25,13.109,94.233,12.289999961853027,73.93,2.6693999767303467,2.9746,8.61959052924022,6.967,6.5,1088.82
2018-07-26,13.2437,94.785,12.140000343322754,74.54,2.68149995803833,2.9764,8.63396550806977,6.967,6.5,1089.17
2018-07-27,13.1723,94.669,13.029999732971191,74.29,2.6693999767303467,2.9542,8.59382293352282,6.967,6.5,1092.36
2018-07-30,13.1554,94.348,14.260000228881836,74.97,2.66129994392395,2.9728,8.60430361368387,6.967,6.5,1090.14
2018-07-31,13.275,94.554,12.829999923706055,74.25,2.6693999767303467,2.9598,8.599795458175869,6.97,6.5,1087.46
2018-08-01,13.2207,94.661,13.149999618530273,72.39,2.6775999069213867,3.0064,8.63556975339234,6.967,6.5,1086.87
2018-08-02,13.449,95.17,12.1899995803833,73.45,2.6633999347686768,2.9859,8.69488765288529,6.967,6.5,1067.42
2018-08-03,13.323,95.161,11.640000343322754,73.21,2.643199920654297,2.9488,8.71405083790161,6.967,6.5,1073.33
2018-08-06,13.4415,95.358,11.270000457763672,73.75,2.64520001411438,2.9395,8.76434241304416,6.967,6.5,1071.0
2018-08-07,13.3329,95.186,10.930000305175781,74.65,2.6696999073028564,2.973,8.71762889558657,6.975,6.5,1079.79
2018-08-08,13.409,95.092,10.850000381469727,72.28,2.6677000522613525,2.96,8.71812219145791,6.975,6.5,1079.73
2018-08-10,14.0934,96.357,13.15999984741211,72.81,2.6041998863220215,2.8732,8.89170236603153,6.975,6.5,1062.37
2018-08-13,14.4194,96.391,14.779999732971191,72.61,2.6124000549316406,2.8786,9.00716127850549,7.0,6.5,1043.3
2018-08-14,14.2481,96.731,13.3100004196167,72.46,2.63700008392334,2.8985,8.96080936435551,7.017,6.5,1042.56
2018-08-15,14.5657,96.696,14.640000343322754,70.76,2.6082000732421875,2.8623,9.02342853072623,7.008,6.5,1023.43
2018-08-16,14.7367,96.645,13.449999809265137,71.43,2.6164000034332275,2.8659,8.997664539310101,7.008,6.5,1021.57
2018-08-17,14.6382,96.101,12.640000343322754,71.83,2.6059000492095947,2.8605,9.05249205197062,7.017,6.5,1022.94
2018-08-20,14.5272,95.9,12.489999771118164,72.21,2.585099935531616,2.819,9.03514985622866,7.017,6.5,1033.65
2018-08-21,14.3938,95.256,12.859999656677246,72.63,2.595400094985962,2.8298,9.00748910454384,7.017,6.5,1044.31
2018-08-22,14.1626,95.146,12.25,74.78,2.591200113296509,2.8189,8.95453919121771,7.017,6.5,1050.61
2018-08-23,14.4054,95.666,12.40999984741211,74.73,2.6161999702453613,2.8261,8.954802267658419,7.017,6.5,1048.2
2018-08-24,14.2484,95.146,11.989999771118164,75.82,2.6201999187469482,2.8098,8.913402272522939,7.008,6.5,1050.19
2018-08-27,14.1637,94.779,12.15999984741211,76.21,2.641200065612793,2.8459,8.89304365712328,7.008,6.5,1069.14
2018-08-28,14.2273,94.72,12.5,75.95,2.6654000282287598,2.8804,8.888738903940869,7.008,6.5,1070.62
2018-08-29,14.3566,94.6,12.25,77.14,2.67549991607666,2.884,8.93718914300808,7.008,6.5,1070.53
2018-08-30,14.7247,94.723,13.529999732971191,77.77,2.649199962615967,2.855,9.01673437434467,7.008,6.5,1057.84
2018-08-31,14.6887,95.14,12.859999656677246,77.42,2.6268999576568604,2.8604,8.97547052988892,7.01,6.5,1055.96
2018-09-03,14.859,95.14,12.859999656677246,78.15,2.6268999576568604,2.8604,9.02503371715241,7.008,6.5,1047.13
2018-09-04,15.3442,95.439,13.15999984741211,78.17,2.6533000469207764,2.8985,9.21715972664539,7.008,6.5,1040.17
2018-09-05,15.4234,95.184,13.90999984741211,77.27,2.6493000984191895,2.9022,9.21516874638966,7.008,6.5,1021.72
2018-09-06,15.3337,95.021,14.649999618530273,76.5,2.632999897003174,2.8731,9.17508972730233,7.008,6.5,1018.29
2018-09-07,15.237,95.365,14.880000114440918,76.83,2.702500104904175,2.9388,9.12885037765133,7.008,6.5,1022.98
2018-09-10,15.1938,95.15,14.15999984741211,77.37,2.7107999324798584,2.9314,9.22056003145489,7.025,6.5,1011.25
2018-09-11,15.0586,95.249,13.220000267028809,79.06,2.743799924850464,2.9755,9.2023601874913,7.025,6.5,1003.33
2018-09-12,14.9553,94.799,13.140000343322754,79.74,2.7481000423431396,2.9626,9.18995473064227,7.033,6.5,1004.56
2018-09-13,14.7716,94.518,12.369999885559082,78.18,2.756500005722046,2.97,9.10663097609051,7.033,6.5,1017.64
2018-09-14,14.9328,94.927,12.069999694824219,78.09,2.7776999473571777,2.9959,9.17794872411642,7.033,6.5,1028.53
2018-09-17,14.917,94.496,13.680000305175781,78.05,2.777899980545044,2.9867,9.25068091156313,7.033,6.5,1016.43
2018-09-18,14.9056,94.64,12.789999961853027,79.03,2.798799991607666,3.0551,9.20875317706543,7.033,6.5,1019.74
2018-09-19,14.6945,94.537,11.75,79.4,2.7906999588012695,3.0626,9.10918019335144,7.033,6.5,1031.07
2018-09-20,14.2875,93.912,11.800000190734863,78.7,2.8034000396728516,3.0626,9.09764553094842,7.025,6.5,1036.93
2018-09-21,14.3212,94.22,11.680000305175781,78.8,2.7999000549316406,3.0628,9.097823253671471,6.992,6.5,1051.43
2018-09-25,14.3537,94.133,12.420000076293945,81.87,2.839099884033203,3.0964,9.163715626024741,6.992,6.5,1041.78
2018-09-26,14.1365,94.193,12.890000343322754,81.34,2.8148000240325928,3.048,9.08759860856815,7.0,6.5,1046.02
2018-09-27,14.1253,94.894,12.40999984741211,81.72,2.826900005340576,3.0518,9.00456454328324,7.008,6.5,1051.3
2018-09-28,14.1415,95.132,12.119999885559082,82.72,2.8187999725341797,3.0612,9.01441308576002,7.0,6.5,1047.91
2018-10-01,14.224,95.298,12.0,84.98,2.8189001083374023,3.0836,9.05896070034569,7.0,6.5,1046.4
2018-10-02,14.358,95.507,12.050000190734863,84.8,2.810800075531006,3.0631,9.11423906326347,7.008,6.5,1033.3
2018-10-03,14.6513,95.762,11.609999656677246,86.29,2.871999979019165,3.1813,9.109240738988749,7.017,6.5,1035.03
2018-10-04,14.8684,95.751,14.220000267028809,84.58,2.868000030517578,3.187,9.21080120100522,7.017,6.5,1010.38
2018-10-05,14.7685,95.624,14.819999694824219,84.16,2.884999990463257,3.2328,9.24406344603679,7.017,6.5,1000.76
2018-10-08,14.8479,95.761,15.6899995803833,83.91,2.884999990463257,3.2328,9.29405064215882,7.017,6.5,995.5
2018-10-09,14.5625,95.668,15.949999809265137,85.0,2.8850998878479004,3.2063,9.24506335943171,7.017,6.5,993.99
2018-10-10,14.7667,95.508,22.959999084472656,83.09,2.842099905014038,3.1629,9.23953313169058,7.025,6.5,985.67
2018-10-11,14.6332,95.017,24.979999542236328,80.26,2.848400115966797,3.1498,9.2822034893202,7.017,6.5,954.66
2018-10-12,14.5185,95.221,21.309999465942383,80.43,2.852799892425537,3.1613,9.25382910740441,7.017,6.5,980.09
2018-10-15,14.368,95.059,21.299999237060547,80.78,2.8550000190734863,3.1557,9.24049947229161,7.025,6.5,971.67
2018-10-16,14.1611,95.048,17.6200008392334,81.41,2.865499973297119,3.1633,9.20311536990638,7.025,6.5,984.66
2018-10-17,14.2473,95.575,17.399999618530273,80.05,2.8884999752044678,3.205,9.16730763525026,7.025,6.5,983.71
2018-10-18,14.4506,95.9,20.059999465942383,79.29,2.8740999698638916,3.1786,9.18899715715844,7.025,6.5,970.9
2018-10-19,14.4142,95.713,19.889999389648438,79.78,2.9038000106811523,3.1921,9.2273449543938,7.025,6.5,971.47
2018-10-22,14.3204,96.013,19.639999389648438,79.83,2.9082000255584717,3.1978,9.18603703480331,7.025,6.5,982.86
2018-10-23,14.2575,95.961,20.709999084472656,76.44,2.878999948501587,3.1676,9.195744111045121,7.025,6.5,960.54
2018-10-24,14.5658,96.434,25.229999542236328,76.17,2.8304998874664307,3.1035,9.36259036960161,7.025,6.5,953.05
2018-10-25,14.623,96.679,24.219999313354492,76.89,2.8466999530792236,3.1167,9.4110127945746,7.017,6.5,948.96
2018-10-26,14.5996,96.359,24.15999984741211,77.62,2.8062000274658203,3.0755,9.36022970113128,7.017,6.5,939.55
2018-10-29,14.7208,96.579,24.700000762939453,77.34,2.8164000511169434,3.0849,9.28616854615456,7.017,6.5,934.8
2018-10-30,14.5952,97.011,23.350000381469727,75.91,2.8506999015808105,3.1227,9.32706762564243,7.017,6.5,936.3
2018-10-31,14.7864,97.127,21.229999542236328,75.47,2.8668999671936035,3.1435,9.417672639252821,7.03,6.5,955.92
2018-11-01,14.4077,96.277,19.34000015258789,72.89,2.8445000648498535,3.1303,9.32304944813148,7.025,6.5,971.44
2018-11-02,14.299,96.542,19.510000228881836,72.83,2.90339994430542,3.2121,9.25346914796477,7.017,6.5,996.72
2018-11-05,14.1558,96.279,19.959999084472656,73.17,2.9075000286102295,3.2008,9.210929525804499,7.017,6.5,992.38
2018-11-06,14.1112,96.317,19.90999984741211,72.13,2.9279000759124756,3.2276,9.19864554306067,7.017,6.5,992.27
2018-11-07,13.9051,95.997,16.360000610351562,72.07,2.956700086593628,3.2355,9.13153041186537,7.017,6.5,997.92
2018-11-08,14.1355,96.724,16.719999313354492,70.65,2.9649999141693115,3.2373,9.20218393419077,7.017,6.5,993.53
2018-11-09,14.3582,96.905,17.360000610351562,70.18,2.924099922180176,3.1819,9.23425950111747,7.017,6.5,976.17
2018-11-12,14.4794,97.542,20.450000762939453,70.12,2.924099922180176,3.1819,9.26546916736201,7.017,6.5,966.41
2018-11-13,14.4569,97.303,20.020000457763672,65.47,2.8910999298095703,3.1397,9.292866316285291,7.017,6.5,966.02
2018-11-14,14.3948,96.803,21.25,66.12,2.866300106048584,3.125,9.225761266971801,7.017,6.5,968.14
2018-11-15,14.1768,96.927,19.979999542236328,66.62,2.8538999557495117,3.1103,9.23542379697628,7.017,6.5,980.85
2018-11-16,13.993,96.465,18.139999389648438,66.76,2.799799919128418,3.0628,9.175175568468811,7.025,6.5,986.3
2018-11-19,14.026,96.193,20.100000381469727,66.79,2.789299964904785,3.0628,9.17374529304957,7.025,6.5,988.31
2018-11-20,14.0941,96.836,22.479999542236328,62.53,2.8036999702453613,3.0628,9.19143476799293,7.025,6.5,972.58
2018-11-21,13.9053,96.712,20.799999237060547,63.48,2.8138999938964844,3.0627,9.111288163813471,7.025,6.5,975.04
2018-11-22,13.752,96.712,20.799999237060547,62.6,2.8138999938964844,3.0627,9.00713221031717,7.025,6.5,975.99
2018-11-23,13.8608,96.916,21.520000457763672,58.8,2.8094000816345215,3.039,9.00180778856052,7.175,6.75,969.17
2018-11-26,13.9082,97.074,18.899999618530273,60.48,2.830199956893921,3.0535,9.04405508931335,7.158,6.75,976.57
2018-11-27,13.9282,97.369,19.020000457763672,60.21,2.832900047302246,3.0572,9.06661308487609,7.158,6.75,980.16
2018-11-28,13.7733,96.786,18.489999771118164,58.76,2.8085999488830566,3.059,9.10144079664858,7.158,6.75,991.67
2018-11-29,13.6684,96.778,18.790000915527344,59.51,2.8085999488830566,3.0298,8.9830542671163,7.15,6.75,998.05
2018-11-30,13.8699,97.272,18.06999969482422,58.71,2.7864999771118164,2.9879,9.00926921361403,7.15,6.75,994.72
2018-12-03,13.6914,97.04,16.440000534057617,61.69,2.8210999965667725,2.9697,8.98881168735666,7.15,6.75,1016.87
2018-12-04,13.8532,96.965,20.739999771118164,62.08,2.7946999073028564,2.9136,8.9947906527867,7.15,6.75,1014.25
2018-12-05,13.8473,97.07,20.739999771118164,61.56,2.7946999073028564,2.9136,9.05919919825332,7.15,6.75,1001.91
2018-12-06,14.0484,96.81,21.190000534057617,60.06,2.759999990463257,2.8955,9.15310609624041,7.15,6.75,978.93
2018-12-07,14.1643,96.514,23.229999542236328,61.67,2.710900068283081,2.845,9.13031965519215,7.15,6.75,981.37
2018-12-10,14.385,97.219,22.639999389648438,59.97,2.7291998863220215,2.8575,9.255108867952199,7.15,6.75,962.79
2018-12-11,14.3438,97.388,21.760000228881836,60.2,2.7641000747680664,2.879,9.26579941265548,7.15,6.75,964.8
2018-12-12,14.1139,97.044,21.459999084472656,60.15,2.7723000049591064,2.9096,9.26882325093953,7.15,6.75,978.9
2018-12-13,14.1813,97.064,20.649999618530273,61.45,2.76200008392334,2.9131,9.26617961661391,7.15,6.75,985.52
2018-12-14,14.398,97.443,21.6299991607666,60.28,2.7330000400543213,2.8895,9.322277695803221,7.15,6.75,971.9
2018-12-18,14.3512,97.104,25.579999923706055,56.26,2.643899917602539,2.8175,9.24463219221594,7.15,6.75,962.98
2018-12-19,14.3895,97.035,25.579999923706055,57.24,2.6458001136779785,2.7548,9.20708841571741,7.15,6.75,967.65
2018-12-20,14.4144,96.276,28.3799991607666,54.35,2.670599937438965,2.8065,9.12265549103207,7.15,6.75,959.79
2018-12-21,14.643,96.956,30.110000610351562,53.82,2.6389000415802,2.7902,9.135239058303469,7.15,6.75,957.33
2018-12-24,14.5835,96.553,36.06999969482422,50.47,2.559299945831299,2.7383,9.12249060901544,7.15,6.75,952.84
2018-12-27,14.4942,96.481,29.959999084472656,52.16,2.5625,2.7666,9.08273257648058,7.15,6.75,952.33
2018-12-28,14.4331,96.402,28.34000015258789,52.2,2.5160999298095703,2.7182,9.02271956725331,7.15,6.75,962.63
2018-12-31,14.3467,96.173,25.420000076293945,53.8,2.487799882888794,2.6842,9.01223579393644,7.15,6.75,965.78
2019-01-02,14.4613,96.819,23.219999313354492,54.91,2.467600107192993,2.6204,9.05509717628519,7.15,6.75,955.78
2019-01-03,14.2983,96.305,25.450000762939453,55.95,2.3785998821258545,2.5535,8.967449155433311,7.15,6.75,949.57
2019-01-04,13.9649,96.179,21.3799991607666,57.06,2.4937000274658203,2.6677,8.91766403098225,7.15,6.75,964.97
2019-01-07,13.8773,95.666,21.399999618530273,57.33,2.540600061416626,2.696,8.896010093813391,7.15,6.75,977.96
2019-01-08,13.9565,95.903,20.469999313354492,58.72,2.5855000019073486,2.728,8.94300749672316,7.15,6.75,975.51
2019-01-09,13.8592,95.219,19.979999542236328,61.44,2.5529000759124756,2.71,8.926577893435441,7.15,6.75,994.41
2019-01-10,13.8539,95.539,19.5,61.68,2.575500011444092,2.7421,8.90365396272059,7.15,6.75,998.67
2019-01-11,13.8405,95.67,18.190000534057617,60.48,2.540800094604492,2.7007,8.899404319411559,7.15,6.75,1001.11
2019-01-14,13.7762,95.61,19.06999969482422,58.99,2.5346999168395996,2.7024,8.94112275977536,7.15,6.75,992.71
2019-01-15,13.738,96.039,18.600000381469727,60.64,2.5346999168395996,2.7112,8.94012881382781,7.15,6.75,1005.11
2019-01-16,13.6923,96.059,19.040000915527344,61.32,2.5408999919891357,2.7218,8.91037883369922,7.15,6.75,1009.39
2019-01-17,13.7219,96.065,18.059999465942383,61.18,2.563699960708618,2.7504,8.928351990275871,7.15,6.75,1008.99
2019-01-18,13.8479,96.336,17.799999237060547,62.7,2.6138999462127686,2.7842,9.01558718361021,7.15,6.75,1018.0
2019-01-21,13.8277,96.336,17.799999237060547,62.74,2.6138999462127686,2.7842,9.03903852931926,7.15,6.75,1018.45
2019-01-22,13.9732,96.303,20.799999237060547,61.5,2.586899995803833,2.7392,8.987226869557329,7.15,6.75,1010.63
2019-01-23,13.8163,96.123,19.520000457763672,61.14,2.582900047302246,2.7409,8.99319813364969,7.15,6.75,1011.56
2019-01-24,13.722,96.601,18.889999389648438,61.09,2.564199924468994,2.7157,8.92675585129238,7.15,6.75,1019.44
2019-01-25,13.6192,95.794,17.420000076293945,61.64,2.606300115585327,2.7585,8.86495572483951,7.15,6.75,1032.34
2019-01-28,13.6653,95.746,18.8700008392334,59.93,2.5896999835968018,2.744,8.918188048176031,7.15,6.75,1028.06
2019-01-29,13.6001,95.821,19.1299991607666,61.32,2.5725998878479004,2.7098,8.91498040192711,7.15,6.75,1029.75
2019-01-30,13.33,95.34,17.65999984741211,61.65,2.5081000328063965,2.6775,8.88563239736407,7.15,6.75,1036.63
2019-01-31,13.2542,95.578,16.56999969482422,61.89,2.4576001167297363,2.6293,8.740543835474469,7.15,6.75,1049.93
2019-02-01,13.3249,95.579,16.139999389648438,62.75,2.5018999576568604,2.6842,8.753884505408289,7.15,6.75,1050.2
2019-02-04,13.4212,95.852,15.729999542236328,62.51,2.536400079727173,2.7235,8.796398027978421,7.15,6.75,1048.05
2019-02-05,13.3749,96.067,15.569999694824219,61.98,2.522200107574463,2.6983,8.75397793293571,7.15,6.75,1051.9
2019-02-06,13.5405,96.39,15.380000114440918,62.69,2.5243000984191895,2.6946,8.77802349394908,7.15,6.75,1048.46
2019-02-07,13.6287,96.507,16.3700008392334,61.63,2.4795000553131104,2.6572,8.77421449988767,7.15,6.75,1041.97
2019-02-08,13.6245,96.637,15.720000267028809,62.1,2.4649999141693115,2.6339,8.77232268331043,7.15,6.75,1036.03
2019-02-11,13.8112,97.057,15.970000267028809,61.51,2.4853999614715576,2.6536,8.9100953108277,7.15,6.75,1035.41
2019-02-12,13.7686,96.709,15.430000305175781,62.42,2.5058999061584473,2.6877,8.93165281681853,7.15,6.75,1042.13
2019-02-13,14.0644,97.129,15.649999618530273,63.61,2.5304999351501465,2.7021,9.03489143781701,7.15,6.75,1041.84
2019-02-14,14.1304,96.978,16.219999313354492,64.57,2.493499994277954,2.6536,9.08170900166711,7.15,6.75,1039.19
2019-02-15,14.0811,96.904,14.90999984741211,66.25,2.5141000747680664,2.6626,9.01263137044099,7.15,6.75,1030.64
2019-02-18,14.1156,96.904,14.90999984741211,66.5,2.5141000747680664,2.6626,9.00710270888271,7.15,6.75,1036.73
2019-02-19,14.0449,96.52,14.880000114440918,66.45,2.4872000217437744,2.6339,9.02228174161894,7.15,6.75,1036.97
2019-02-20,14.0124,96.454,14.020000457763672,67.08,2.497499942779541,2.6447,8.98362216974542,7.15,6.75,1049.32
2019-02-21,14.0244,96.605,14.460000038146973,67.07,2.528599977493286,2.6914,8.98439724979656,7.15,6.75,1050.99
2019-02-22,14.0001,96.507,13.510000228881836,67.12,2.493299961090088,2.6518,8.88612058551786,7.15,6.75,1058.65
2019-02-25,13.8236,96.413,14.850000381469727,64.76,2.5058000087738037,2.6626,8.8732702960765,7.15,6.75,1067.64
2019-02-26,13.8338,96.003,15.170000076293945,65.21,2.4818999767303467,2.6357,8.81359384616226,7.15,6.75,1064.94
2019-02-27,13.9358,96.154,14.699999809265137,66.39,2.497999906539917,2.6825,8.79917522944146,7.15,6.75,1061.26
2019-02-28,14.0849,96.157,14.779999732971191,66.03,2.5141000747680664,2.715,8.86263103270892,7.15,6.75,1050.95
2019-03-01,14.2295,96.527,13.569999694824219,65.07,2.5525999069213867,2.7531,8.913947428266281,7.15,6.75,1051.54
2019-03-04,14.2301,96.682,14.630000114440918,65.67,2.5404999256134033,2.7223,8.88204096454391,7.15,6.75,1053.62
2019-03-05,14.1669,96.866,14.739999771118164,65.86,2.544600009918213,2.7169,8.81444116054437,7.15,6.75,1055.12
2019-03-06,14.2678,96.873,15.739999771118164,65.99,2.5160999298095703,2.6934,8.83227768445818,7.15,6.75,1055.68
2019-03-07,14.5036,97.667,16.59000015258789,66.3,2.473400115966797,2.6393,8.81500711480596,7.15,6.75,1043.56
2019-03-08,14.4391,97.306,16.049999237060547,65.74,2.4609999656677246,2.6285,8.82004912783268,7.15,6.75,1030.13
2019-03-11,14.3393,97.215,14.329999923706055,66.58,2.4751999378204346,2.6393,8.819009830039699,7.15,6.75,1041.15
2019-03-12,14.3519,96.935,13.770000457763672,66.67,2.4505999088287354,2.6015,8.83221327117264,7.15,6.75,1051.52
2019-03-13,14.4227,96.55,13.40999984741211,67.55,2.4647998809814453,2.6213,8.850375305161041,7.15,6.75,1050.46
2019-03-14,14.5378,96.785,13.5,67.23,2.460700035095215,2.6303,8.92149647329211,7.15,6.75,1048.2
2019-03-15,14.4013,96.595,12.880000114440918,67.16,2.4377999305725098,2.5871,8.84844660330404,7.15,6.75,1057.3
2019-03-18,14.4494,96.524,13.100000381469727,67.54,2.4521000385284424,2.6033,8.866370918167,7.15,6.75,1069.26
2019-03-19,14.5059,96.383,13.5600004196167,67.61,2.468600034713745,2.6123,8.942122902709409,7.15,6.75,1070.95
2019-03-20,14.2596,95.761,13.90999984741211,68.5,2.3961000442504883,2.5263,8.916370559744841,7.15,6.75,1068.47
2019-03-22,14.4976,96.651,16.479999542236328,67.03,2.3166000843048096,2.439,8.922661206823811,7.15,6.75,1059.63
2019-03-25,14.3073,96.566,16.329999923706055,67.21,2.2416000366210938,2.3983,8.90157064106187,7.15,6.75,1047.71
2019-03-26,14.416,96.736,14.680000305175781,67.97,2.266200065612793,2.423,8.94182822742451,7.15,6.75,1050.45
2019-03-27,14.5995,96.774,15.149999618530273,67.83,2.200000047683716,2.3665,8.91145599946377,7.15,6.75,1044.1
2019-03-28,14.6077,97.202,14.430000305175781,67.82,2.2358999252319336,2.3946,8.89236151857022,7.15,6.75,1045.21
2019-03-29,14.5012,97.284,13.710000038146973,68.39,2.259999990463257,2.405,8.7977369714146,7.15,6.75,1058.13
2019-04-01,14.1595,97.232,13.399999618530273,69.01,2.3326001167297363,2.5009,8.69805939776253,7.15,6.75,1070.09
2019-04-02,14.2045,97.361,13.359999656677246,69.37,2.3024001121520996,2.4741,8.70770583069537,7.158,6.75,1071.14
2019-04-03,14.1461,97.091,13.739999771118164,69.31,2.3348000049591064,2.5241,8.72970988099385,7.158,6.75,1079.8
2019-04-04,14.1198,97.308,13.579999923706055,69.4,2.336899995803833,2.5151,8.73852122927614,7.158,6.75,1080.73
2019-04-05,14.0931,97.395,12.819999694824219,70.34,2.3392999172210693,2.4954,8.70629430947168,7.158,6.75,1085.14
2019-04-08,14.1108,97.05,13.180000305175781,71.1,2.361799955368042,2.5222,8.71924263290981,7.158,6.75,1088.5
2019-04-09,14.0903,97.006,14.279999732971191,70.61,2.3496999740600586,2.5006,8.6924862241043,7.158,6.75,1093.44
2019-04-10,13.9148,96.946,13.300000190734863,71.73,2.321199893951416,2.4649,8.65853782258897,7.158,6.75,1096.05
2019-04-11,14.0068,97.177,13.020000457763672,70.83,2.3540000915527344,2.497,8.69444539133398,7.158,6.75,1087.49
2019-04-12,13.9667,96.972,12.010000228881836,71.55,2.391400098800659,2.5651,8.69467671689277,7.158,6.75,1089.09
2019-04-15,14.0464,96.942,12.319999694824219,71.18,2.3915998935699463,2.5543,8.68179470048989,7.158,6.75,1086.22
2019-04-16,14.0333,97.043,12.180000305175781,71.72,2.412400007247925,2.5904,8.72993534268203,7.158,6.75,1093.55
2019-04-17,13.9886,97.009,12.600000381469727,71.62,2.4001998901367188,2.594,8.675281108547,7.158,6.75,1096.39
2019-04-18,14.052,97.474,12.09000015258789,71.97,2.380199909210205,2.5596,8.65068278858278,7.158,6.75,1092.52
2019-04-23,14.2566,97.636,12.279999732971191,74.51,2.3638999462127686,2.565,8.74886376084514,7.158,6.75,1089.76
2019-04-24,14.4358,98.173,13.140000343322754,74.57,2.3178000450134277,2.5181,8.780747631966609,7.158,6.75,1084.52
2019-04-25,14.4186,98.203,13.25,74.35,2.331899881362915,2.5325,8.81741699900629,7.158,6.75,1076.71
2019-04-26,14.3917,98.006,12.729999542236328,72.15,2.282099962234497,2.4982,8.77753106841401,7.158,6.75,1078.06
2019-04-29,14.3177,97.857,13.109999656677246,72.04,2.2922000885009766,2.5252,8.75935732989848,7.158,6.75,1082.91
2019-04-30,14.2986,97.479,13.119999885559082,72.8,2.2660999298095703,2.5018,8.77512688005196,7.16,6.75,1079.24
2019-05-02,14.5353,97.832,14.420000076293945,70.75,2.3447999954223633,2.5414,8.83949421700935,7.158,6.75,1078.95
2019-05-03,14.3515,97.52,12.869999885559082,70.85,2.3329999446868896,2.525,8.78965771669425,7.158,6.75,1082.77
2019-05-06,14.4671,97.515,15.4399995803833,71.24,2.2904000282287598,2.4692,8.81023879338548,7.158,6.75,1062.64
2019-05-07,14.4329,97.628,19.31999969482422,69.88,2.28439998626709,2.4566,8.83206506797992,7.158,6.75,1057.05
2019-05-09,14.3458,97.373,19.100000381469727,70.39,2.257999897003174,2.4423,8.80280838148421,7.158,6.75,1028.4
2019-05-10,14.1597,97.33,16.040000915527344,70.62,2.2660999298095703,2.4672,8.71491609547098,7.158,6.75,1033.44
2019-05-13,14.331,97.319,20.549999237060547,70.23,2.1884000301361084,2.4015,8.78532841569193,7.158,6.75,1016.49
2019-05-14,14.243,97.526,18.059999465942383,71.24,2.196500062942505,2.4104,8.75485988084471,7.158,6.75,1014.48
2019-05-15,14.2189,97.569,16.440000534057617,71.77,2.159600019454956,2.3732,8.68242867103252,7.158,6.75,1015.97
2019-05-16,14.289,97.855,15.289999961853027,72.62,2.192199945449829,2.3944,8.73570942802348,7.158,6.75,1011.15
2019-05-17,14.4298,97.995,15.960000038146973,72.21,2.1981000900268555,2.3909,8.800125934276851,7.158,6.75,996.39
2019-05-20,14.3868,97.933,16.309999465942383,71.97,2.2207999229431152,2.4157,8.78133364714105,7.158,6.75,994.08
2019-05-21,14.3938,98.062,14.949999809265137,72.18,2.2537999153137207,2.4264,8.76244611656235,7.158,6.75,998.97
2019-05-22,14.3792,98.041,14.75,70.99,2.2227001190185547,2.382,8.680327263549529,7.158,6.75,998.0
2019-05-23,14.4842,97.856,16.920000076293945,67.76,2.1459999084472656,2.3185,8.6814184471414,7.142,6.75,984.81
2019-05-24,14.4119,97.613,15.850000381469727,68.69,2.164099931716919,2.3202,8.64723373149205,7.133,6.75,986.65
2019-05-27,14.4281,97.613,15.850000381469727,70.11,2.164099931716919,2.3202,8.69588301922616,7.133,6.75,989.15
2019-05-28,14.7346,97.952,17.5,70.11,2.1243999004364014,2.2658,8.723484901595882,7.125,6.75,988.16
2019-05-29,14.6529,98.144,17.899999618530273,69.45,2.1089999675750732,2.2605,8.77178501471661,7.125,6.75,985.44
2019-05-30,14.7313,98.142,17.299999237060547,66.87,2.0608999729156494,2.2133,8.78156280270893,7.117,6.75,994.93
2019-05-31,14.5803,97.75,18.709999084472656,64.49,1.9220999479293823,2.1246,8.7786880502116,7.12,6.75,998.0
2019-06-03,14.4516,97.142,18.860000610351562,61.28,1.8316999673843384,2.071,8.73403527749516,7.117,6.75,1008.34
2019-06-04,14.6623,97.072,16.969999313354492,61.97,1.8833999633789062,2.1296,8.7998863769735,7.108,6.75,1005.43
2019-06-05,14.8778,97.32,16.09000015258789,60.63,1.8568999767303467,2.1348,8.814328381424321,7.108,6.75,1004.68
2019-06-06,14.9949,97.044,15.930000305175781,61.67,1.8787000179290771,2.1174,8.84972823253259,7.067,6.75,1002.75
2019-06-07,14.9515,96.544,16.299999237060547,63.29,1.8494000434875488,2.0809,8.86600823298442,7.058,6.75,1007.39
2019-06-10,14.8253,96.761,15.9399995803833,62.29,1.9035999774932861,2.1484,8.8218032370217,7.058,6.75,1022.03
2019-06-11,14.6675,96.686,15.989999771118164,62.29,1.9297000169754028,2.1431,8.727730310611639,7.058,6.75,1031.85
2019-06-12,14.8717,97.0,15.90999984741211,59.97,1.878600001335144,2.1205,8.73928397073885,7.058,6.75,1026.24
2019-06-13,14.8675,97.013,15.819999694824219,61.31,1.8357000350952148,2.0945,8.76280544383322,7.058,6.75,1022.08
2019-06-14,14.822,97.572,15.279999732971191,62.01,1.840499997138977,2.0804,8.74266912643495,7.058,6.75,1015.08
2019-06-18,14.5233,97.644,15.149999618530273,62.14,1.864300012588501,2.0595,8.67590632657072,7.05,6.75,1023.91
2019-06-19,14.3222,97.117,14.329999923706055,61.82,1.7351000308990479,2.0233,8.56851460045536,7.05,6.75,1038.27
2019-06-20,14.3351,96.629,14.75,64.45,1.777500033378601,2.0284,8.43671459582933,7.033,6.75,1053.78
2019-06-21,14.3346,96.22,15.399999618530273,65.2,1.767799973487854,2.054,8.501266265875861,7.033,6.75,1053.22
2019-06-24,14.3655,95.98,15.260000228881836,64.86,1.7323999404907227,2.0143,8.56281016127966,7.033,6.75,1053.06
2019-06-25,14.3527,96.14,16.280000686645508,65.05,1.7317999601364136,1.985,8.55869653996507,7.033,6.75,1045.3
2019-06-26,14.2271,96.214,16.209999084472656,66.49,1.7689000368118286,2.0468,8.56057834989576,7.033,6.75,1047.91
2019-06-27,14.1688,96.194,15.819999694824219,66.55,1.7448999881744385,2.014,8.52486663482225,7.033,6.75,1054.86
2019-06-28,14.0869,96.13,15.079999923706055,66.55,1.7548999786376953,2.0051,8.49324551618597,7.025,6.75,1054.86
2019-07-01,14.1357,96.844,14.0600004196167,65.06,1.7871999740600586,2.024,8.50726173110713,7.025,6.75,1064.09
2019-07-02,14.0965,96.726,12.930000305175781,62.4,1.761299967765808,1.974,8.55128428314087,7.025,6.75,1063.64
2019-07-03,14.0552,96.768,12.569999694824219,63.82,1.759600043296814,1.9498,8.48631518095847,7.025,6.75,1059.63
2019-07-04,14.0371,96.768,12.569999694824219,63.3,1.759600043296814,1.9498,8.44671883302238,7.025,6.75,1064.63
2019-07-05,14.1766,97.286,13.279999732971191,64.23,1.8593000173568726,2.0338,8.50591289293872,7.025,6.75,1059.93
2019-07-08,14.1738,97.384,13.960000038146973,64.11,1.8899999856948853,2.0476,8.46123567290473,7.017,6.75,1046.25
2019-07-09,14.1792,97.489,14.09000015258789,64.16,1.906599998474121,2.0648,8.43099060888613,7.017,6.75,1042.47
2019-07-10,13.9837,97.104,13.029999732971191,67.01,1.8277000188827515,2.0613,8.43909407066563,7.017,6.75,1048.95
2019-07-11,13.9687,97.05,12.930000305175781,66.52,1.8624999523162842,2.1378,8.368832703968671,7.008,6.75,1055.15
2019-07-12,13.9599,96.81,12.390000343322754,66.72,1.847100019454956,2.1219,8.429811090805819,7.008,6.75,1050.9
2019-07-15,13.9039,96.933,12.680000305175781,66.48,1.8289999961853027,2.0887,8.37193296271746,7.0,6.75,1057.75
2019-07-16,13.9495,97.395,12.859999656677246,64.35,1.8497999906539917,2.1026,8.38022863795787,7.0,6.75,1060.38
2019-07-17,14.0116,97.223,13.970000267028809,63.66,1.8111000061035156,2.0451,8.37063045918882,6.992,6.75,1054.9
2019-07-18,13.8411,96.794,13.529999732971191,61.93,1.7559000253677368,2.0242,8.30590211699439,6.983,6.75,1051.72
2019-07-19,13.9358,97.151,14.449999809265137,62.47,1.8183000087738037,2.0552,8.33799922109323,6.875,6.5,1057.49
2019-07-22,13.8633,97.257,13.529999732971191,63.26,1.8122999668121338,2.0464,8.350181889334038,6.875,6.5,1053.81
2019-07-23,13.9303,97.705,12.609999656677246,63.83,1.837399959564209,2.0812,8.41427658715382,6.85,6.5,1055.49
2019-07-24,13.8792,97.729,12.069999694824219,63.18,1.8178999423980713,2.0428,8.43931440658586,6.842,6.5,1055.34
2019-07-25,14.0812,97.818,12.739999771118164,63.39,1.8638999462127686,2.081,8.50222952576238,6.842,6.5,1054.29
2019-07-26,14.2957,98.01,12.15999984741211,63.46,1.8518999814987183,2.0703,8.692073780622799,6.842,6.5,1048.66
2019-07-29,14.1639,98.044,12.829999923706055,63.71,1.8579000234603882,2.065,8.65872487876894,6.842,6.5,1045.73
2019-07-30,14.2082,98.05,13.9399995803833,64.72,1.845900058746338,2.058,8.64038157605462,6.833,6.5,1043.14
2019-07-31,14.3429,98.516,16.1200008392334,65.17,1.8720999956130981,2.0144,8.65441609240856,6.83,6.5,1037.01
2019-08-01,14.6674,98.369,17.8700008392334,60.5,1.7339999675750732,1.8935,8.69352554559648,6.833,6.5,1024.56
2019-08-02,14.7856,98.074,17.610000610351562,61.89,1.7117999792099,1.8452,8.69064304745174,6.842,6.5,1003.76
2019-08-05,14.9145,97.522,24.59000015258789,59.81,1.5733000040054321,1.7075,8.76311777619031,6.85,6.5,973.0
2019-08-06,14.9289,97.63,20.170000076293945,58.94,1.5829999446868896,1.7023,8.711894326719111,6.85,6.5,972.67
2019-08-07,15.0695,97.544,19.489999771118164,56.23,1.6068999767303467,1.7342,8.72066399447414,6.842,6.5,972.65
2019-08-08,15.0405,97.618,16.90999984741211,57.38,1.6188000440597534,1.7172,8.729768494488619,6.842,6.5,984.3
2019-08-12,15.3019,97.38,21.09000015258789,58.57,1.5836999416351318,1.6454,8.83506714893476,6.842,6.5,974.48
2019-08-13,15.1352,97.812,17.520000457763672,61.3,1.666599988937378,1.7035,8.78820472235232,6.842,6.5,968.87
2019-08-14,15.417,97.987,22.100000381469727,59.48,1.5771000385284424,1.5792,8.82382597979478,6.842,6.5,964.43
2019-08-15,15.2777,98.144,21.18000030517578,58.23,1.4957000017166138,1.5269,8.773189831859721,6.833,6.5,963.52
2019-08-16,15.3058,98.142,18.469999313354492,58.64,1.4763000011444092,1.5538,8.74080275465541,6.833,6.5,970.27
2019-08-19,15.4664,98.347,16.8799991607666,59.74,1.545300006866455,1.6063,8.79008130612566,6.833,6.5,977.73
2019-08-20,15.3645,98.19,17.5,60.03,1.5123000144958496,1.5555,8.75923675476767,6.833,6.5,980.11
2019-08-21,15.1817,98.295,15.800000190734863,60.3,1.5733000040054321,1.5893,8.63597162429423,6.833,6.5,983.14
2019-08-22,15.2479,98.17,16.68,59.92,1.6121,1.6131,8.6416811892233,6.825,6.5,975.66
2019-08-23,15.2496,97.64,19.87,59.34,1.5332,1.5351,8.66001328801706,6.817,6.5,973.66
2019-08-26,15.2886,98.081,19.32,58.7,1.5391,1.5351,8.644611584159389,6.817,6.5,960.81
2019-08-27,15.3103,97.999,20.31,59.51,1.5223,1.4711,8.604377475298799,6.817,6.5,964.59
2019-08-28,15.4132,98.21,19.35,60.49,1.5,1.4794,8.58217086347332,6.817,6.5,965.35
2019-08-29,15.3122,98.507,17.88,61.08,1.52,1.4945,8.58212540764308,6.817,6.5,970.08
2019-08-30,15.1954,98.916,18.98,60.43,1.504,1.4961,8.619957728983211,6.817,6.5,984.33
2019-09-02,15.2514,98.916,18.98,58.66,1.504,1.4961,8.56249392550477,6.808,6.5,983.76
2019-09-03,15.0966,99.0,19.66,58.26,1.452,1.4573,8.54175802982782,6.808,6.5,973.27
2019-09-04,14.8007,98.451,17.33,60.7,1.4319,1.4657,8.486329421643719,6.808,6.5,990.61
2019-09-05,14.8829,98.414,16.27,60.95,1.526,1.5586,8.528997508419039,6.808,6.5,1003.01
2019-09-06,14.805,98.394,15.0,61.54,1.5402,1.5602,8.54369399925983,6.808,6.5,1007.96
2019-09-09,14.7688,98.281,15.27,62.59,1.5928,1.6438,8.53299419614385,6.808,6.5,1010.58
2019-09-10,14.6434,98.326,15.2,62.38,1.676,1.7316,8.53440393606771,6.808,6.5,1008.13
2019-09-11,14.6766,98.645,14.61,60.81,1.6742,1.7385,8.561113316340439,6.808,6.5,1017.04
2019-09-12,14.5995,98.309,14.22,60.38,1.7192,1.7715,8.492913082510741,6.808,6.5,1022.33
2019-09-13,14.579,98.257,13.74,60.22,1.7999,1.8958,8.53170125376393,6.808,6.5,1026.61
2019-09-16,14.6612,98.61,14.67,69.02,1.7593,1.8467,8.608950317715811,6.808,6.5,1027.08
2019-09-17,14.7125,98.261,14.44,64.55,1.7248,1.8013,8.641949021425239,6.808,6.5,1018.93
2019-09-18,14.6872,98.561,13.95,63.6,1.7621,1.7961,8.599410892825759,6.808,6.5,1021.36
2019-09-19,14.8191,98.272,14.05,64.4,1.7378,1.784,8.60101740293068,6.808,6.5,1016.57
2019-09-20,14.935,98.513,15.32,64.28,1.683,1.7215,8.66178936394487,6.8,6.5,1021.26
2019-09-23,14.9012,98.599,14.91,64.77,1.6812,1.7267,8.66469075974112,6.792,6.5,1015.23
2019-09-25,14.9889,99.037,15.96,62.39,1.6795,1.7372,8.74293028689244,6.792,6.5,1005.56
2019-09-26,15.0091,99.132,16.07,62.74,1.6555,1.6921,8.68848740515943,6.792,6.5,1009.3
2019-09-27,15.1275,99.109,17.22,61.91,1.6315,1.6801,8.680117344649311,6.792,6.5,1001.5
2019-09-30,15.1363,99.377,16.24,60.78,1.6217,1.6646,8.70695373295481,6.79,6.5,1001.0
2019-10-01,15.3349,99.128,18.56,58.89,1.5459,1.6353,8.72728052365752,6.792,6.5,998.48
2019-10-02,15.2914,99.019,20.56,57.69,1.478,1.5992,8.66552533925811,6.775,6.5,989.2
2019-10-03,15.1481,98.864,19.12,57.71,1.3901,1.5341,8.633204674535799,6.775,6.5,992.28
2019-10-04,15.0506,98.808,17.04,58.37,1.4036,1.529,8.573126773707571,6.775,6.5,996.58
2019-10-07,15.18,98.967,17.86,58.35,1.4617,1.558,8.603083175490921,6.775,6.5,994.16
2019-10-08,15.2801,99.133,20.28,58.24,1.4194,1.5289,8.66394314464543,6.775,6.5,993.95
2019-10-09,15.172,99.118,18.64,58.32,1.4657,1.5836,8.62126903539183,6.775,6.5,993.01
2019-10-10,15.0498,98.701,17.57,59.1,1.5424,1.6681,8.62154611569934,6.775,6.5,996.5
2019-10-11,14.7756,98.301,15.58,60.51,1.5914,1.729,8.64904714925082,6.775,6.5,1011.54
2019-10-14,14.8169,98.454,14.57,59.35,1.5914,1.729,8.63851079866997,6.775,6.5,1017.45
2019-10-15,14.8907,98.288,13.54,58.74,1.618,1.771,8.65348096245455,6.775,6.5,1019.25
2019-10-16,14.9438,98.002,13.68,59.42,1.5835,1.7395,8.68540667818462,6.775,6.5,1024.08
2019-10-17,14.8333,97.607,13.79,59.91,1.5999,1.7518,8.63996037087692,6.775,6.5,1028.39
2019-10-18,14.791,97.282,14.25,59.42,1.5736,1.7536,8.64895645368593,6.775,6.5,1024.02
2019-10-21,14.7595,97.328,14.0,58.96,1.621,1.7993,8.679316947700789,6.775,6.5,1028.51
2019-10-22,14.5861,97.526,14.46,59.7,1.5944,1.7607,8.62018589701616,6.775,6.5,1034.08
2019-10-23,14.6454,97.491,14.01,61.17,1.5817,1.7642,8.6189939973735,6.775,6.5,1030.95
2019-10-24,14.7012,97.631,13.71,61.67,1.5777,1.766,8.633230328634001,6.775,6.5,1037.41
2019-10-25,14.6269,97.831,12.65,62.02,1.6176,1.7943,8.58273750140588,6.783,6.5,1035.84
2019-10-28,14.5612,97.764,13.11,61.57,1.6435,1.842,8.59051358641566,6.783,6.5,1042.97
2019-10-29,14.6265,97.69,13.2,61.59,1.6415,1.8385,8.62301417904235,6.792,6.5,1043.73
2019-10-30,15.007,97.646,12.33,60.61,1.5976,1.7715,8.84372983865952,6.792,6.5,1041.5
2019-10-31,15.1008,97.352,13.22,60.23,1.5239,1.691,8.90498690311512,6.79,6.5,1041.98
2019-11-01,15.0374,97.239,12.3,61.69,1.552,1.7103,8.96570092680985,6.792,6.5,1049.19
2019-11-04,14.8125,97.505,12.83,62.13,1.5822,1.777,8.82498177112977,6.792,6.5,1064.55
2019-11-05,14.7507,97.983,13.1,62.96,1.6245,1.8584,8.8018703651205,6.792,6.5,1071.22
2019-11-06,14.8142,97.952,12.62,61.74,1.6086,1.8283,8.81423016794327,6.792,6.5,1068.87
2019-11-07,14.742,98.143,12.73,62.29,1.6672,1.9173,8.80125431595276,6.8,6.5,1073.57
2019-11-08,14.8533,98.353,12.07,62.51,1.6742,1.9417,8.87106719939144,6.8,6.5,1064.85
2019-11-11,14.8829,98.2,12.69,62.18,1.6742,1.9417,8.90205000282425,6.8,6.5,1052.88
2019-11-12,14.9426,98.309,12.68,62.06,1.6623,1.9347,8.87080985870937,6.8,6.5,1055.83
2019-11-13,14.9116,98.373,13.0,62.37,1.636,1.886,8.86025349654765,6.798,6.5,1043.83
2019-11-14,14.8254,98.163,13.05,62.28,1.5914,1.8186,8.83631898411841,6.8,6.5,1042.25
2019-11-15,14.7114,97.999,12.05,63.3,1.6101,1.8308,8.795279273971671,6.8,6.5,1048.79
2019-11-18,14.8134,97.794,12.46,62.44,1.598,1.8153,8.83399867711084,6.8,6.5,1052.12
2019-11-19,14.7631,97.856,12.86,60.91,1.5961,1.7826,8.79304208869506,6.8,6.5,1057.16
2019-11-20,14.7808,97.934,12.78,62.4,1.5757,1.7449,8.78571891454352,6.8,6.5,1052.0
2019-11-21,14.6842,97.993,13.13,63.97,1.6046,1.7723,8.78638595342857,6.8,6.5,1044.58
2019-11-22,14.716,98.27,12.34,63.39,1.6277,1.7706,8.85078912312216,6.8,6.5,1048.55
2019-11-25,14.7766,98.323,11.87,63.65,1.6134,1.7551,8.932519617323239,6.8,6.5,1053.47
2019-11-26,14.8017,98.252,11.54,64.27,1.5819,1.7414,8.94659390655878,6.8,6.5,1047.84
2019-11-27,14.7609,98.37,11.75,64.06,1.6259,1.7654,8.88535339727666,6.808,6.5,1052.93
2019-11-28,14.7092,98.37,11.75,63.87,1.6259,1.7654,8.93211293660313,6.808,6.5,1050.39
2019-11-29,14.6706,98.273,12.62,62.43,1.6119,1.7758,8.91867333062355,6.808,6.5,1040.05
2019-12-02,14.5443,97.856,14.91,60.92,1.6,1.8189,8.95894591366759,6.808,6.5,1040.22
2019-12-03,14.6363,97.737,15.96,60.82,1.538,1.7157,8.96317663695235,6.808,6.5,1037.38
2019-12-04,14.5931,97.648,14.8,63.0,1.5721,1.774,8.89755593288342,6.808,6.5,1036.57
2019-12-05,14.6492,97.41,14.52,63.39,1.5923,1.8103,8.92472384281541,6.8,6.5,1042.85
2019-12-06,14.6224,97.7,13.62,64.39,1.6149,1.8363,8.92099293820848,6.8,6.5,1048.96
2019-12-09,14.6715,97.644,15.86,64.25,1.613,1.819,8.88244858621432,6.8,6.5,1051.11
2019-12-10,14.791,97.413,15.68,64.34,1.6517,1.8416,8.9417873076945,6.8,6.5,1049.5
2019-12-11,14.6824,97.078,14.99,63.72,1.6133,1.7914,8.90306265088299,6.8,6.5,1058.23
2019-12-12,14.4955,97.397,13.94,64.2,1.6582,1.8922,8.87579452501757,6.8,6.5,1070.71
2019-12-13,14.531,97.172,12.63,65.22,1.6037,1.8226,8.853369241057809,6.8,6.5,1086.91
2019-12-17,14.3836,97.222,12.29,66.1,1.6224,1.8801,8.83407981220091,6.8,6.5,1102.61
2019-12-18,14.3084,97.4,12.58,66.17,1.6287,1.9169,8.81943238682358,6.8,6.5,1109.18
2019-12-19,14.2248,97.379,12.5,66.54,1.6268,1.9204,8.78401861271495,6.8,6.5,1106.63
2019-12-20,14.2536,97.69,12.51,66.14,1.6294,1.9171,8.75982988842919,6.8,6.5,1107.64
2019-12-23,14.2131,97.658,12.61,66.39,1.6523,1.9294,8.75219870280823,6.8,6.5,1111.64
2019-12-24,14.1592,97.654,12.67,67.2,1.621,1.8996,8.739120520712081,6.8,6.5,1109.07
2019-12-27,14.0304,96.919,13.43,68.16,1.5812,1.8752,8.681823872348419,6.8,6.5,1118.61
2019-12-30,14.1153,96.74,14.82,68.44,1.5653,1.8788,8.72695084564074,6.8,6.5,1118.42
2019-12-31,14.0,96.389,13.78,66.0,1.5691,1.9175,8.762674625082429,6.8,6.5,1114.66
2020-01-02,14.0894,96.846,12.47,66.25,1.569,1.8771,8.72295456136766,6.8,6.5,1128.01
2020-01-03,14.3019,96.838,14.02,68.6,1.5246,1.7881,8.77870327160453,6.8,6.5,1123.87
2020-01-06,14.2117,96.671,13.85,68.91,1.5445,1.809,8.750216178122649,6.8,6.5,1112.53
2020-01-07,14.3119,97.005,13.79,68.27,1.5404,1.8177,8.782654813668,6.8,6.5,1115.84
2020-01-08,14.1615,97.299,13.45,65.44,1.5806,1.8738,8.77161825080341,6.8,6.5,1111.4
2020-01-09,14.2103,97.45,12.54,65.37,1.5785,1.8545,8.776383525582549,6.8,6.5,1129.37
2020-01-10,14.3661,97.356,12.56,64.98,1.5702,1.8196,8.76697550558177,6.8,6.5,1133.63
2020-01-13,14.4059,97.345,12.32,64.2,1.5843,1.8459,8.81203314838301,6.8,6.5,1144.0
2020-01-14,14.4028,97.372,12.39,64.49,1.57,1.8109,8.78981698799281,6.8,6.5,1143.86
2020-01-15,14.3894,97.229,12.42,64.0,1.5536,1.783,8.80173723550029,6.8,6.5,1137.98
2020-01-16,14.4149,97.32,12.32,64.62,1.5657,1.8074,8.76848849694392,6.8,6.5,1140.62
2020-01-17,14.4699,97.606,12.1,64.85,1.5592,1.8215,8.75912691697858,6.592,6.25,1146.83
2020-01-20,14.507,97.606,12.1,65.2,1.5592,1.8215,8.734843044871091,6.567,6.25,1145.68
2020-01-21,14.5023,97.531,12.85,64.59,1.5304,1.7743,8.73507745502263,6.558,6.25,1126.85
2020-01-22,14.3292,97.527,12.91,63.21,1.5283,1.7691,8.73328031520562,6.558,6.25,1133.4
2020-01-23,14.4011,97.693,12.98,62.04,1.5137,1.7325,8.76097911294111,6.558,6.25,1122.19
2020-01-24,14.3939,97.853,14.56,60.69,1.4947,1.6839,8.751057239108551,6.558,6.25,1119.39
2020-01-27,14.61,97.956,18.23,59.32,1.4409,1.608,8.804066739564451,6.558,6.25,1102.98
2020-01-28,14.5506,98.018,16.28,59.51,1.4625,1.6562,8.82131124069544,6.567,6.25,1101.72
2020-01-29,14.6167,97.991,16.39,59.81,1.4128,1.5839,8.75145484042792,6.558,6.25,1097.51
2020-01-30,14.7648,97.867,15.49,58.29,1.4128,1.5856,8.74796530668404,6.558,6.25,1072.79
2020-01-31,15.0282,97.39,18.84,58.16,1.3132,1.5068,8.72521033941824,6.56,6.25,1062.34
2020-02-03,14.8843,97.8,17.97,54.45,1.353,1.5272,8.66012127597145,6.558,6.25,1060.32
2020-02-04,14.7831,97.961,16.05,53.96,1.409,1.5991,8.64746320161138,6.558,6.25,1085.39
2020-02-05,14.7767,98.301,15.15,55.28,1.4431,1.6508,8.59566855882928,6.558,6.25,1089.4
2020-02-06,14.9146,98.496,14.96,54.93,1.4452,1.6422,8.58303330361863,6.558,6.25,1102.38
2020-02-07,15.0636,98.684,15.47,54.47,1.4011,1.5834,8.629793782227999,6.558,6.25,1091.64
2020-02-10,14.9782,98.832,15.04,53.27,1.3931,1.5696,8.67053557986892,6.558,6.25,1086.93
2020-02-11,14.8096,98.721,15.18,54.01,1.4234,1.6006,8.64325240114441,6.558,6.25,1099.41
2020-02-12,14.8524,99.049,13.74,55.79,1.4437,1.6333,8.64172426759031,6.558,6.25,1109.7
2020-02-13,14.9557,99.067,14.15,56.34,1.4438,1.6173,8.655937849976771,6.558,6.25,1106.07
2020-02-14,14.9118,99.124,13.68,57.32,1.4279,1.5848,8.61454878528238,6.558,6.25,1106.3
2020-02-17,14.9875,99.003,13.68,57.67,1.4279,1.5848,8.66355840609324,6.558,6.25,1107.99
2020-02-18,15.007,99.44,14.83,57.75,1.4116,1.561,8.69138492363777,6.558,6.25,1095.66
2020-02-19,14.9833,99.705,14.38,59.12,1.4219,1.5661,8.65308811197962,6.558,6.25,1103.69
2020-02-20,15.1283,99.865,15.56,59.31,1.3892,1.5152,8.62971996430724,6.55,6.25,1095.32
2020-02-21,15.0052,99.262,17.08,58.5,1.3543,1.4713,8.58897052175128,6.542,6.25,1084.22
2020-02-24,15.1499,99.359,25.03,56.3,1.2476,1.3705,8.610129268831,6.542,6.25,1055.32
2020-02-25,15.2148,98.968,27.85,54.95,1.2248,1.3521,8.5739894355049,6.542,6.25,1056.54
2020-02-26,15.3137,98.996,27.56,53.43,1.1647,1.3371,8.480509691664901,6.542,6.25,1043.31
2020-02-27,15.4841,98.508,39.16,52.18,1.0615,1.2607,8.545344010535299,6.508,6.25,1030.67
2020-02-28,15.6609,98.132,40.11,50.52,0.913,1.1486,8.8234540529169,6.508,6.25,1005.52
2020-03-02,15.3794,97.36,33.42,51.9,0.9029,1.1632,8.90686309562647,6.508,6.25,1017.03
2020-03-03,15.4065,97.153,36.82,51.86,0.6991,0.999,8.82897733664565,6.508,6.25,1027.82
2020-03-04,15.2632,97.336,31.99,51.13,0.6926,1.0522,8.63238959828484,6.508,6.25,1037.81
2020-03-05,15.628,96.82,39.62,49.99,0.5973,0.912,8.6252844133982,6.492,6.25,1039.34
2020-03-06,15.679,95.951,41.94,45.27,0.5062,0.7623,8.79790154231925,6.483,6.25,1012.08
2020-03-09,16.0926,94.895,54.46,34.36,0.381,0.5407,8.96031104448261,6.475,6.25,947.92
2020-03-10,15.9432,96.414,47.3,37.22,0.5342,0.803,8.9017600870932,6.467,6.25,964.55
2020-03-11,16.1967,96.507,53.9,35.79,0.5195,0.8695,8.97195687721597,6.467,6.25,946.62
2020-03-12,16.5437,97.468,75.47,33.22,0.481,0.8042,9.47585651121625,6.408,6.25,883.13
2020-03-13,16.276,98.749,57.83,33.85,0.4903,0.9603,9.62827450807128,6.375,6.25,891.19
2020-03-16,16.7045,98.069,82.69,30.05,0.3599,0.7182,10.321289564410801,6.383,6.25,833.18
2020-03-17,16.6205,99.575,75.91,28.73,0.4925,1.0784,10.3163724086283,6.392,6.25,826.68
2020-03-18,17.0954,101.16,76.45,24.88,0.5337,1.1915,10.7997146427118,6.383,6.25,787.81
2020-03-19,17.4669,102.755,72.0,28.47,0.4507,1.1404,11.0413341271268,6.342,5.25,766.41
2020-03-20,17.6099,102.817,66.04,26.98,0.3134,0.8454,11.1447672927799,5.558,5.25,803.23
2020-03-23,17.8369,102.487,61.59,27.03,0.3123,0.7863,11.6925320677483,5.575,5.25,758.2
2020-03-24,17.5226,102.039,61.67,27.15,0.3715,0.8466,11.747239243632599,5.608,5.25,801.66
2020-03-25,17.3346,101.05,63.95,27.39,0.3299,0.8673,11.1723975122361,5.65,5.25,836.54
2020-03-26,17.327,99.352,61.0,26.34,0.2927,0.8447,10.957535619466901,5.658,5.25,851.28
2020-03-27,17.624,98.365,65.54,24.93,0.2418,0.6746,11.108873769785701,5.675,5.25,842.54
2020-03-30,17.9368,99.181,57.08,22.76,0.2281,0.7264,11.1137766535548,5.625,5.25,832.02
2020-03-31,17.8379,99.048,53.54,22.74,0.2455,0.6695,10.5349968563913,5.61,5.25,848.58
2020-04-01,18.229,99.673,57.06,24.74,0.2061,0.5832,10.5938252596531,5.608,5.25,827.26
2020-04-02,18.4676,100.18,50.91,29.94,0.2255,0.597,10.7265431421635,5.608,5.25,838.53
2020-04-03,19.0403,100.576,46.8,34.11,0.2289,0.5948,10.9346772140392,5.608,5.25,831.72
2020-04-06,18.6642,100.685,45.24,33.05,0.2622,0.6698,10.8606782595807,5.608,5.25,853.83
2020-04-07,18.3201,99.9,46.7,31.87,0.2601,0.7122,10.5301053504934,5.608,5.25,878.15
2020-04-08,18.192,100.119,43.35,32.84,0.252,0.7722,10.5510705150312,5.6,5.25,873.85
2020-04-09,18.0338,99.517,41.67,31.48,0.2254,0.7191,10.4078585382227,5.6,5.25,887.58
2020-04-14,18.3234,98.887,37.76,29.6,0.219,0.752,10.064150401588499,5.6,5.25,896.29
2020-04-15,18.6979,99.461,40.84,27.69,0.1969,0.6316,10.1886651330344,4.608,4.25,888.14
2020-04-16,18.8787,100.025,40.11,27.82,0.2066,0.6267,10.0785226057314,4.6,4.25,884.86
2020-04-17,18.8086,99.782,38.15,28.08,0.2019,0.6417,9.92459832065356,4.6,4.25,901.31
2020-04-20,18.8567,99.955,43.83,25.57,0.2016,0.6053,9.9256699771175,4.6,4.25,899.33
2020-04-21,18.9751,100.258,45.41,19.33,0.2034,0.5691,9.96368786676351,4.6,4.25,878.24
2020-04-22,19.0177,100.388,41.98,20.37,0.2133,0.619,10.1268315162527,4.592,4.25,888.64
2020-04-23,19.0815,100.433,41.38,21.33,0.2191,0.6015,10.4140408610921,4.592,4.25,891.81
2020-04-24,19.0444,100.38,35.93,21.44,0.2245,0.6008,10.4793418581565,4.592,4.25,879.41
2020-04-28,18.6654,99.865,33.57,20.46,0.2112,0.6129,10.3503160647174,4.592,4.25,902.7
2020-04-29,18.1676,99.565,31.23,22.54,0.2014,0.6269,10.0982944271607,4.592,4.25,919.66
2020-04-30,18.5264,99.016,34.15,25.27,0.1956,0.6393,9.89804774162161,4.58,4.25,924.94
2020-05-04,18.5877,99.484,35.97,27.2,0.1822,0.6336,9.82374329116053,4.55,4.25,887.98
2020-05-05,18.5188,99.709,33.61,30.97,0.1882,0.6619,9.47613839353987,4.55,4.25,895.74
2020-05-06,18.7829,100.091,34.12,29.72,0.1784,0.703,9.46324427544996,4.542,4.25,898.7
2020-05-07,18.5938,99.889,31.44,29.46,0.1388,0.6409,9.19111461118516,4.542,4.25,896.89
2020-05-08,18.3474,99.734,27.98,30.97,0.1568,0.6831,9.05453543920762,4.542,4.25,911.65
2020-05-11,18.4234,100.236,27.57,29.63,0.1747,0.7099,9.19363480134742,4.533,4.25,915.9
2020-05-12,18.4311,99.933,33.04,29.98,0.1589,0.6651,9.10357197321201,4.533,4.25,909.31
2020-05-13,18.4993,100.242,35.28,29.19,0.1589,0.6525,9.189213368323749,4.508,4.25,909.2
2020-05-14,18.4443,100.466,32.61,31.13,0.147,0.6218,9.39383659105909,4.483,4.25,900.87
2020-05-15,18.59,100.402,31.89,32.5,0.1451,0.6428,9.33398830615271,4.483,4.25,901.16
2020-05-18,18.356,99.665,29.3,34.81,0.1772,0.7257,8.98955238575926,4.45,4.25,912.57
2020-05-19,18.3385,99.371,30.53,34.65,0.1652,0.6882,9.00805723503473,4.4,4.25,925.22
2020-05-20,17.9216,99.124,27.99,35.75,0.1633,0.6801,8.81723259830792,4.367,4.25,931.5
2020-05-21,17.5926,99.37,29.53,36.06,0.1653,0.672,8.70230670233944,4.25,4.25,930.01
2020-05-22,17.6223,99.863,28.16,35.13,0.1676,0.6591,8.957827791229251,4.083,3.75,905.25
2020-05-25,17.6435,99.863,28.16,35.53,0.1676,0.6591,8.88001261449023,4.058,3.75,911.41
2020-05-26,17.4015,98.908,28.01,36.17,0.1717,0.6965,8.86030998810004,4.042,3.75,926.65
2020-05-27,17.3856,99.062,27.62,34.74,0.1799,0.6819,8.814436081727731,4.042,3.75,927.36
2020-05-28,17.5119,98.383,28.59,35.29,0.1701,0.69,8.79164816762569,4.025,3.75,925.34
2020-05-29,17.5465,98.344,27.51,35.33,0.1603,0.6526,8.75473131405707,4.008,3.75,930.35
2020-06-01,17.3683,97.83,28.23,38.32,0.1564,0.6591,8.65095585266478,3.992,3.75,951.48
2020-06-02,17.1628,97.673,26.84,39.57,0.1623,0.6852,8.60829433077539,3.983,3.75,967.48
2020-06-03,16.9271,97.276,25.66,39.79,0.19,0.7458,8.53490943876685,3.983,3.75,988.02
2020-06-04,16.9097,96.677,25.81,39.99,0.194,0.8234,8.58357803574683,3.983,3.75,988.8
2020-06-05,16.879,96.937,24.52,42.3,0.2062,0.8951,8.79739843368843,3.958,3.75,1002.65
2020-06-08,16.6801,96.618,25.81,40.8,0.2261,0.8752,8.88410293131132,3.942,3.75,1007.46
2020-06-09,16.6307,96.324,27.57,41.18,0.2024,0.8253,8.937611970424019,3.942,3.75,1009.61
2020-06-10,16.5259,95.959,27.57,41.73,0.1667,0.7263,8.93331408783154,3.942,3.75,1012.51
2020-06-11,17.1696,96.733,40.79,38.55,0.1967,0.669,8.94486810886366,3.942,3.75,993.59
2020-06-12,17.0784,97.319,36.09,38.73,0.193,0.7034,8.995961071271779,3.942,3.75,987.01
2020-06-15,17.102,96.706,34.4,39.72,0.189,0.7215,9.15341868967246,3.942,3.75,966.32
2020-06-17,17.1995,97.158,33.47,40.71,0.1952,0.738,9.203310124146991,3.942,3.75,994.62
2020-06-18,17.473,97.421,32.94,41.51,0.1933,0.7084,9.09938526719709,3.942,3.75,995.18
2020-06-19,17.3316,97.623,35.12,42.19,0.1855,0.6937,9.00726074844504,3.925,3.75,1001.36
2020-06-22,17.324,97.039,31.77,43.08,0.1917,0.7085,9.06413880037587,3.917,3.75,1000.19
2020-06-23,17.2439,96.646,31.37,42.63,0.1857,0.7118,9.11955005389999,3.917,3.75,1014.62
2020-06-24,17.3761,97.148,33.84,40.31,0.1876,0.679,8.95674661037405,3.917,3.75,1010.79
2020-06-25,17.149,97.429,32.22,41.05,0.1857,0.6856,8.97706665703936,3.917,3.75,1004.44
2020-06-26,17.2956,97.433,34.73,41.02,0.1661,0.6413,8.99220565866289,3.917,3.75,998.9
2020-06-29,17.2738,97.536,31.78,41.71,0.1485,0.6234,8.991507510309251,3.917,3.75,993.96
2020-06-30,17.3512,97.391,30.43,41.15,0.1485,0.6561,9.06620072664933,3.91,3.75,995.1
2020-07-01,17.0461,97.196,28.62,42.03,0.1603,0.6758,9.03209414403411,3.9,3.75,1001.08
2020-07-02,16.9699,97.317,27.68,43.14,0.1526,0.6693,9.05391371868742,3.883,3.75,1023.48
2020-07-03,17.0413,97.172,27.68,42.8,0.1526,0.6693,9.20132641498864,3.883,3.75,1033.09
2020-07-06,16.986,96.725,27.94,43.1,0.1566,0.6759,9.31353922436377,3.883,3.75,1060.5
2020-07-07,17.1672,96.881,29.43,43.08,0.1567,0.6397,9.431793991859221,3.875,3.75,1052.54
2020-07-08,16.9372,96.428,28.08,43.29,0.1587,0.6644,9.45034637111912,3.875,3.75,1070.14
2020-07-09,16.8355,96.7,29.26,42.35,0.1508,0.6135,9.409247664164951,3.875,3.75,1079.69
2020-07-10,16.7873,96.652,27.29,43.24,0.1529,0.6447,9.268775990065201,3.875,3.75,1069.27
2020-07-13,16.8559,96.464,32.19,42.72,0.1509,0.6184,9.22757884058701,3.875,3.75,1071.36
2020-07-14,16.7505,96.259,29.52,42.9,0.157,0.6233,9.2392658284739,3.85,3.75,1059.52
2020-07-15,16.5924,96.081,27.76,43.79,0.155,0.6299,9.16430660806442,3.85,3.75,1066.29
2020-07-16,16.7593,96.346,28.0,43.37,0.145,0.6168,9.16064828697503,3.85,3.75,1046.03
2020-07-17,16.6947,95.942,25.68,43.14,0.1451,0.6266,9.203250244241081,3.842,3.75,1055.06
2020-07-20,16.6382,95.832,24.46,43.28,0.1472,0.6102,9.251448598045341,3.8,3.75,1064.5
2020-07-21,16.4102,95.117,24.84,44.32,0.1411,0.6004,9.13055233252288,3.8,3.75,1085.86
2020-07-22,16.4845,94.988,24.32,44.29,0.1492,0.5971,9.032598224648419,3.792,3.75,1077.78
2020-07-23,16.6652,94.692,26.08,43.31,0.1513,0.5774,8.95824852464871,3.792,3.5,1077.6
2020-07-24,16.6574,94.435,25.84,43.34,0.1473,0.5888,9.01748740900451,3.758,3.5,1060.47
2020-07-27,16.4249,93.668,24.74,43.41,0.1514,0.6151,8.98961100441956,3.758,3.5,1073.14
2020-07-28,16.5226,93.696,25.44,43.22,0.1387,0.579,9.02904868863267,3.742,3.5,1082.02
2020-07-29,16.5423,93.453,24.1,43.75,0.1309,0.5741,9.07106735244683,3.7,3.5,1086.62
2020-07-30,16.7637,93.021,24.76,42.94,0.1172,0.5462,9.12404087649276,3.675,3.5,1082.06
2020-07-31,17.0718,93.349,24.46,43.3,0.1054,0.5282,9.07324764961476,3.66,3.5,1078.92
2020-08-03,17.1948,93.542,24.28,44.15,0.1093,0.5543,9.1105976375746,3.625,3.5,1077.87
2020-08-04,17.3842,93.382,23.76,44.43,0.1073,0.5069,9.1572420294075,3.625,3.5,1089.58
2020-08-05,17.3242,92.868,22.99,45.17,0.1171,0.5477,9.116911106412209,3.617,3.5,1103.03
2020-08-06,17.4242,92.788,22.65,45.09,0.1151,0.5362,9.1066661581467,3.575,3.5,1106.58
2020-08-07,17.6383,93.435,22.21,44.4,0.129,0.564,9.066484942367781,3.525,3.5,1089.32
2020-08-11,17.4743,93.628,24.03,44.5,0.1489,0.6415,9.118492510523609,3.5,3.5,1091.23
2020-08-12,17.4674,93.443,22.28,45.43,0.1609,0.6747,9.115916449133909,3.442,3.5,1093.98
2020-08-13,17.4164,93.335,22.13,44.96,0.1629,0.7208,9.08482831006042,3.442,3.5,1096.18
2020-08-14,17.3876,93.096,22.05,44.8,0.145,0.7094,9.01080096308365,3.442,3.5,1093.16
2020-08-17,17.5152,92.851,21.35,45.37,0.1511,0.6882,9.11203500184241,3.442,3.5,1099.96
2020-08-18,17.3199,92.271,21.51,45.46,0.1431,0.6687,9.1163822632561,3.442,3.5,1104.96
2020-08-19,17.2744,92.887,22.54,45.37,0.1391,0.6801,9.12004934671759,3.442,3.5,1099.41
2020-08-20,17.2712,92.793,22.72,44.9,0.1411,0.6509,9.1045748141361,3.442,3.5,1080.54
2020-08-21,17.1557,93.247,22.54,44.35,0.1432,0.6282,9.09479385980866,3.442,3.5,1091.85
2020-08-24,16.9699,93.298,22.37,45.13,0.1513,0.6542,9.14387204304054,3.442,3.5,1108.23
2020-08-25,16.8559,93.019,22.03,45.86,0.1493,0.6835,9.110592260665861,3.442,3.5,1114.72
2020-08-26,16.8744,93.006,23.27,45.64,0.1504,0.6884,9.138204382655001,3.442,3.5,1119.34
2020-08-27,17.0325,93.001,24.47,45.09,0.1583,0.7522,9.137090294486649,3.442,3.5,1117.22
2020-08-28,16.5956,92.371,22.96,45.05,0.127,0.7211,9.15357128689346,3.442,3.5,1121.6
2020-08-31,16.9416,92.144,26.41,45.28,0.1309,0.7048,9.13887651524126,3.44,3.5,1101.5
2020-09-01,16.6524,92.338,26.12,45.58,0.1309,0.6689,9.01653522663557,3.442,3.5,1120.02
2020-09-02,16.8155,92.847,26.57,44.43,0.1329,0.6477,9.00329025481872,3.442,3.5,1118.9
2020-09-03,16.7295,92.739,33.6,44.07,0.127,0.6347,8.98602374941794,3.442,3.5,1108.85
2020-09-04,16.6016,92.719,30.75,42.66,0.1428,0.718,9.07738177587545,3.442,3.5,1099.5
2020-09-07,16.7405,92.719,30.75,42.01,0.1428,0.718,9.0575113174,3.442,3.5,1094.56
2020-09-08,16.9425,93.445,31.46,39.78,0.1408,0.6788,9.10368186368345,3.442,3.5,1087.51
2020-09-09,16.6096,93.255,28.81,40.79,0.1468,0.7001,9.11498653215446,3.417,3.5,1085.75
2020-09-10,16.9078,93.336,29.71,40.06,0.1389,0.6772,9.14231931652091,3.375,3.5,1085.31
2020-09-11,16.7357,93.333,26.87,39.83,0.127,0.6658,9.180912223139789,3.375,3.5,1091.79
2020-09-14,16.6662,93.052,25.85,39.61,0.137,0.6723,9.13656694459154,3.375,3.5,1104.27
2020-09-15,16.4557,93.05,25.59,40.53,0.139,0.6789,9.09048076613451,3.358,3.5,1112.62
2020-09-16,16.2524,93.214,26.04,42.22,0.137,0.6969,9.0852935791119,3.358,3.5,1116.99
2020-09-17,16.1588,92.97,26.46,43.3,0.135,0.6887,9.03891918070498,3.358,3.5,1106.82
2020-09-18,16.3274,92.926,25.83,43.15,0.1391,0.6937,9.04872777760522,3.367,3.5,1108.53
2020-09-21,16.7822,93.656,27.78,41.44,0.1371,0.6658,9.17171144149194,3.367,3.5,1090.35
2020-09-22,16.8009,93.988,26.86,41.72,0.1351,0.6708,9.24654925189234,3.358,3.5,1082.87
2020-09-23,17.0806,94.389,28.58,41.77,0.1387,0.6724,9.30824447255964,3.358,3.5,1077.7
2020-09-25,17.1313,94.642,26.38,41.92,0.1289,0.6544,9.34638468122679,3.358,3.5,1059.1
2020-09-28,17.0563,94.278,26.19,42.43,0.125,0.6528,9.34396790540065,3.358,3.5,1069.88
2020-09-29,16.9347,93.891,26.27,41.03,0.123,0.6495,9.31172762689983,3.358,3.5,1068.79
2020-09-30,16.7484,93.886,26.37,40.95,0.127,0.684,9.28110451318047,3.35,3.5,1082.0
2020-10-01,16.6087,93.711,26.7,40.93,0.127,0.6774,9.26097644739238,3.358,3.5,1084.83
2020-10-02,16.5283,93.844,27.63,39.27,0.1289,0.7005,9.28377262313293,3.358,3.5,1081.71
2020-10-05,16.5837,93.513,27.96,41.29,0.1447,0.7817,9.33564757777106,3.358,3.5,1091.38
2020-10-06,16.7326,93.686,29.48,42.65,0.1467,0.7353,9.40178731396312,3.358,3.5,1102.47
2020-10-07,16.6263,93.63,28.06,41.99,0.1507,0.7868,9.40997886898911,3.358,3.5,1107.9
2020-10-08,16.5904,93.605,26.36,43.34,0.1508,0.7852,9.38632602380099,3.358,3.5,1117.44
2020-10-09,16.4675,93.057,25.0,42.85,0.1529,0.7737,9.337217788101269,3.358,3.5,1122.51
2020-10-12,16.5117,93.065,25.07,41.72,0.1529,0.7737,9.29560042124683,3.358,3.5,1137.17
2020-10-13,16.4731,93.531,26.07,42.45,0.139,0.7272,9.28299875671367,3.358,3.5,1136.42
2020-10-14,16.5328,93.382,26.4,43.32,0.139,0.7256,9.28249180773763,3.358,3.5,1135.56
2020-10-15,16.6443,93.856,26.97,43.16,0.139,0.7322,9.2819551769013,3.358,3.5,1120.54
2020-10-16,16.5613,93.682,27.41,42.93,0.1431,0.7456,9.21469849456778,3.35,3.5,1124.08
2020-10-19,16.5195,93.427,29.18,42.62,0.1451,0.769,9.1631978302799,3.342,3.5,1127.28
2020-10-20,16.4827,93.067,29.35,43.16,0.1431,0.7857,9.18579031883859,3.333,3.5,1133.94
2020-10-21,16.3258,92.611,28.65,41.73,0.1472,0.8226,9.160871817023839,3.333,3.5,1137.91
2020-10-22,16.2102,92.951,28.11,42.46,0.1533,0.8562,9.13329146904166,3.333,3.5,1136.54
2020-10-23,16.1816,92.768,27.55,41.77,0.1554,0.8429,9.15573871191888,3.333,3.5,1136.45
2020-10-26,16.226,93.045,32.46,40.46,0.1494,0.801,9.15922510873603,3.333,3.5,1130.65
2020-10-27,16.2028,92.94,33.35,41.2,0.1453,0.7676,9.15529551842967,3.333,3.5,1133.99
2020-10-28,16.3778,93.405,40.28,39.12,0.1466,0.771,9.19133957227068,3.333,3.5,1120.75
2020-10-29,16.3976,93.955,37.59,37.65,0.1466,0.823,9.19191515912286,3.333,3.5,1120.1
2020-10-30,16.2439,94.038,38.02,37.46,0.1525,0.8737,9.20993882583828,3.333,3.5,1103.46
2020-11-02,16.2264,94.129,37.13,38.97,0.1545,0.8434,9.27386114210551,3.333,3.5,1114.76
2020-11-03,16.0625,93.553,35.55,39.71,0.1663,0.8993,9.220208675882589,3.333,3.5,1120.88
2020-11-04,15.874,93.407,29.57,41.23,0.1447,0.7629,9.17695770462172,3.333,3.5,1135.26
2020-11-05,15.6866,92.525,27.58,40.93,0.1447,0.7629,8.94461213135976,3.333,3.5,1166.23
2020-11-06,15.6033,92.229,24.86,39.45,0.1527,0.8185,8.92563394468328,3.333,3.5,1176.36
2020-11-09,15.3751,92.725,25.75,42.4,0.1706,0.9235,8.74441549708691,3.333,3.5,1192.37
2020-11-10,15.6272,92.749,24.8,43.61,0.1807,0.9595,8.84883803399327,3.333,3.5,1179.92
2020-11-11,15.6351,93.043,23.45,43.8,0.1807,0.9753,8.83227854499061,3.333,3.5,1178.86
2020-11-12,15.649,92.963,25.35,43.53,0.1768,0.8815,8.83471392938707,3.333,3.5,1182.1
2020-11-13,15.5083,92.755,23.1,42.78,0.179,0.8963,8.87843903389475,3.333,3.5,1188.35
2020-11-16,15.3356,92.642,22.45,43.82,0.1771,0.9061,8.81319591131981,3.333,3.5,1203.04
2020-11-17,15.3977,92.416,22.71,43.75,0.1692,0.857,8.84729054173407,3.333,3.5,1201.43
2020-11-18,15.4571,92.316,23.84,44.34,0.1732,0.8701,8.81359807784529,3.342,3.5,1207.55
2020-11-19,15.4135,92.294,23.11,44.2,0.1612,0.8293,8.811520383368201,3.342,3.5,1200.44
2020-11-20,15.3985,92.392,23.7,44.96,0.1573,0.8243,8.80921572280916,3.35,3.5,1209.26
2020-11-23,15.4151,92.505,22.66,46.06,0.1594,0.8537,8.87088470846694,3.35,3.5,1220.52
2020-11-24,15.2045,92.226,21.64,47.86,0.1602,0.8799,8.86218420858674,3.35,3.5,1225.99
2020-11-25,15.1263,91.994,21.25,48.61,0.1583,0.8816,8.85689544046217,3.358,3.5,1218.29
2020-11-26,15.1838,91.994,21.25,47.8,0.1583,0.8816,8.86853662818771,3.408,3.5,1229.58
2020-11-27,15.2413,91.79,20.84,48.18,0.1524,0.8373,8.933569092235299,3.458,3.5,1230.72
2020-11-30,15.4681,91.869,20.57,47.88,0.1485,0.8389,8.96028403994237,3.49,3.5,1205.07
2020-12-01,15.2498,91.313,20.77,47.42,0.1662,0.926,8.97478572610147,3.508,3.5,1224.0
2020-12-02,15.3151,91.118,21.17,48.25,0.1584,0.936,8.97564859134479,3.517,3.5,1228.71
2020-12-03,15.1753,90.714,21.28,48.71,0.1486,0.9063,8.992606079956559,3.517,3.5,1239.46
2020-12-04,15.2025,90.701,20.79,49.25,0.1507,0.9659,8.96111116833981,3.542,3.5,1251.04
2020-12-07,15.1465,90.792,21.3,48.79,0.1408,0.9228,8.92807636086788,3.542,3.5,1253.39
2020-12-08,14.9851,90.965,20.68,48.84,0.1508,0.9179,8.8642060399478,3.542,3.5,1254.23
2020-12-09,14.968,91.087,22.27,48.86,0.1488,0.9361,8.89643662363183,3.55,3.5,1255.85
2020-12-10,15.0208,90.824,22.52,50.25,0.1369,0.9063,8.91480627572526,3.567,3.5,1255.03
2020-12-11,15.1377,90.976,23.31,49.97,0.115,0.8964,8.79235615897276,3.567,3.5,1257.66
2020-12-14,15.0332,90.711,24.72,50.29,0.115,0.8931,8.79903472466645,3.6,3.5,1250.45
2020-12-15,14.8808,90.473,22.89,50.76,0.113,0.908,8.77360244711657,3.617,3.5,1250.21
2020-12-17,14.6413,89.822,21.93,51.5,0.121,0.9329,8.71944419556719,3.617,3.5,1272.96
2020-12-18,14.54,90.016,21.57,52.26,0.121,0.9462,8.69724439368698,3.625,3.5,1268.36
2020-12-21,14.5928,90.043,25.16,50.91,0.121,0.9346,8.83977082652133,3.633,3.5,1257.01
2020-12-22,14.674,90.654,24.23,50.08,0.1129,0.9164,8.749108541252749,3.633,3.5,1248.7
2020-12-23,14.6008,90.413,23.31,51.2,0.1169,0.943,8.74599163147882,3.633,3.5,1258.1
2020-12-24,14.6112,90.323,21.53,51.29,0.1189,0.9231,8.76018323880632,3.633,3.5,1253.53
2020-12-28,14.6426,90.337,21.7,50.86,0.1189,0.9231,8.76562502585703,3.633,3.5,1252.33
2020-12-29,14.7181,89.994,23.08,51.09,0.125,0.9364,8.85942490231091,3.642,3.5,1266.77
2020-12-30,14.6093,89.68,22.77,51.63,0.1211,0.9231,8.751321230651241,3.642,3.5,1289.03
2020-12-31,14.6947,89.937,22.75,51.8,0.1211,0.9132,8.734966189157909,3.64,3.5,1291.26
2021-01-04,14.7258,89.869,26.97,51.09,0.1132,0.9132,8.67178609246073,3.642,3.5,1304.43
2021-01-05,14.9963,89.436,25.34,53.6,0.1211,0.9549,8.71821887897044,3.642,3.5,1319.97
2021-01-06,15.0692,89.53,25.07,54.3,0.1369,1.0355,8.72077185455208,3.642,3.5,1315.33
2021-01-07,15.4388,89.826,22.37,54.38,0.1369,1.0795,8.822597466605039,3.642,3.5,1322.3
2021-01-08,15.298,90.098,21.56,55.99,0.1329,1.1153,8.818546359958079,3.642,3.5,1353.53
2021-01-11,15.5302,90.465,24.08,55.66,0.1449,1.146,8.85776272632751,3.642,3.5,1349.6
2021-01-12,15.2349,90.093,23.33,56.58,0.1449,1.1291,8.83132214860272,3.65,3.5,1353.57
2021-01-13,15.257,90.355,22.21,56.06,0.143,1.0832,8.80497256233373,3.65,3.5,1364.07
2021-01-14,15.093,90.239,23.25,56.42,0.139,1.1292,8.804539866729598,3.65,3.5,1370.76
2021-01-15,15.2313,90.772,24.34,55.1,0.133,1.0835,8.86708073550512,3.642,3.5,1358.03
2021-01-18,15.157,90.765,24.34,54.75,0.133,1.0835,8.87548567974609,3.642,3.5,1358.98
2021-01-19,14.9857,90.498,23.24,55.9,0.131,1.0886,8.79389151089314,3.642,3.5,1381.31
2021-01-20,14.9051,90.475,21.58,56.08,0.127,1.0802,8.790845782523,3.642,3.5,1400.97
2021-01-21,14.9431,90.131,21.32,56.1,0.1189,1.1058,8.77711840441491,3.642,3.5,1406.07
2021-01-22,15.1476,90.238,21.91,55.41,0.1209,1.0855,8.8057495536096,3.642,3.5,1392.85
2021-01-25,15.2428,90.391,23.19,55.88,0.1149,1.0295,8.835157061416481,3.642,3.5,1410.2
2021-01-26,15.0684,90.17,23.02,55.91,0.1211,1.0347,8.82410868353556,3.642,3.5,1388.76
2021-01-27,15.2764,90.647,37.21,54.97,0.1191,1.0161,8.82027671252867,3.642,3.5,1371.42
2021-01-28,15.2131,90.455,30.21,54.7,0.1172,1.0449,8.82615699924256,3.642,3.5,1350.59
2021-01-29,15.1609,90.584,33.09,55.04,0.1093,1.0655,8.82155288347227,3.642,3.5,1329.57
2021-02-01,15.0694,90.98,30.24,56.35,0.1073,1.0792,8.75918358065936,3.642,3.5,1361.09
2021-02-02,14.966,91.197,25.56,57.46,0.1132,1.0963,8.659602526668959,3.642,3.5,1381.19
2021-02-03,14.9452,91.171,22.91,58.46,0.1171,1.1374,8.548109615537031,3.642,3.5,1392.64
2021-02-04,15.0069,91.529,21.77,58.84,0.1112,1.1392,8.5447640960872,3.642,3.5,1387.61
2021-02-05,14.844,91.042,20.87,59.34,0.1013,1.1635,8.5626800043333,3.642,3.5,1395.35
2021-02-08,14.8767,90.934,21.24,60.56,0.1111,1.1705,8.63024639906908,3.642,3.5,1399.81
2021-02-09,14.7276,90.439,21.63,61.09,0.1151,1.1568,8.67072794448745,3.642,3.5,1409.14
2021-02-10,14.7538,90.371,21.99,61.47,0.1071,1.1225,8.65472185931928,3.642,3.5,1422.94
2021-02-11,14.6274,90.417,21.25,61.14,0.1091,1.1632,8.58321539576462,3.642,3.5,1427.89
2021-02-12,14.5475,90.48,19.97,62.43,0.109,1.2082,8.629001280086129,3.642,3.5,1428.87
2021-02-15,14.4557,90.48,19.97,63.3,0.109,1.2082,8.63499475190226,3.642,3.5,1437.72
2021-02-16,14.6595,90.509,21.46,63.35,0.119,1.3141,8.708635208777011,3.642,3.5,1442.17
2021-02-17,14.652,90.951,21.5,64.34,0.1029,1.2703,8.80423378897491,3.642,3.5,1444.93
2021-02-18,14.5938,90.592,22.49,63.93,0.1049,1.2956,8.816281109992701,3.642,3.5,1425.13
2021-02-19,14.6943,90.364,22.05,62.91,0.1048,1.3364,8.94553860896356,3.642,3.5,1430.03
2021-02-22,14.6792,90.01,23.45,65.24,0.1109,1.3653,9.0779415837744,3.642,3.5,1397.67
2021-02-23,14.5437,90.169,23.11,65.37,0.1108,1.3416,8.93480672169621,3.642,3.5,1398.2
2021-02-24,14.4998,90.176,21.34,65.31,0.123,1.3756,8.83339712254047,3.642,3.5,1376.76
2021-02-25,15.0105,90.134,28.89,65.15,0.172,1.5199,9.01838305022887,3.642,3.5,1383.81
2021-02-26,15.1204,90.879,27.95,64.42,0.127,1.4049,9.02571920043294,3.642,3.5,1339.26
2021-03-01,14.9983,91.039,23.35,63.69,0.1191,1.417,8.983958018560111,3.642,3.5,1362.47
2021-03-02,14.938,90.785,24.1,62.7,0.1211,1.3914,9.055762560053509,3.642,3.5,1359.65
2021-03-03,15.0916,90.947,26.67,64.07,0.1407,1.4808,9.03504831419496,3.642,3.5,1378.02
2021-03-04,15.3027,91.631,28.57,66.74,0.1447,1.564,9.08648491870087,3.642,3.5,1346.34
2021-03-05,15.3579,91.977,24.66,69.36,0.1369,1.5661,9.18895595812637,3.642,3.5,1339.31
2021-03-08,15.5374,92.313,25.47,68.24,0.1626,1.5907,9.41579949448378,3.642,3.5,1308.14
2021-03-09,15.2997,91.958,24.03,67.52,0.1607,1.5263,9.37903632652014,3.642,3.5,1317.85
2021-03-10,15.0739,91.823,22.56,67.9,0.1528,1.5178,9.34112952162115,3.65,3.5,1324.9
2021-03-11,14.8307,91.42,21.91,69.63,0.1389,1.537,9.23243711846987,3.65,3.5,1357.6
2021-03-12,14.9508,91.679,20.69,69.22,0.147,1.6247,9.2999037847304,3.658,3.5,1348.2
2021-03-15,14.8645,91.833,20.03,68.88,0.151,1.6055,9.24001344443495,3.667,3.5,1340.25
2021-03-16,14.8837,91.865,19.79,68.39,0.149,1.6179,9.18482123211183,3.667,3.5,1349.07
2021-03-17,14.6542,91.442,19.23,68.0,0.133,1.6427,9.3137436495664,3.675,3.5,1342.8
2021-03-18,14.75,91.862,21.58,63.28,0.1531,1.7082,9.41777812928397,3.675,3.5,1347.33
2021-03-19,14.7119,91.919,20.95,64.53,0.1492,1.721,9.35082749779977,3.692,3.5,1336.84
2021-03-23,14.8942,92.336,20.3,60.79,0.1452,1.6206,9.39919152747597,3.692,3.5,1323.77
2021-03-24,14.98,92.528,21.2,64.41,0.1465,1.6084,9.44663910080835,3.692,3.5,1298.44
2021-03-25,15.0184,92.848,19.81,61.95,0.1367,1.6332,9.52466003528196,3.692,3.5,1288.42
2021-03-26,14.9844,92.766,18.86,64.57,0.1387,1.676,9.50297259298641,3.675,3.5,1307.48
2021-03-29,14.9144,92.944,20.74,64.16,0.1407,1.7081,9.49067891801292,3.675,3.5,1310.11
2021-03-30,14.9175,93.297,19.61,63.33,0.1465,1.7029,9.55471393442617,3.675,3.5,1319.5
2021-03-31,14.7759,93.232,19.4,62.74,0.1603,1.7404,9.49457726638734,3.68,3.5,1316.43
2021-04-01,14.6225,92.929,17.33,64.86,0.1585,1.6699,9.560883864839061,3.675,3.5,1335.24
2021-04-06,14.5238,92.335,18.12,62.74,0.1566,1.656,9.48359312202604,3.675,3.5,1346.91
2021-04-07,14.5741,92.455,17.16,63.16,0.1527,1.6739,9.36398577213739,3.667,3.5,1338.76
2021-04-08,14.5176,92.059,16.95,63.2,0.1488,1.6192,9.30472063903127,3.667,3.5,1343.36
2021-04-09,14.6112,92.163,16.69,62.95,0.1548,1.6585,9.352548984181839,3.667,3.5,1338.87
2021-04-12,14.576,92.138,16.91,63.28,0.1668,1.6657,9.38487906018546,3.667,3.5,1322.31
2021-04-13,14.5128,91.852,16.65,63.67,0.1589,1.6145,9.40186059072433,3.667,3.5,1323.95
2021-04-14,14.3923,91.69,16.99,66.58,0.161,1.6323,9.2835176117719,3.667,3.5,1336.59
2021-04-15,14.1677,91.671,16.57,66.94,0.159,1.5759,9.179808723613151,3.667,3.5,1341.09
2021-04-16,14.3101,91.556,16.25,66.77,0.1612,1.5798,9.131227651509679,3.675,3.5,1348.69
2021-04-19,14.2222,91.069,17.29,67.05,0.1572,1.6047,9.16115315362037,3.675,3.5,1348.55
2021-04-20,14.306,91.241,18.68,66.57,0.1492,1.5589,9.153735643005021,3.675,3.5,1347.61
2021-04-21,14.2496,91.155,17.5,65.32,0.1472,1.5555,9.15853792146077,3.675,3.5,1336.86
2021-04-22,14.3083,91.333,18.71,65.4,0.1472,1.538,9.1840992190381,3.675,3.5,1341.43
2021-04-23,14.2771,90.859,17.33,66.11,0.1575,1.5577,9.240720146627709,3.675,3.5,1353.02
2021-04-26,14.2772,90.807,17.64,65.65,0.1677,1.5667,9.226524431199989,3.675,3.5,1360.64
2021-04-28,14.2363,90.609,17.28,67.27,0.1641,1.6094,9.27798049899168,3.675,3.5,1364.96
2021-04-29,14.3071,90.614,17.61,68.06,0.1622,1.6343,9.32497186942731,3.675,3.5,1364.54
2021-04-30,14.495,91.28,18.61,66.76,0.1584,1.6259,9.35596912713799,3.68,3.5,1347.61
2021-05-03,14.4027,90.945,18.31,67.56,0.1585,1.5976,9.27361994129101,3.675,3.5,1338.89
2021-05-04,14.4671,91.288,19.48,68.88,0.1585,1.5924,9.23764624751467,3.675,3.5,1334.99
2021-05-05,14.3696,91.308,19.15,68.96,0.1506,1.566,9.21850939427373,3.675,3.5,1333.05
2021-05-06,14.2103,90.951,18.39,68.09,0.1527,1.5696,9.162632476298791,3.675,3.5,1340.8
2021-05-07,14.0574,90.233,16.69,68.28,0.1448,1.5771,9.11887440051006,3.675,3.5,1348.57
2021-05-10,14.0421,90.212,19.66,68.32,0.1528,1.602,9.08056158762746,3.675,3.5,1346.35
2021-05-11,13.9995,90.141,21.84,68.55,0.1588,1.6217,9.06824314984857,3.675,3.5,1329.08
2021-05-12,14.1313,90.713,27.59,69.32,0.1629,1.6916,9.1523516142262,3.675,3.5,1315.25
2021-05-13,14.1163,90.752,23.13,67.05,0.1529,1.6574,9.20195708451381,3.675,3.5,1292.78
2021-05-14,14.1301,90.321,18.81,68.71,0.147,1.6284,9.19333995452875,3.675,3.5,1307.53
2021-05-17,14.0993,90.164,19.72,69.46,0.1531,1.6488,9.21856744969048,3.675,3.5,1311.45
2021-05-18,14.0003,89.75,21.34,68.71,0.1491,1.6369,9.184919565935761,3.675,3.5,1333.18
2021-05-19,14.1045,90.191,22.18,66.66,0.1552,1.671,9.192604121940311,3.675,3.5,1327.54
2021-05-20,13.9747,89.808,20.67,65.11,0.1451,1.625,9.13019628264211,3.675,3.5,1329.31
2021-05-21,13.9619,90.017,20.15,66.44,0.1533,1.6216,9.08106697386345,3.675,3.5,1330.04
2021-05-24,13.9245,89.844,18.4,68.46,0.1493,1.6012,9.06516785013627,3.675,3.5,1326.68
2021-05-25,13.8689,89.639,18.84,68.65,0.1412,1.5588,8.97615267359866,3.683,3.5,1345.49
2021-05-26,13.7606,90.042,17.36,67.97,0.1485,1.5757,8.97178199055943,3.683,3.5,1351.95
2021-05-27,13.7736,89.971,16.74,68.55,0.1446,1.6062,9.020416649647819,3.683,3.5,1354.31
2021-05-28,13.7649,90.031,16.76,68.72,0.1407,1.5943,9.03777620891801,3.683,3.5,1360.78
2021-05-31,13.7373,89.829,16.76,69.32,0.1407,1.5943,9.01737216910128,3.68,3.5,1376.21
2021-06-01,13.7558,89.831,17.9,70.25,0.1466,1.6062,9.00873649145504,3.683,3.5,1390.85
2021-06-02,13.5194,89.909,17.48,71.35,0.1446,1.5875,8.99104636193418,3.683,3.5,1388.47
2021-06-03,13.6391,90.512,18.04,71.31,0.1545,1.625,8.954351671122469,3.683,3.5,1383.57
2021-06-04,13.4316,90.136,16.42,71.89,0.1448,1.5534,8.89373602237577,3.683,3.5,1381.56
2021-06-07,13.508,89.95,16.42,71.49,0.1547,1.5687,8.83958940129212,3.683,3.5,1380.59
2021-06-08,13.5717,90.076,17.07,72.22,0.1508,1.5331,8.8101531994,3.683,3.5,1377.43
2021-06-09,13.7347,90.12,17.89,72.22,0.1548,1.4908,8.781973084448879,3.683,3.5,1372.8
2021-06-10,13.6101,90.075,16.1,72.52,0.1429,1.4318,8.75171614059316,3.683,3.5,1378.85
2021-06-11,13.7163,90.555,15.65,72.69,0.1469,1.4518,8.763981138990449,3.683,3.5,1381.99
2021-06-14,13.7811,90.522,16.39,72.86,0.157,1.494,8.78830452269867,3.683,3.5,1383.19
2021-06-15,13.7724,90.536,17.02,73.99,0.163,1.4922,8.8797579009651,3.683,3.5,1378.27
2021-06-17,14.116,91.889,17.75,73.08,0.2093,1.504,9.01466102223236,3.683,3.5,1362.88
2021-06-18,14.3509,92.225,20.7,73.51,0.2541,1.4381,9.01285355759776,3.692,3.5,1361.25
2021-06-21,14.2343,91.899,17.89,74.9,0.2543,1.4886,9.13409174125008,3.692,3.5,1350.52
2021-06-22,14.2715,91.756,16.66,74.81,0.2281,1.4632,9.11865719432794,3.692,3.5,1346.84
2021-06-23,14.2179,91.802,16.32,75.19,0.2622,1.4852,9.03622308761274,3.692,3.5,1360.5
2021-06-24,14.2089,91.814,15.97,75.56,0.2681,1.4919,9.00672192446855,3.683,3.5,1367.39
2021-06-25,14.1466,91.851,15.62,76.18,0.2661,1.5241,9.06723369114042,3.683,3.5,1379.59
2021-06-28,14.26,91.887,15.76,74.17,0.2543,1.4765,9.07365563491543,3.683,3.5,1380.9
2021-06-29,14.3531,92.049,16.02,74.25,0.2504,1.4697,9.071056272261881,3.683,3.5,1377.15
2021-06-30,14.2854,92.436,15.83,74.62,0.2486,1.468,9.02282754204062,3.69,3.5,1374.64
2021-07-01,14.4336,92.597,15.48,75.84,0.2527,1.4578,9.080934310164281,3.692,3.5,1368.22
2021-07-02,14.2509,92.226,15.07,76.17,0.2336,1.4238,9.0585916410343,3.692,3.5,1355.38
2021-07-05,14.2625,92.212,15.07,77.16,0.2336,1.4238,9.03132620110682,3.692,3.5,1354.47
2021-07-06,14.381,92.546,16.44,74.53,0.2179,1.3481,9.044448705375869,3.692,3.5,1346.58
2021-07-07,14.3113,92.644,16.2,73.43,0.2141,1.3163,9.029339198661681,3.692,3.5,1340.68
2021-07-08,14.3394,92.417,19.0,74.12,0.1944,1.2928,9.02899806987138,3.692,3.5,1316.25
2021-07-09,14.2182,92.13,16.18,75.55,0.2126,1.3595,9.01082337580525,3.692,3.5,1318.17
2021-07-12,14.403,92.261,16.17,75.16,0.2267,1.3645,9.03620345376296,3.692,3.5,1326.83
2021-07-13,14.7293,92.752,17.12,76.49,0.2528,1.4166,9.13595453126504,3.692,3.5,1339.51
2021-07-14,14.4762,92.41,16.33,74.76,0.223,1.3459,9.14640904162042,3.692,3.5,1338.13
2021-07-15,14.5811,92.624,17.01,73.47,0.2231,1.2989,9.10357274289648,3.692,3.5,1348.48
2021-07-16,14.4307,92.687,18.45,73.59,0.2215,1.2903,9.08648952589833,3.692,3.5,1340.08
2021-07-19,14.5682,92.891,22.5,68.62,0.2156,1.1888,9.12740944029899,3.692,3.5,1317.22
2021-07-20,14.6015,92.973,19.73,69.35,0.1996,1.2218,9.120785475659709,3.683,3.5,1311.07
2021-07-21,14.5939,92.754,17.91,72.23,0.2078,1.2884,9.11655037596403,3.683,3.5,1312.15
2021-07-22,14.6929,92.822,17.69,73.79,0.1998,1.2783,9.15563272154866,3.683,3.5,1326.38
2021-07-23,14.8503,92.912,17.2,74.1,0.1981,1.2763,9.12661315016573,3.683,3.5,1311.3
2021-07-26,14.7947,92.649,17.58,74.5,0.1941,1.2896,9.04688320492873,3.683,3.5,1279.99
2021-07-27,14.7887,92.432,19.36,74.48,0.2035,1.2411,9.0433897365001,3.683,3.5,1252.43
2021-07-28,14.749,92.322,18.31,73.84,0.2016,1.2327,9.083045149436849,3.683,3.5,1268.21
2021-07-29,14.5564,91.864,17.7,75.13,0.2035,1.2693,9.049094101959,3.683,3.5,1295.41
2021-07-30,14.6019,92.174,18.24,75.41,0.1839,1.2223,8.99897443306364,3.683,3.5,1277.8
2021-08-02,14.4724,92.048,19.46,72.89,0.1722,1.1773,8.95261908283406,3.683,3.5,1293.11
2021-08-03,14.3124,92.081,18.04,72.41,0.1703,1.1722,8.99712792023471,3.683,3.5,1294.18
2021-08-04,14.3855,92.27,17.97,70.38,0.1802,1.182,9.02722763802576,3.683,3.5,1303.99
2021-08-05,14.5092,92.244,17.28,71.29,0.198,1.2235,9.03909883831869,3.683,3.5,1300.09
2021-08-06,14.6308,92.8,16.15,70.7,0.2083,1.2969,9.11986889314515,3.683,3.5,1292.53
2021-08-10,14.8016,93.055,16.79,70.63,0.2383,1.349,9.131191403096919,3.675,3.5,1300.33
2021-08-11,14.6623,92.922,16.06,71.44,0.2186,1.3303,9.13852324903848,3.675,3.5,1297.58
2021-08-12,14.7818,93.035,15.59,71.31,0.2227,1.359,9.09379861779699,3.675,3.5,1290.91
2021-08-13,14.7347,92.518,15.45,70.59,0.2071,1.2767,9.046090512283959,3.675,3.5,1280.86
2021-08-16,14.8427,92.628,16.12,69.51,0.2092,1.265,9.06793292498635,3.675,3.5,1272.19
2021-08-17,14.9107,93.13,17.91,69.03,0.2133,1.2617,9.060106057604619,3.675,3.5,1255.78
2021-08-18,14.9806,93.136,21.57,68.23,0.2155,1.2583,9.05174206488551,3.675,3.5,1261.6
2021-08-19,15.2122,93.568,21.67,66.45,0.2196,1.2433,9.1111768434508,3.675,3.5,1232.41
2021-08-20,15.2953,93.496,18.56,65.18,0.2241,1.255,9.11015976352853,3.675,3.5,1220.78
2021-08-23,15.1259,92.958,17.15,68.75,0.2242,1.2517,9.05823676629327,3.675,3.5,1237.53
2021-08-24,15.0004,92.893,17.22,71.05,0.2223,1.2935,9.047936080491679,3.675,3.5,1270.01
2021-08-25,14.952,92.825,16.79,72.25,0.2386,1.339,9.02931349672617,3.675,3.5,1275.31
2021-08-26,14.9357,93.062,18.84,71.07,0.2406,1.3491,9.02750765386519,3.675,3.5,1266.13
2021-08-27,14.7229,92.686,16.39,72.7,0.2151,1.307,8.9818495648703,3.667,3.5,1272.67
2021-08-30,14.6734,92.653,16.19,73.41,0.2014,1.2785,8.94521902612043,3.667,3.5,1285.39
2021-08-31,14.5242,92.626,16.48,72.99,0.2093,1.3088,8.94538693890504,3.67,3.5,1308.67
2021-09-01,14.4132,92.449,16.11,71.59,0.2094,1.2936,8.9460344758145,3.667,3.5,1312.44
2021-09-02,14.465,92.225,16.41,73.03,0.2056,1.2835,8.92898730675487,3.667,3.5,1311.91
2021-09-03,14.3126,92.035,16.41,72.61,0.2061,1.3223,8.97113084206732,3.667,3.5,1315.91
2021-09-06,14.2377,92.035,16.41,72.22,0.2061,1.3223,8.99605952810097,3.667,3.5,1324.37
2021-09-07,14.3152,92.512,18.14,71.69,0.2201,1.3732,9.04121214331712,3.667,3.5,1325.65
2021-09-08,14.1895,92.653,17.96,72.6,0.2162,1.3376,9.00933973860028,3.667,3.5,1313.6
2021-09-09,14.2103,92.479,18.8,71.45,0.2124,1.2971,9.02847271638503,3.667,3.5,1299.97
2021-09-10,14.2086,92.582,20.95,72.92,0.2127,1.3411,9.038247847740461,3.667,3.5,1308.94
2021-09-13,14.1433,92.675,19.37,73.51,0.2129,1.3259,9.07895619954126,3.675,3.5,1301.54
2021-09-14,14.3287,92.623,19.46,73.6,0.207,1.2836,9.09124275149883,3.675,3.5,1296.15
2021-09-15,14.4111,92.548,18.18,75.46,0.2111,1.2988,9.12460712307653,3.675,3.5,1288.68
2021-09-16,14.5977,92.932,18.69,75.67,0.2193,1.3378,9.103410833782801,3.675,3.5,1276.78
2021-09-17,14.718,93.195,20.81,75.34,0.2217,1.3616,9.17551180413234,3.675,3.5,1279.35
2021-09-20,14.7832,93.276,25.71,73.92,0.2158,1.3107,9.24293806712576,3.675,3.5,1258.23
2021-09-21,14.84,93.204,24.36,74.36,0.2139,1.3226,9.24611502761948,3.675,3.5,1261.4
2021-09-22,14.8078,93.462,20.87,76.19,0.2363,1.3006,9.25645490143817,3.675,3.5,1262.79
2021-09-23,14.75,93.085,18.63,77.25,0.2608,1.4301,9.275321735393579,3.675,3.5,1272.52
2021-09-27,14.9648,93.383,18.76,79.53,0.2779,1.4871,9.42213600389475,3.675,3.5,1267.36
2021-09-28,15.1068,93.766,23.25,79.09,0.301,1.5374,9.46004566377257,3.675,3.5,1260.89
2021-09-29,15.1888,94.338,22.56,78.64,0.2892,1.5167,9.4262852639306,3.675,3.5,1251.28
2021-09-30,15.0683,94.23,23.14,78.52,0.2755,1.4873,9.39645566106962,3.68,3.5,1253.1
2021-10-01,14.8839,94.035,21.15,79.28,0.2638,1.4616,9.40274252023079,3.675,3.5,1246.6
2021-10-04,15.0443,93.776,22.96,81.26,0.2776,1.4789,9.56372445731965,3.675,3.5,1236.41
2021-10-05,14.9996,93.975,21.3,82.56,0.2836,1.5258,9.666305467416949,3.675,3.5,1236.51
2021-10-06,14.975,94.266,21.0,81.08,0.2935,1.5206,9.645654671296459,3.675,3.5,1227.13
2021-10-07,14.9578,94.217,19.54,81.95,0.3055,1.5729,9.57687757270623,3.683,3.5,1253.28
2021-10-08,14.9277,94.067,18.77,82.39,0.3178,1.6118,9.62838469900293,3.683,3.5,1257.04
2021-10-11,15.0667,94.316,20.0,83.65,0.3178,1.6118,9.68319776059284,3.683,3.5,1265.65
2021-10-12,14.9795,94.516,19.85,83.42,0.3379,1.5769,9.65107233439168,3.683,3.5,1253.63
2021-10-13,14.807,94.08,18.64,83.18,0.358,1.5368,9.50019224948714,3.683,3.5,1260.23
2021-10-14,14.7874,93.956,16.86,84.0,0.3602,1.5107,9.557341333031,3.683,3.5,1266.67
2021-10-15,14.603,93.937,16.3,84.86,0.3949,1.5703,9.53415292279393,3.683,3.5,1283.67
2021-10-18,14.6846,93.953,16.31,84.33,0.4254,1.6002,9.60950485929313,3.683,3.5,1283.02
2021-10-19,14.5264,93.734,15.7,85.08,0.3953,1.6372,9.50932031517686,3.683,3.5,1294.57
2021-10-20,14.4015,93.558,15.49,85.82,0.3854,1.6567,9.47525871780406,3.683,3.5,1301.13
2021-10-21,14.6886,93.77,15.01,84.61,0.4545,1.7011,9.58887238845463,3.683,3.5,1293.0
2021-10-22,14.8265,93.642,15.43,85.53,0.4534,1.6324,9.67923538212556,3.683,3.5,1293.14
2021-10-25,14.7142,93.813,15.24,85.99,0.4353,1.6307,9.66218630298532,3.683,3.5,1297.26
2021-10-26,14.8495,93.949,15.98,86.4,0.4396,1.6079,9.62075749200921,3.683,3.5,1296.06
2021-10-27,15.0832,93.802,16.98,84.58,0.5029,1.5413,9.612349092726861,3.683,3.5,1282.89
2021-10-28,15.1345,93.345,16.53,84.32,0.4891,1.58,9.70311735391529,3.683,3.5,1276.07
2021-10-29,15.2412,94.123,16.26,84.38,0.497,1.5521,9.726286877800119,3.683,3.5,1264.75
2021-11-02,15.4431,94.09,16.03,84.72,0.4499,1.5488,9.72090004952612,3.683,3.5,1263.96
2021-11-03,15.2702,93.864,15.1,81.99,0.4659,1.6034,9.738177480117919,3.683,3.5,1262.46
2021-11-04,15.2169,94.347,15.44,80.54,0.4244,1.5262,9.62157606591228,3.683,3.5,1268.45
2021-11-05,15.0529,94.32,16.48,82.74,0.4008,1.4513,9.52001291670265,3.683,3.5,1264.07
2021-11-08,14.9184,94.049,17.22,83.43,0.4426,1.4897,9.40152038793058,3.683,3.5,1268.82
2021-11-09,15.0283,93.955,17.78,84.78,0.4208,1.4358,9.33062724858883,3.683,3.5,1272.95
2021-11-10,15.4327,94.85,18.73,82.64,0.5129,1.5493,9.412893581810721,3.683,3.5,1274.39
2021-11-11,15.3061,95.178,17.66,82.87,0.5129,1.5493,9.34946348998353,3.683,3.5,1281.4
2021-11-12,15.3279,95.128,16.29,82.17,0.5115,1.5613,9.44865189729312,3.683,3.5,1285.48
2021-11-15,15.2444,95.407,16.49,82.05,0.5157,1.6145,9.466784825819321,3.683,3.5,1286.82
2021-11-16,15.5139,95.915,16.37,82.43,0.5179,1.6335,9.5467268185817,3.683,3.5,1290.55
2021-11-17,15.5053,95.828,17.11,80.28,0.4979,1.5889,9.52219259733725,3.683,3.5,1286.87
2021-11-18,15.6455,95.544,17.59,81.24,0.5021,1.5855,9.51388315060702,3.683,3.5,1273.87
2021-11-19,15.7268,96.031,17.91,78.89,0.5067,1.5462,9.532513725041209,3.85,3.75,1269.22
2021-11-22,15.8582,96.548,19.17,79.7,0.5842,1.6236,9.65330185693971,3.85,3.75,1261.56
2021-11-23,15.8351,96.491,19.38,82.31,0.6142,1.6651,9.71713944681897,3.85,3.75,1255.39
2021-11-24,15.8891,96.875,18.58,82.25,0.6398,1.6341,9.79592388248782,3.85,3.75,1253.15
2021-11-25,15.9718,96.774,18.58,82.22,0.6398,1.6341,9.76251095839889,3.858,3.75,1254.69
2021-11-26,16.286,96.089,28.62,72.72,0.498,1.4731,9.938014135836399,3.867,3.75,1223.13
2021-11-29,16.1528,96.341,22.96,73.44,0.4843,1.4987,9.85442387427808,3.867,3.75,1218.99
2021-11-30,15.8859,95.994,27.19,70.57,0.565,1.4443,9.7901880060006,3.87,3.75,1212.42
2021-12-01,16.0377,96.028,31.12,68.87,0.5513,1.4037,9.78438835895909,3.867,3.75,1226.81
2021-12-02,15.9359,96.156,27.95,69.67,0.6126,1.4443,9.69976328683232,3.867,3.75,1236.19
2021-12-03,16.0809,96.117,30.67,69.88,0.5873,1.343,9.63834254411155,3.867,3.75,1224.64
2021-12-06,15.9187,96.328,27.18,73.08,0.6312,1.4342,9.55610843694146,3.867,3.75,1213.96
2021-12-07,15.8505,96.369,21.89,75.44,0.6892,1.4733,9.5276389051465,3.867,3.75,1235.56
2021-12-08,15.7146,95.894,19.9,75.82,0.6815,1.5212,9.51260595185299,3.867,3.75,1241.01
2021-12-09,15.9394,96.271,21.58,74.42,0.6877,1.499,9.51916156002784,3.867,3.75,1247.71
2021-12-10,15.9761,96.097,18.69,75.15,0.6543,1.4837,9.530567498012669,3.867,3.75,1238.54
2021-12-13,16.0223,96.317,20.31,74.39,0.6324,1.4156,9.5307814981893,3.875,3.75,1230.61
2021-12-14,16.0865,96.571,21.89,73.7,0.6568,1.4411,9.459305457236809,3.883,3.75,1222.1
2021-12-15,15.972,96.511,19.29,73.88,0.6631,1.4565,9.50770101556622,3.883,3.75,1214.5
2021-12-17,15.8845,96.565,21.57,73.52,0.6376,1.4021,9.3663744177969,3.883,3.75,1216.3
2021-12-20,15.7672,96.551,22.87,71.52,0.6317,1.4225,9.28721342273448,3.883,3.75,1190.08
2021-12-21,15.8514,96.491,21.01,73.98,0.6665,1.4617,9.39175524996119,3.883,3.75,1203.66
2021-12-22,15.7023,96.076,18.63,75.29,0.6606,1.4515,9.44370713370107,3.883,3.75,1209.88
2021-12-23,15.6534,96.019,17.96,76.85,0.6881,1.4927,9.374520541445621,3.883,3.75,1219.59
2021-12-24,15.5452,96.019,17.96,76.14,0.6881,1.4927,9.346839648567121,3.883,3.75,1220.55
2021-12-28,15.7701,96.202,17.54,78.94,0.75,1.4807,9.387912235543821,3.883,3.75,1227.12
2021-12-29,15.9363,95.929,16.95,79.23,0.7461,1.5496,9.44714072864846,3.883,3.75,1217.93
2021-12-30,15.9295,95.968,17.33,79.32,0.7244,1.5083,9.50903142875134,3.883,3.75,1222.75
2021-12-31,15.9372,95.67,17.22,77.78,0.7322,1.5101,9.42908732518944,3.88,3.75,1232.01
2022-01-03,15.8753,96.213,16.6,78.98,0.7678,1.628,9.423321961259271,3.892,3.75,1233.5
2022-01-04,15.997,96.262,16.91,80.0,0.7599,1.6473,9.52730076822045,3.892,3.75,1234.95
2022-01-05,15.9025,96.171,19.73,80.8,0.8256,1.7052,9.45530786492321,3.892,3.75,1222.74
2022-01-06,15.7418,96.32,19.61,81.99,0.8656,1.7211,9.49972575472087,3.892,3.75,1217.07
2022-01-07,15.5806,95.719,18.76,81.75,0.8621,1.762,9.47291787407576,3.892,3.75,1226.1
2022-01-10,15.6756,95.991,19.4,80.87,0.8944,1.7603,9.56716471161066,3.892,3.75,1232.27
2022-01-11,15.525,95.624,18.41,83.72,0.8825,1.7357,9.61378394139772,3.892,3.75,1243.04
2022-01-12,15.3084,94.915,17.62,84.67,0.9189,1.7428,9.47689254275783,3.892,3.75,1267.34
2022-01-13,15.4053,94.79,20.31,84.47,0.8929,1.7041,9.50524163059999,3.892,3.75,1263.3
2022-01-14,15.3899,95.165,19.19,86.06,0.9668,1.7841,9.45528766885926,3.892,3.75,1257.46
2022-01-17,15.3855,95.258,19.19,86.48,0.9668,1.7841,9.49414187747154,3.892,3.75,1254.4
2022-01-18,15.5209,95.732,22.79,87.51,1.0425,1.8735,9.52193313611188,3.892,3.75,1241.58
2022-01-19,15.332,95.51,23.85,88.44,1.0572,1.8646,9.48980907094035,3.892,3.75,1239.83
2022-01-20,15.2181,95.735,25.59,88.38,1.0249,1.804,9.36996737826558,3.892,3.75,1255.74
2022-01-21,15.1042,95.642,28.85,87.89,1.0014,1.7581,9.334311498394419,3.892,3.75,1244.31
2022-01-24,15.2614,95.918,29.9,86.27,0.971,1.7706,9.39880176337357,3.892,3.75,1222.16
2022-01-25,15.232,95.948,31.16,88.2,1.0174,1.7689,9.439827523455,3.9,3.75,1210.45
2022-01-26,15.3385,96.478,31.96,89.96,1.1504,1.8637,9.42242893941558,3.9,3.75,1211.45
2022-01-27,15.4616,97.255,30.49,89.34,1.1882,1.7994,9.417606194319431,3.908,3.75,1192.06
2022-01-28,15.5999,97.27,27.66,90.03,1.1623,1.7694,9.4897784563374,4.108,4.0,1191.14
2022-01-31,15.3866,96.54,24.83,91.21,1.1787,1.7767,9.463718797474801,4.11,4.0,1208.23
2022-02-01,15.2633,96.385,21.96,89.16,1.1651,1.7875,9.36116869974347,4.117,4.0,1214.01
2022-02-02,15.3383,95.936,22.09,89.47,1.1535,1.7751,9.34324640937364,4.117,4.0,1213.23
2022-02-03,15.2601,95.379,24.35,91.11,1.1959,1.8306,9.341507924086399,4.125,4.0,1210.27
2022-02-04,15.4622,95.485,23.22,93.27,1.3099,1.9085,9.37534540921909,4.133,4.0,1221.1
2022-02-07,15.5066,95.399,22.86,92.69,1.2903,1.9159,9.42346115992688,4.158,4.0,1219.33
2022-02-08,15.3504,95.643,21.44,90.78,1.3414,1.9632,9.40198706443124,4.158,4.0,1219.81
2022-02-09,15.2126,95.494,19.96,91.55,1.3644,1.9415,9.333719063225809,4.158,4.0,1239.79
2022-02-10,15.17,95.553,23.91,91.41,1.5786,2.0294,9.28601872748426,4.167,4.0,1251.09
2022-02-11,15.212,96.082,27.36,94.44,1.4997,1.9371,9.29133182484363,4.167,4.0,1240.51
2022-02-14,15.1311,96.374,28.33,96.48,1.5744,1.9875,9.31089176976311,4.167,4.0,1220.42
2022-02-15,15.1089,95.989,25.7,93.28,1.5774,2.0434,9.27997299727584,4.167,4.0,1229.05
2022-02-16,14.9917,95.701,24.29,94.81,1.5208,2.0382,9.21190036587108,4.175,4.0,1244.19
2022-02-17,14.9929,95.8,28.11,92.97,1.4662,1.9615,9.165929242908149,4.175,4.0,1242.92
2022-02-18,15.1346,96.043,27.75,93.54,1.4654,1.9286,9.18121270910639,4.175,4.0,1231.77
2022-02-21,15.1502,96.078,27.75,95.39,1.4654,1.9286,9.21921234562429,4.192,4.0,1219.46
2022-02-22,15.0742,96.025,28.81,96.84,1.5491,1.939,9.27305143341392,4.192,4.0,1206.63
2022-02-23,15.1359,96.19,31.02,96.84,1.6016,1.9912,9.331837770033239,4.2,4.0,1206.86
2022-02-24,15.3478,97.137,30.32,99.08,1.5797,1.9633,9.51778141461134,4.217,4.0,1154.86
2022-02-25,15.1563,96.615,27.59,97.93,1.5697,1.9617,9.3434591959855,4.217,4.0,1171.99
2022-02-28,15.3756,96.707,30.15,100.99,1.4323,1.825,9.50180089937904,4.22,4.0,1171.31
2022-03-01,15.4207,97.409,33.32,104.97,1.3407,1.7275,9.54816954207804,4.217,4.0,1176.43
2022-03-02,15.3176,97.385,30.74,112.93,1.512,1.8767,9.64737770880901,4.217,4.0,1168.41
2022-03-03,15.1984,97.785,30.48,110.46,1.53,1.8405,9.61171589117496,4.217,4.0,1172.56
2022-03-04,15.3903,98.648,31.98,118.11,1.4759,1.7307,9.71360157927808,4.217,4.0,1144.91
2022-03-07,15.3572,99.293,36.45,123.21,1.5503,1.7734,9.957631600117288,4.217,4.0,1107.3
2022-03-08,15.3006,99.062,35.13,127.98,1.5987,1.8456,10.2423624465134,4.25,4.0,1096.05
2022-03-09,15.0001,97.968,32.45,111.14,1.6798,1.9531,9.891427058858469,4.258,4.0,1090.67
2022-03-10,15.0446,98.507,30.23,109.33,1.6963,1.9864,9.905963282805901,4.258,4.0,1102.74
2022-03-11,15.0412,99.124,30.75,112.67,1.748,1.9917,9.754105893037659,4.275,4.0,1085.66
2022-03-14,15.1282,98.999,31.77,106.9,1.8609,2.133,9.86000643128509,4.275,4.0,1055.01
2022-03-15,15.1097,99.097,29.83,99.91,1.8491,2.1437,9.81828737735352,4.275,4.0,1026.77
2022-03-16,14.9191,98.618,26.67,98.02,1.9379,2.1849,9.63865078833252,4.283,4.0,1081.0
2022-03-17,14.9223,97.974,25.67,106.64,1.9138,2.1706,9.596467093337251,4.283,4.0,1120.93
2022-03-18,14.9694,98.233,23.87,107.93,1.9362,2.1494,9.70989379127995,4.292,4.0,1122.98
2022-03-21,14.9098,98.498,23.53,115.62,2.1153,2.2896,9.70989379127995,4.292,4.0,1115.26
2022-03-22,14.8097,98.493,22.94,115.48,2.1641,2.3825,9.81612066898315,4.292,4.0,1131.41
2022-03-23,14.7618,98.622,23.57,121.6,2.0961,2.2917,9.75711130682808,4.292,4.0,1140.72
2022-03-24,14.5253,98.789,21.67,119.03,2.1387,2.3718,9.699619947483459,4.3,4.0,1136.95
2022-03-25,14.5417,98.789,20.81,120.65,2.2696,2.4731,9.7152183686754,4.358,4.25,1125.01
2022-03-28,14.6914,99.091,19.63,112.48,2.3277,2.4585,9.68915688093613,4.367,4.25,1124.82
2022-03-29,14.5366,98.404,18.9,110.23,2.3646,2.3944,9.55164512437322,4.367,4.25,1136.45
2022-03-30,14.4748,97.792,19.33,113.45,2.3063,2.3488,9.57489622417307,4.367,4.25,1149.3
2022-03-31,14.6115,98.312,20.56,107.91,2.3345,2.338,9.62234278516344,4.37,4.25,1141.79
2022-04-01,14.6648,98.632,19.63,104.39,2.4564,2.3822,9.63086873929322,4.367,4.25,1145.85
2022-04-04,14.587,99.0,18.57,107.53,2.4221,2.3951,9.61376362899036,4.367,4.25,1161.65
2022-04-05,14.6728,99.472,21.03,106.64,2.5139,2.5469,9.58004808162849,4.375,4.25,1156.75
2022-04-06,14.6657,99.599,22.1,101.07,2.4714,2.5975,9.63120439229557,4.383,4.25,1142.5
2022-04-07,14.7437,99.751,21.55,100.58,2.4595,2.6578,9.567077340241351,4.383,4.25,1126.06
2022-04-08,14.6457,99.796,21.16,102.78,2.5115,2.7,9.6297073084346,4.383,4.25,1127.93
2022-04-11,14.5698,99.932,24.37,98.48,2.4975,2.7801,9.66594379069019,4.383,4.25,1111.76
2022-04-12,14.5096,100.292,24.26,104.64,2.4054,2.7213,9.69306975034606,4.383,4.25,1110.4
2022-04-13,14.5643,99.875,21.82,108.78,2.3481,2.6987,9.73803974532269,4.383,4.25,1119.32
2022-04-14,14.663,100.321,22.7,111.7,2.4539,2.8275,9.77937659309219,4.383,4.25,1117.36
2022-04-19,14.9858,100.961,21.37,107.25,2.5915,2.9361,9.947887435514978,4.383,4.25,1096.0
2022-04-20,15.0331,100.39,20.32,106.8,2.5753,2.832,9.9204732629583,4.383,4.25,1095.63
2022-04-21,15.3802,100.578,22.68,108.33,2.6822,2.9095,9.8813501355031,4.383,4.25,1086.93
2022-04-22,15.6082,101.22,28.21,106.65,2.6672,2.8987,9.88936601701449,4.383,4.25,1075.6
2022-04-25,15.6761,101.752,27.02,102.32,2.6257,2.8198,9.93953094783371,4.392,4.25,1046.04
2022-04-26,15.8488,102.303,33.52,104.99,2.4773,2.7205,9.90585840812189,4.392,4.25,1049.39
2022-04-28,16.0329,103.623,29.99,107.59,2.6173,2.8224,10.0351512326724,4.4,4.25,1053.82
2022-04-29,15.7892,102.959,33.4,109.34,2.7146,2.9336,9.99670974893211,4.4,4.25,1076.19
2022-05-03,15.7776,103.465,29.25,104.97,2.7824,2.9712,9.9704733007964,4.4,4.25,1069.24
2022-05-04,15.4567,102.587,25.42,110.14,2.6421,2.9344,9.93063489509982,4.408,4.25,1063.84
2022-05-05,15.9894,103.752,31.2,110.9,2.7034,3.0365,9.97555858297295,4.425,4.25,1058.72
2022-05-06,15.9963,103.66,30.19,112.39,2.7308,3.1265,10.086730554210401,4.45,4.25,1031.5
2022-05-09,16.1894,103.651,34.75,105.94,2.5938,3.0338,10.1977299771779,4.45,4.25,1014.68
2022-05-10,16.1238,103.92,32.99,102.46,2.6124,2.9908,10.2249765932571,4.458,4.25,1007.22
2022-05-11,16.0891,103.846,32.56,107.51,2.6371,2.9207,10.111013573291599,4.467,4.25,1011.22
2022-05-12,16.0909,104.851,31.77,107.45,2.5592,2.8479,10.0508548104114,4.467,4.25,987.82
2022-05-13,16.1652,104.563,28.87,111.55,2.578,2.9185,10.0736640756997,4.467,4.25,1004.52
2022-05-16,16.1476,104.187,27.47,114.24,2.5698,2.8822,10.0545173316574,4.508,4.25,1007.5
2022-05-17,15.9111,103.36,26.1,111.93,2.7003,2.986,10.061513731359,4.525,4.25,1030.83
2022-05-18,16.032,103.81,30.96,109.11,2.6694,2.884,10.0428834351316,4.525,4.25,1033.19
2022-05-19,15.8272,102.724,29.35,112.04,2.6073,2.837,9.95223839494211,4.525,4.25,1014.89
2022-05-20,15.8417,103.15,29.43,112.55,2.5807,2.7811,9.87332044482299,4.883,4.75,1035.31
2022-05-23,15.7506,102.076,28.48,113.42,2.6204,2.8514,9.84330334412552,4.883,4.75,1034.51
2022-05-24,15.6431,101.857,29.45,113.56,2.4787,2.7506,9.831920523156459,4.892,4.75,1016.99
2022-05-25,15.7409,102.056,28.37,114.03,2.4919,2.7452,9.88269757343026,4.892,4.75,1019.59
2022-05-26,15.7071,101.829,27.5,117.4,2.4758,2.7469,9.8825860353135,4.892,4.75,1022.96
2022-05-27,15.5903,101.668,25.72,119.43,2.4758,2.7378,9.85056217596003,4.892,4.75,1043.17
2022-05-30,15.494,101.668,26.54,121.67,2.4758,2.7378,9.79199506381848,4.892,4.75,1065.09
2022-05-31,15.6405,101.752,26.19,122.84,2.5565,2.8441,9.94619579139741,4.89,4.75,1077.67
2022-06-01,15.5678,102.498,25.69,116.29,2.6416,2.9058,9.99117352570405,4.892,4.75,1067.86
2022-06-02,15.4666,101.824,24.72,117.61,2.6296,2.9076,9.95129043859705,4.892,4.75,1061.44
2022-06-03,15.5482,102.14,24.79,119.72,2.6525,2.9332,9.9457401473015,4.892,4.75,1060.74
2022-06-06,15.4366,102.437,25.07,119.51,2.7262,3.0399,10.0144451434986,4.892,4.75,1071.33
2022-06-07,15.3799,102.318,24.02,120.57,2.7265,2.9736,10.087355707955,4.892,4.75,1061.02
2022-06-08,15.2899,102.542,23.96,123.58,2.7739,3.0215,10.0664682648649,4.892,4.75,1073.74
2022-06-09,15.512,103.223,26.09,123.07,2.8113,3.0418,10.0911917787304,4.9,4.75,1067.15
2022-06-10,15.8567,104.148,27.75,122.01,3.0632,3.1555,10.2991711183657,4.9,4.75,1054.64
2022-06-13,16.1172,105.078,34.02,122.27,3.3541,3.3598,10.5220129732023,4.917,4.75,1016.46
2022-06-14,16.0399,105.518,32.69,121.17,3.4267,3.4733,10.4372900806642,4.925,4.75,1017.87
2022-06-15,15.7757,105.158,29.62,118.51,3.1908,3.2839,10.3253359487679,4.925,4.75,1020.1
2022-06-17,16.0181,104.7,31.13,113.12,3.1785,3.2256,10.329491729134501,4.942,4.75,1004.63
2022-06-20,16.0354,104.7,31.03,114.13,3.1785,3.2256,10.3225568486753,4.942,4.75,1000.42
2022-06-21,15.9216,104.435,30.19,114.65,3.1963,3.2749,10.2734596562098,4.942,4.75,1016.98
2022-06-22,15.9148,104.197,28.95,111.74,3.0559,3.1561,10.2200460993893,4.95,4.75,993.59
2022-06-23,15.9618,104.431,29.05,110.05,3.0145,3.087,10.2021100243477,4.975,4.75,995.34
2022-06-24,15.8019,104.185,27.23,113.12,3.0632,3.1301,10.302773688061,4.975,4.75,1011.18
2022-06-27,15.8636,103.939,26.95,115.09,3.1212,3.1997,10.4213613670806,4.992,4.75,1027.55
2022-06-28,16.0887,104.506,28.36,117.98,3.1096,3.1715,10.5118653322084,5.0,4.75,1030.07
2022-06-29,16.2367,105.106,28.16,116.26,3.0385,3.0891,10.4916256254772,5.008,4.75,1013.2
2022-06-30,16.2782,104.685,28.71,114.81,2.9533,3.0129,10.6209811718694,5.01,4.75,1000.67
2022-07-01,16.4154,105.138,26.7,111.63,2.8329,2.8803,10.5115690402208,5.05,4.75,992.84
2022-07-04,16.3409,105.138,27.53,113.5,2.8329,2.8803,10.5439213946203,5.05,4.75,992.8
2022-07-05,16.534,106.535,27.54,102.77,2.8184,2.8054,10.652303815009901,5.05,4.75,991.47
2022-07-06,16.8115,107.096,26.73,100.69,3.0018,2.928,10.725095661459,5.067,4.75,981.01
2022-07-07,16.7205,107.13,26.08,104.65,3.0141,2.9945,10.6547158454522,5.067,4.75,994.34
2022-07-08,16.8726,107.007,24.64,107.02,3.1047,3.0803,10.6773913285639,5.067,4.75,999.57
2022-07-11,17.1074,108.021,26.17,107.1,3.0718,2.9928,10.790203061060499,5.083,4.75,981.15
2022-07-12,17.0288,108.072,27.29,99.49,3.0491,2.9687,10.9189528161105,5.083,4.75,967.31
2022-07-13,16.9093,107.957,26.82,99.57,3.1547,2.9336,10.850529795035,5.083,4.75,970.46
2022-07-14,17.1597,108.544,26.4,99.1,3.1321,2.9595,11.0891349687288,5.083,4.75,965.45
2022-07-15,17.0751,108.063,24.23,101.16,3.1201,2.9152,11.0154460475791,5.083,4.75,961.85
2022-07-18,17.1225,107.366,25.3,106.27,3.1744,2.9855,11.0851102698592,5.083,4.75,980.48
2022-07-19,17.0962,106.682,24.5,107.35,3.2374,3.0209,11.101936439549801,5.083,4.75,979.94
2022-07-20,17.1532,107.076,23.88,106.92,3.2272,3.0265,10.9560330714304,5.083,4.75,986.56
2022-07-21,17.0555,106.91,23.11,103.86,3.085,2.8747,10.7848022738784,5.083,4.75,990.69
2022-07-22,16.8275,106.73,23.03,103.2,2.97,2.7504,10.6266761960573,5.708,5.5,990.37
2022-07-25,16.7936,106.483,23.36,105.15,3.0161,2.7959,10.5730374364355,5.708,5.5,987.08
2022-07-26,16.9474,107.189,24.69,104.4,3.0528,2.8068,10.7283048771224,5.708,5.5,989.92
2022-07-27,16.6902,106.452,23.24,106.62,2.9979,2.7849,10.7123623505168,5.717,5.5,989.89
2022-07-28,16.4836,106.351,22.33,107.14,2.8622,2.6759,10.4888553998868,5.708,5.5,997.61
2022-07-29,16.6237,105.903,21.33,110.01,2.8844,2.6487,10.4307741926166,5.725,5.5,993.78
2022-08-01,16.5157,105.45,22.84,100.03,2.8701,2.5732,10.5498122965688,5.725,5.5,995.04
2022-08-02,16.8212,106.241,23.93,100.54,3.0508,2.7483,10.4281169000141,5.725,5.5,984.32
2022-08-03,16.7492,106.506,21.95,96.78,3.0651,2.7046,10.4324140075305,5.725,5.5,985.81
2022-08-04,16.6118,105.693,21.44,94.12,3.0427,2.6883,10.3151432202039,5.725,5.5,994.59
2022-08-05,16.7768,106.621,21.15,94.92,3.2257,2.8268,10.3743268431198,5.725,5.5,1002.87
2022-08-08,16.6922,106.435,21.29,96.65,3.2053,2.7572,10.3563101947213,5.725,5.5,1001.79
2022-08-10,16.2076,105.196,19.74,97.4,3.2141,2.7809,10.1514692055129,5.725,5.5,997.2
2022-08-11,16.2346,105.09,20.2,99.6,3.2185,2.8876,9.95453981858218,5.733,5.5,1014.29
2022-08-12,16.1684,105.631,19.53,98.15,3.2422,2.8312,10.0633606412492,5.733,5.5,1016.83
2022-08-15,16.436,106.546,19.95,95.1,3.1821,2.7878,10.148148555562,5.75,5.5,1015.0
2022-08-16,16.3861,106.5,19.69,92.34,3.2574,2.8041,10.219489609659501,5.742,5.5,1014.22
2022-08-17,16.6503,106.574,19.9,93.65,3.2848,2.8968,10.2874222158198,5.742,5.5,1015.59
2022-08-18,16.8639,107.484,19.56,96.59,3.1974,2.8822,10.2942486191723,5.742,5.5,1009.58
2022-08-19,17.0033,108.169,20.6,96.72,3.2338,2.9721,10.398432211945401,5.742,5.5,1001.46
2022-08-22,16.9974,109.046,23.8,96.48,3.3098,3.0146,10.4258921356615,5.742,5.5,991.9
2022-08-23,16.9951,108.624,24.11,100.22,3.2997,3.0461,10.439695904049701,5.758,5.5,989.54
2022-08-24,16.937,108.677,22.82,101.22,3.3905,3.1039,10.4201186843451,5.758,5.5,985.13
2022-08-25,16.7494,108.47,21.78,99.34,3.3661,3.0258,10.3260563572703,5.758,5.5,1003.44
2022-08-26,16.8849,108.803,25.56,100.99,3.3966,3.0409,10.326978461755699,5.758,5.5,1006.5
2022-08-29,16.8275,108.835,26.21,105.09,3.4232,3.1024,10.3684385638135,5.758,5.5,991.65
2022-08-30,16.9807,108.773,26.21,99.31,3.4416,3.1025,10.459989071558699,5.758,5.5,992.76
2022-08-31,17.1189,108.7,25.87,96.49,3.4929,3.1926,10.545585808646301,5.77,5.5,994.11
2022-09-01,17.2757,109.691,25.56,92.36,3.4994,3.2533,10.6166340113517,5.775,5.5,976.14
2022-09-02,17.305,109.534,25.47,93.02,3.3873,3.1894,10.436487352454101,5.775,5.5,972.02
2022-09-05,17.1655,109.534,25.99,95.74,3.3873,3.1894,10.4436710466753,5.775,5.5,967.8
2022-09-06,17.3005,110.214,26.91,92.83,3.5029,3.3492,10.6355206267308,5.783,5.5,965.24
2022-09-07,17.2688,109.84,24.64,88.0,3.4309,3.2635,10.533871953228,5.783,5.5,956.51
2022-09-08,17.5183,109.707,23.61,89.15,3.5035,3.317,10.4973785304682,5.783,5.5,957.22
2022-09-09,17.3064,109.003,22.79,92.84,3.5565,3.3097,10.426996465822901,5.8,5.5,970.29
2022-09-12,17.1269,108.33,23.87,94.0,3.5714,3.3578,10.3258582478154,5.8,5.5,979.05
2022-09-13,17.457,109.815,27.27,93.17,3.756,3.408,10.3586008809883,5.808,5.5,979.91
2022-09-14,17.4833,109.658,26.16,94.1,3.7881,3.4043,10.4538521122206,5.817,5.5,962.55
2022-09-15,17.5652,109.739,26.27,90.84,3.8646,3.4489,10.398419601599599,5.833,5.5,958.58
2022-09-16,17.6103,109.764,26.3,91.35,3.8671,3.4494,10.4558839114639,5.85,5.5,944.12
2022-09-19,17.675,109.737,25.76,92.0,3.9358,3.4905,10.5866589062206,5.9,5.5,938.53
2022-09-20,17.6902,110.215,27.16,90.62,3.9665,3.563,10.6502685264237,5.917,5.5,946.17
2022-09-21,17.7428,110.642,27.99,89.83,4.0484,3.5299,10.6195278844683,5.958,5.5,932.08
2022-09-22,17.5982,111.353,27.35,90.46,4.1222,3.7138,10.637986212684499,5.983,6.25,922.61
2022-09-23,17.95,113.192,29.92,86.15,4.2011,3.6846,10.8780977706518,6.458,6.25,905.84
2022-09-26,18.09,114.103,32.26,84.06,4.3406,3.9244,10.9674386792046,6.467,6.25,888.58
2022-09-27,18.0167,114.106,32.6,86.27,4.2829,3.9451,10.884420064411799,6.467,6.25,891.89
2022-09-28,17.8551,112.604,30.18,89.32,4.1349,3.7312,10.9139463749288,6.467,6.25,875.85
2022-09-29,18.0146,112.254,31.84,88.49,4.1924,3.7856,11.0715954134364,6.467,6.25,873.29
2022-09-30,18.0855,112.117,31.62,87.96,4.2787,3.8286,10.9752979622776,6.47,6.25,875.79
2022-10-03,17.8437,111.745,30.1,88.86,4.1134,3.6387,10.8583601399658,6.467,6.25,876.15
2022-10-04,17.6289,110.065,29.07,91.8,4.0926,3.6329,10.783220660711699,6.475,6.25,893.65
2022-10-05,17.7835,111.208,28.55,93.37,4.1481,3.7528,10.8736037402349,6.475,6.25,909.52
2022-10-06,18.0013,112.258,30.52,94.42,4.2558,3.8236,10.7799547181003,6.475,6.25,910.57
2022-10-07,18.096,112.795,31.36,97.92,4.3078,3.8814,10.7828412755346,6.458,6.25,897.74
2022-10-10,18.096,113.144,32.45,96.19,4.3078,3.8814,10.814000310089,6.458,6.25,884.81
2022-10-11,18.1822,113.221,33.63,94.29,4.3058,3.947,10.8781229803355,6.45,6.25,864.66
2022-10-12,18.2936,113.32,33.57,92.45,4.2911,3.8962,10.9538953307543,6.458,6.25,865.34
2022-10-13,18.2664,112.363,31.94,94.57,4.4635,3.9435,10.9678125581738,6.458,6.25,854.53
2022-10-14,18.3594,113.311,32.02,91.63,4.4959,4.0184,10.954227916457599,6.458,6.25,863.33
2022-10-17,18.0696,112.039,31.37,91.62,4.4433,4.0104,10.9245129232886,6.458,6.25,865.77
2022-10-18,18.112,112.13,30.5,90.03,4.4286,4.0066,10.9441523191471,6.458,6.25,879.07
2022-10-19,18.2933,112.984,30.76,92.41,4.5563,4.1335,10.977443054377801,6.458,6.25,865.91
2022-10-20,18.2963,112.881,29.98,92.38,4.61,4.2283,11.048617777651799,6.458,6.25,864.76
2022-10-21,18.0892,112.012,29.69,93.5,4.4723,4.2167,11.1331299693819,6.458,6.25,865.04
2022-10-24,18.4126,111.989,29.85,93.26,4.5046,4.2424,11.1599955708922,6.458,6.25,842.76
2022-10-25,18.2025,110.95,28.46,93.52,4.4771,4.1021,10.9924342956773,6.458,6.25,844.51
2022-10-26,17.9323,109.7,27.28,95.69,4.4039,4.0028,10.8652654387786,6.458,6.25,851.81
2022-10-27,17.9792,110.587,27.39,96.96,4.2741,3.9187,10.8469614777743,6.492,6.25,859.46
2022-10-28,18.1341,110.752,25.75,95.77,4.4142,4.0123,10.8778702882531,6.5,6.25,845.58
2022-10-31,18.3545,111.527,25.88,94.83,4.4824,4.0478,11.0019803103716,6.52,6.25,848.16
2022-11-01,18.228,111.481,25.81,94.65,4.5447,4.0419,10.937661643564,6.517,6.25,867.58
2022-11-02,18.2563,111.345,25.86,96.16,4.6197,4.1005,10.8723375482561,6.517,6.25,873.02
2022-11-03,18.4056,112.93,25.3,94.67,4.7138,4.1469,10.9377779080927,6.533,6.25,860.9
2022-11-04,17.9038,110.877,24.55,98.57,4.6584,4.1584,10.7918358552999,6.533,6.25,884.98
2022-11-07,17.7309,110.12,24.35,97.92,4.7217,4.2135,10.704291385736001,6.55,6.25,897.36
2022-11-08,17.7125,109.636,25.54,95.36,4.6506,4.1234,10.696257316265099,6.558,6.25,900.02
2022-11-09,17.7933,110.549,26.09,92.65,4.5795,4.0923,10.6872389466051,6.567,6.25,900.32
2022-11-10,17.3629,108.206,23.53,93.67,4.3321,3.8125,10.4714559840864,6.583,6.25,889.6
2022-11-11,17.2397,106.292,22.52,95.99,4.3321,3.8125,10.4153053495175,6.583,6.25,935.73
2022-11-14,17.295,106.66,23.73,93.14,4.3888,3.8536,10.4197126890168,6.583,6.25,939.78
2022-11-15,17.3158,106.404,24.54,93.86,4.3382,3.7696,10.4471535680582,6.617,6.25,960.64
2022-11-16,17.2678,106.281,24.11,92.86,4.3549,3.6899,10.543122839294899,6.625,6.25,954.31
2022-11-17,17.3765,106.694,23.93,89.78,4.452,3.7657,10.6562107731335,6.65,6.25,942.36
2022-11-18,17.2559,106.93,23.12,87.62,4.5329,3.8288,10.609238899254999,6.65,6.25,943.01
2022-11-21,17.3359,107.835,22.36,87.45,4.5523,3.8269,10.5988689107387,6.65,6.25,931.05
2022-11-22,17.2367,107.222,21.29,88.36,4.5145,3.7559,10.5575946438545,6.667,6.25,927.41
2022-11-23,16.9678,106.076,20.35,85.41,4.4773,3.6927,10.481473847976,6.683,6.25,932.3
2022-11-24,17.0202,106.076,20.42,85.34,4.4773,3.6927,10.405737168952001,6.717,6.25,945.57
2022-11-25,17.0813,105.959,20.5,83.63,4.4526,3.6776,10.5055736328711,7.2,7.0,941.01
2022-11-28,17.1537,106.681,22.21,83.19,4.4381,3.6812,10.5269537647385,7.2,7.0,930.77
2022-11-29,17.0,106.822,21.89,83.03,4.4732,3.7441,10.5027836798481,7.2,7.0,952.94
2022-11-30,17.2031,105.95,20.58,85.43,4.3102,3.6054,10.5334525807429,7.2,7.0,972.29
2022-12-01,17.6574,104.728,19.84,86.88,4.2276,3.5048,11.176895958753,7.2,7.0,978.3
2022-12-02,17.5052,104.545,19.06,85.57,4.2717,3.4862,10.9478786937191,7.217,7.0,973.85
2022-12-05,17.4239,105.289,20.75,82.68,4.3874,3.5736,10.7832828857378,7.217,7.0,984.26
2022-12-06,17.3365,105.578,22.17,79.35,4.3664,3.5314,10.8109065072221,7.217,7.0,972.93
2022-12-07,17.1622,105.1,22.68,77.17,4.2561,3.4169,10.7496642522679,7.217,7.0,958.77
2022-12-08,17.1659,104.774,22.29,76.15,4.3077,3.4819,10.6890973886658,7.217,7.0,969.21
2022-12-09,17.3542,104.81,22.83,76.1,4.3443,3.5783,10.7481558625479,7.217,7.0,978.28
2022-12-12,17.5793,105.131,25.0,77.99,4.3754,3.6113,10.809013082275799,7.225,7.0,963.58
2022-12-13,17.2639,103.98,22.55,80.68,4.2183,3.5012,10.7180248893145,7.258,7.0,965.25
2022-12-14,17.1677,103.77,21.14,82.7,4.2095,3.4774,10.5917717555345,7.258,7.0,973.71
2022-12-15,17.4959,104.558,22.83,81.21,4.2362,3.4463,10.5289749074052,7.258,7.0,960.22
2022-12-19,17.3009,104.721,22.42,79.8,4.2557,3.5846,10.5054630619337,7.258,7.0,957.64
2022-12-20,17.3059,103.965,21.48,79.99,4.2532,3.6825,10.513166096874201,7.258,7.0,951.08
2022-12-21,17.1964,104.162,20.07,82.2,4.2127,3.662,10.5637119394723,7.258,7.0,952.98
2022-12-22,17.1607,104.433,21.97,80.98,4.2714,3.6786,10.5238142662903,7.258,7.0,964.06
2022-12-23,17.0217,104.314,20.87,83.92,4.3211,3.7472,10.531991795449699,7.258,7.0,954.78
2022-12-28,17.1146,104.463,22.14,83.26,4.3512,3.8827,10.603996646320999,7.258,7.0,960.18
2022-12-29,16.9635,103.836,21.44,82.26,4.3615,3.8145,10.6195185257781,7.258,7.0,957.45
2022-12-30,17.0374,103.522,21.67,85.91,4.4258,3.8748,10.5559799077344,7.258,7.0,956.38
2023-01-03,17.0131,104.518,22.9,82.1,4.3699,3.7389,10.4722249513163,7.258,7.0,962.57
2023-01-04,16.8839,104.248,22.01,77.84,4.3534,3.6827,10.4291132686136,7.267,7.0,974.22
2023-01-05,17.1665,105.042,22.46,78.69,4.4576,3.7181,10.4365809565187,7.267,7.0,984.0
2023-01-06,17.107,103.879,21.13,78.57,4.2474,3.558,10.4059231086069,7.267,7.0,988.68
2023-01-09,16.9274,103.001,21.97,79.65,4.2077,3.5321,10.190002034612998,7.283,7.0,1013.5
2023-01-10,17.0145,103.236,20.58,80.1,4.2472,3.6188,10.2968568850891,7.283,7.0,1014.02
2023-01-11,16.9179,103.188,21.09,82.67,4.2179,3.5392,10.2840986013867,7.292,7.0,1016.85
2023-01-12,16.7535,102.246,18.83,84.03,4.1447,3.44,10.1712657970596,7.292,7.0,1018.31
2023-01-13,16.8287,102.204,18.35,85.28,4.2321,3.5035,10.2044976959414,7.308,7.0,1029.84
2023-01-16,17.0209,102.204,19.49,84.46,4.2321,3.5035,10.3016755928351,7.308,7.0,1030.91
2023-01-17,17.0494,102.39,19.36,85.92,4.2047,3.5476,10.3217381716042,7.317,7.0,1027.38
2023-01-18,17.1064,102.363,20.34,84.98,4.0825,3.3698,10.1424768409946,7.317,7.0,1030.06
2023-01-19,17.2764,102.058,20.52,86.16,4.1264,3.3915,10.2048544016847,7.333,7.0,1027.91
2023-01-20,17.1304,102.012,19.85,87.63,4.1702,3.4787,10.2596584507356,7.333,7.0,1036.24
2023-01-23,17.1874,102.138,19.81,88.19,4.2274,3.5098,10.2740661650952,7.333,7.0,1038.68
2023-01-24,17.198,101.918,19.2,86.13,4.2103,3.4527,10.2251453651592,7.358,7.0,1039.2
2023-01-25,17.1104,101.641,19.08,86.12,4.125,3.4416,10.1292513384761,7.375,7.0,1041.26
2023-01-26,17.1883,101.839,18.73,87.47,4.1826,3.4947,10.1022641580936,7.383,7.25,1052.46
2023-01-27,17.1876,101.927,18.51,86.66,4.199,3.5035,10.158504834601601,7.467,7.25,1051.19
2023-01-30,17.4003,102.276,19.94,84.9,4.2341,3.5366,10.2077922828311,7.433,7.25,1044.0
2023-01-31,17.4081,102.097,19.4,84.49,4.2011,3.5069,10.1833439093071,7.47,7.25,1031.5
2023-02-01,17.0439,101.217,17.87,82.84,4.1063,3.4166,10.1228788656257,7.45,7.25,1042.79
2023-02-02,17.0702,101.75,18.73,82.17,4.1042,3.3927,10.0351492818318,7.45,7.25,1045.56
2023-02-03,17.4756,102.915,18.33,79.94,4.2886,3.5246,10.1205740734435,7.45,7.25,1038.71
2023-02-06,17.6638,103.621,19.43,80.99,4.4724,3.6399,10.2063148534785,7.45,7.25,1014.49
2023-02-07,17.5654,103.427,18.66,83.69,4.4644,3.6735,10.2864268037193,7.45,7.25,1015.51
2023-02-08,17.7693,103.409,19.63,85.09,4.4208,3.6098,10.2400601801514,7.45,7.25,1020.58
2023-02-09,17.758,103.221,20.71,84.5,4.482,3.6579,10.2184758133814,7.45,7.25,1024.51
2023-02-10,17.8582,103.63,20.53,86.39,4.517,3.732,10.3176994263313,7.45,7.25,1013.67
2023-02-13,17.8561,103.345,20.34,86.61,4.5175,3.7016,10.3335243709964,7.45,7.25,1013.53
2023-02-14,17.8988,103.233,18.91,85.58,4.6154,3.7435,10.3092842551142,7.45,7.25,1014.49
2023-02-15,18.0312,103.923,18.23,85.38,4.6309,3.8049,10.4167808339899,7.45,7.25,1004.87
2023-02-16,18.1662,103.856,20.17,85.14,4.64,3.8608,10.4275458583031,7.45,7.25,1011.14
2023-02-17,18.056,103.862,20.02,83.0,4.6169,3.8148,10.498767736157,7.45,7.25,999.42
2023-02-20,18.0904,103.862,21.23,84.07,4.6169,3.8148,10.5713078136957,7.45,7.25,1005.21
2023-02-21,18.2563,104.176,22.87,83.05,4.7226,3.9525,10.647181372712101,7.45,7.25,995.19
2023-02-22,18.2389,104.585,22.29,80.6,4.6933,3.9156,10.5673511545468,7.45,7.25,982.06
2023-02-23,18.2211,104.598,21.14,82.21,4.6974,3.8768,10.533647370772101,7.45,7.25,987.74
2023-02-24,18.4266,105.214,21.67,83.16,4.8136,3.9432,10.522777388062101,7.45,7.25,971.87
2023-02-27,18.4121,104.673,20.95,82.45,4.7783,3.9141,10.4882614847748,7.45,7.25,967.25
2023-02-28,18.357,104.869,20.7,83.89,4.8158,3.92,10.5071017853637,7.45,7.25,964.01
2023-03-01,18.1231,104.483,20.58,84.31,4.8764,3.9925,10.478337177918599,7.45,7.25,984.19
2023-03-02,18.2041,105.027,19.59,84.75,4.885,4.0556,10.5227938958593,7.467,7.25,980.05
2023-03-03,18.1417,104.521,18.49,85.83,4.8565,3.9517,10.5011272545797,7.467,7.25,988.03
2023-03-06,18.2483,104.35,18.61,86.18,4.8861,3.9577,10.4698427550129,7.467,7.25,993.74
2023-03-07,18.5085,105.615,19.59,83.29,5.0084,3.9637,10.520481517179,7.467,7.25,988.38
2023-03-08,18.6068,105.658,19.11,82.66,5.0701,3.9913,10.5398521831893,7.483,7.25,978.07
2023-03-09,18.5685,105.309,22.61,81.59,4.87,3.9032,10.5627428683602,7.483,7.25,968.39
2023-03-10,18.3173,104.576,24.8,82.78,4.5862,3.6987,10.5600532509258,7.492,7.25,955.28
2023-03-13,18.1979,103.595,26.52,80.77,3.9764,3.5732,10.467677145470699,7.5,7.25,961.5
2023-03-14,18.1287,103.597,23.73,77.45,4.2504,3.6892,10.4675922191685,7.5,7.25,945.12
2023-03-15,18.4372,104.646,26.14,73.69,3.8874,3.4548,10.5591514116791,7.517,7.25,946.87
2023-03-16,18.3989,104.418,22.99,74.7,4.1572,3.577,10.5852093425646,7.517,7.25,941.35
2023-03-17,18.474,103.708,25.51,72.97,3.8374,3.4286,10.5168366590021,7.533,7.25,951.56
2023-03-20,18.5196,103.281,24.15,73.79,3.9763,3.4847,10.428378808415099,7.533,7.25,942.98
2023-03-22,18.2805,102.346,22.26,76.69,3.9367,3.4341,10.4616523583885,7.525,7.25,961.48
2023-03-23,18.0989,102.532,22.61,75.91,3.833,3.4266,10.431743892265398,7.55,7.25,977.78
2023-03-24,18.157,103.116,21.74,74.99,3.7667,3.3762,10.4673187349614,7.55,7.25,972.17
2023-03-27,18.3085,102.857,20.6,78.12,3.9952,3.5299,10.4870892657669,7.558,7.25,964.01
2023-03-28,18.1474,102.43,19.97,78.65,4.0783,3.5696,10.5005421273185,7.558,7.25,970.69
2023-03-29,18.1014,102.64,19.12,78.28,4.0989,3.5639,10.4396583780615,7.558,7.25,980.14
2023-03-30,17.8203,102.144,19.02,79.27,4.1195,3.5488,10.4660565940806,7.575,7.25,985.77
2023-03-31,17.7962,102.506,18.7,79.77,4.0253,3.4676,10.3582148261153,7.96,7.75,990.28
2023-04-03,17.8492,102.093,18.55,84.93,3.9634,3.4114,10.3937349837031,7.958,7.75,989.18
2023-04-04,17.9305,101.586,19.0,84.94,3.8253,3.3387,10.4073287188631,7.958,7.75,987.62
2023-04-05,18.0419,101.852,19.08,84.99,3.7798,3.3108,10.3533372233531,7.958,7.75,987.85
2023-04-06,18.25,101.822,18.4,85.12,3.8309,3.305,10.4369479387933,7.958,7.75,984.43
2023-04-11,18.3962,102.204,19.1,85.61,4.0224,3.4262,10.5432713442393,7.958,7.75,996.25
2023-04-12,18.4191,101.5,19.09,87.33,3.9578,3.3906,10.5187459052016,7.958,7.75,993.58
2023-04-13,18.0472,101.011,17.8,86.09,3.9683,3.4449,10.4585950263219,7.958,7.75,997.03
2023-04-14,18.086,101.552,17.07,86.31,4.0989,3.5128,10.5292268113577,7.958,7.75,1000.49
2023-04-17,18.3177,102.103,16.95,84.76,4.1942,3.6004,10.6377331407077,7.975,7.75,1003.78
2023-04-18,18.1632,101.745,16.83,84.77,4.1967,3.5756,10.6114528551407,7.958,7.75,1000.54
2023-04-19,18.1983,101.968,16.46,83.12,4.2437,3.5908,10.6533031415893,7.958,7.75,990.37
2023-04-20,18.0342,101.84,17.17,81.1,4.1423,3.5318,10.619903862921399,7.958,7.75,989.79
2023-04-21,18.1078,101.822,16.77,81.66,4.1816,3.5718,10.6502492441367,7.958,7.75,980.74
2023-04-24,18.1344,101.348,16.89,82.73,4.0882,3.4901,10.7233808567296,7.958,7.75,977.38
2023-04-25,18.3328,101.863,18.76,80.77,3.9544,3.3996,10.738112948185801,7.958,7.75,965.6
2023-04-26,18.3992,101.467,18.84,77.69,3.9509,3.4485,10.7421458521244,7.958,7.75,967.85
2023-04-28,18.2902,101.659,15.78,79.54,4.0064,3.422,10.7215635493811,7.958,7.75,977.05
2023-05-02,18.4737,101.958,17.78,75.32,3.9613,3.4239,10.749864283528101,7.967,7.75,973.94
2023-05-03,18.29,101.343,18.34,72.33,3.8048,3.3356,10.6836056960333,7.967,7.75,969.62
2023-05-04,18.2873,101.399,20.09,72.5,3.7903,3.3787,10.683480447436999,7.975,7.75,976.36
2023-05-05,18.4074,101.214,17.19,75.3,3.9139,3.437,10.714912861148001,7.975,7.75,981.66
2023-05-08,18.331,101.377,16.98,77.01,4.0012,3.5072,10.749494163325,7.983,7.75,989.44
2023-05-09,18.6341,101.605,17.71,77.44,4.0221,3.5186,10.8995300443488,7.983,7.75,982.24
2023-05-10,18.8709,101.477,16.94,76.41,3.9098,3.4426,11.0551943800965,7.983,7.75,979.64
2023-05-11,19.2051,102.058,16.93,74.98,3.8994,3.3843,11.370327798028299,8.017,7.75,977.82
2023-05-12,19.3414,102.681,17.03,74.17,3.9872,3.4625,11.2930274969032,8.075,7.75,973.0
2023-05-15,19.0297,102.434,17.12,75.23,4.0104,3.5019,11.2221729050935,8.083,7.75,977.48
2023-05-16,19.0756,102.564,17.99,74.91,4.0821,3.5339,11.2286379845387,8.083,7.75,979.24
2023-05-17,19.2521,102.882,16.87,76.96,4.154,3.5641,11.4522171169423,8.083,7.75,975.83
2023-05-18,19.3328,103.584,16.05,75.86,4.2517,3.6457,11.5473226438811,8.083,7.75,978.16
2023-05-19,19.4517,103.198,16.81,75.58,4.2659,3.6726,11.605731151609799,8.092,7.75,977.24
2023-05-22,19.2248,103.198,17.21,75.99,4.3154,3.7148,11.6453952500475,8.108,7.75,983.27
2023-05-23,19.202,103.488,18.53,76.84,4.316,3.6919,11.6572152193376,8.125,7.75,978.6
2023-05-24,19.247,103.887,20.03,78.36,4.3757,3.7419,11.505302806193,8.133,7.75,970.9
2023-05-25,19.8025,104.251,19.14,76.26,4.5329,3.8174,11.5511659169751,8.133,7.75,964.01
2023-05-26,19.6529,104.206,17.95,76.95,4.5619,3.7983,11.5374102798642,8.492,8.25,972.86
2023-05-29,19.6674,104.206,17.46,77.07,4.5619,3.7983,11.552446524157101,8.492,8.25,971.75
2023-05-30,19.6984,104.165,17.46,73.54,4.4501,3.6866,11.7139388683199,8.492,8.25,970.32
2023-05-31,19.7255,104.326,17.94,72.66,4.4027,3.6426,11.709517473410699,8.49,8.25,958.53
2023-06-01,19.6274,103.56,15.65,74.28,4.3408,3.595,11.6390126974146,8.492,8.25,961.8
2023-06-02,19.529,104.015,14.6,76.13,4.4969,3.6907,11.6120657810228,8.492,8.25,984.36
2023-06-05,19.2766,104.002,14.73,76.71,4.4659,3.6831,11.4818007564285,8.492,8.25,986.69
2023-06-06,19.2025,104.125,13.96,76.29,4.4786,3.6602,11.384601332522799,8.483,8.25,988.49
2023-06-07,19.0918,104.099,13.94,76.95,4.5563,3.7952,11.3039639815946,8.483,8.25,995.41
2023-06-08,18.8357,103.343,13.65,75.96,4.5147,3.7179,11.232059305233,8.483,8.25,994.08
2023-06-09,18.7564,103.557,13.83,74.79,4.5956,3.7394,11.2317188129406,8.483,8.25,1002.33
2023-06-12,18.5702,103.654,15.01,71.84,4.577,3.7356,11.1829057432035,8.475,8.25,1003.14
2023-06-13,18.6285,103.338,14.61,74.29,4.6662,3.8133,11.153428558213,8.475,8.25,1013.25
2023-06-14,18.3461,102.948,13.88,73.2,4.6879,3.7862,11.1201094137986,8.475,8.25,1014.91
2023-06-15,18.2223,102.115,14.5,75.67,4.6418,3.7165,11.1515739166729,8.475,8.25,1023.59
2023-06-19,18.1949,102.522,14.19,76.09,4.7141,3.7613,11.1874995473676,8.492,8.25,1023.42
2023-06-20,18.378,102.54,13.88,75.9,4.6847,3.7207,11.2646055835451,8.492,8.25,1013.24
2023-06-21,18.3159,102.071,13.2,77.12,4.7152,3.7189,11.1739515404188,8.492,8.25,1004.27
2023-06-22,18.5223,102.386,12.91,74.14,4.7909,3.7946,11.1719066761516,8.492,8.25,1001.14
2023-06-23,18.7542,102.903,13.44,73.85,4.7412,3.7347,11.1708774100239,8.492,8.25,991.91
2023-06-26,18.6507,102.692,14.25,74.18,4.744,3.7212,11.1046929903696,8.492,8.25,989.27
2023-06-27,18.5196,102.492,13.74,72.26,4.7554,3.7639,11.049372192585,8.492,8.25,995.02
2023-06-28,18.6559,102.905,13.43,74.03,4.7098,3.7078,11.033928453104801,8.492,8.25,992.06
2023-06-29,18.7648,103.342,13.54,74.34,4.8593,3.8383,11.0625403867265,8.492,8.25,987.07
2023-06-30,18.8485,102.912,13.59,74.9,4.8954,3.8367,11.0473403315374,8.5,8.25,989.48
2023-07-03,18.7414,102.988,13.57,74.65,4.9358,3.8545,11.0454558605381,8.5,8.25,1005.11
2023-07-04,18.6471,103.039,13.7,76.25,4.9358,3.8545,11.0871793207155,8.5,8.25,1008.05
2023-07-05,18.7749,103.373,14.18,76.65,4.9445,3.9315,11.0871793207155,8.5,8.25,1001.12
2023-07-06,19.1089,103.166,15.44,76.52,4.9806,4.0291,11.2597462321029,8.492,8.25,984.69
2023-07-07,18.867,102.272,14.83,78.47,4.9459,4.0616,11.3227857111936,8.5,8.25,980.66
2023-07-10,18.7948,101.972,15.07,77.69,4.8576,3.9938,11.360939951249,8.5,8.25,981.88
2023-07-11,18.4902,101.732,14.84,79.4,4.8726,3.97,11.2811379330791,8.5,8.25,994.89
2023-07-12,18.135,100.521,13.54,80.11,4.7462,3.8573,11.088140842348,8.5,8.25,1005.55
2023-07-13,17.9282,99.77,13.61,81.36,4.6303,3.7634,10.9586275188459,8.5,8.25,1020.53
2023-07-14,18.1077,99.914,13.34,79.87,4.7656,3.8322,11.065525421551,8.5,8.25,1028.49
2023-07-17,18.0356,99.842,13.48,78.5,4.7424,3.8068,11.034399620765601,8.5,8.25,1027.76
2023-07-18,17.8571,99.941,13.3,79.63,4.7659,3.7853,10.9184023855598,8.508,8.25,1022.12
2023-07-19,17.8682,100.281,13.76,79.46,4.766,3.7483,10.9099559354133,8.5,8.25,1019.59
2023-07-20,17.9244,100.88,13.99,79.64,4.8387,3.8503,10.954111275679299,8.5,8.25,1018.06
2023-07-21,17.96,101.071,13.6,81.07,4.8372,3.8349,10.9350551082122,8.467,8.25,1014.58
2023-07-24,17.7447,101.346,13.91,82.74,4.9191,3.8725,10.878522824850801,8.458,8.25,1013.45
2023-07-25,17.5485,101.349,13.86,83.64,4.8744,3.8845,10.8926104321554,8.458,8.25,1032.26
2023-07-26,17.6146,100.887,13.19,82.92,4.8516,3.8668,10.8674672955345,8.45,8.25,1031.88
2023-07-27,17.8413,101.773,14.41,84.24,4.9284,3.9982,10.838799511423,8.45,8.25,1035.15
2023-07-28,17.6312,101.622,13.33,84.99,4.8744,3.9507,10.8033526624589,8.45,8.25,1043.2
2023-07-31,17.8481,101.855,13.63,85.56,4.8766,3.9588,10.8417042551263,8.45,8.25,1046.91
2023-08-01,18.3021,102.303,13.93,84.91,4.9016,4.023,10.9053129389174,8.442,8.25,1043.09
2023-08-02,18.4635,102.59,16.09,83.2,4.8767,4.0775,10.990359710275099,8.442,8.25,1019.99
2023-08-03,18.7071,102.542,15.92,85.14,4.881,4.1751,11.0564894446783,8.442,8.25,1015.81
2023-08-04,18.4575,102.017,17.1,86.24,4.7641,4.0338,10.9243687996177,8.425,8.25,1018.02
2023-08-07,18.7012,102.047,15.77,85.34,4.7619,4.0885,10.917411115054,8.425,8.25,1016.31
2023-08-08,18.924,102.528,15.99,86.17,4.7514,4.022,10.9271852775919,8.425,8.25,1003.71
2023-08-10,18.8501,102.524,15.85,86.4,4.8417,4.1055,10.8366191265915,8.408,8.25,1008.34
2023-08-11,18.9508,102.842,14.84,86.81,4.8947,4.1522,10.9192470762144,8.408,8.25,997.72
2023-08-14,19.0829,103.19,14.82,86.21,4.9669,4.1913,11.0770647930781,8.408,8.25,986.28
2023-08-15,19.1488,103.209,16.46,84.89,4.9522,4.211,11.138086360900799,8.408,8.25,981.8
2023-08-16,19.1717,103.431,16.78,83.45,4.9652,4.2504,11.0665719146545,8.408,8.25,975.77
2023-08-17,19.0668,103.572,17.89,84.12,4.9292,4.2741,11.1020255790765,8.408,8.25,973.86
2023-08-18,18.9974,103.375,17.3,84.8,4.9425,4.2546,11.2163450318723,8.4,8.25,964.44
2023-08-21,18.9652,103.3,17.13,84.46,5.0006,4.3379,11.2708187726195,8.392,8.25,959.79
2023-08-22,18.8002,103.563,16.97,84.03,5.0459,4.3241,11.2172245726193,8.392,8.25,966.69
2023-08-23,18.4672,103.419,15.98,83.21,4.9667,4.1918,11.0392899480027,8.392,8.25,970.2
2023-08-24,18.8166,103.982,17.2,83.36,5.0229,4.2372,10.945502527989099,8.367,8.25,982.31
2023-08-25,18.6273,104.077,15.68,84.48,5.0779,4.2354,10.9545456955423,8.367,8.25,971.04
2023-08-28,18.6218,104.058,15.08,84.42,5.0479,4.202,10.9289662117783,8.367,8.25,978.09
2023-08-29,18.4805,103.531,14.45,85.49,4.8942,4.1197,10.9367783732362,8.358,8.25,987.58
2023-08-30,18.6813,103.157,13.88,85.86,4.8859,4.1139,10.971374226785601,8.358,8.25,988.3
2023-08-31,18.8758,103.619,13.57,86.86,4.8629,4.1081,11.0306948607275,8.36,8.25,980.33
2023-09-01,18.8419,104.236,13.09,88.55,4.8785,4.1788,11.052596575002301,8.358,8.25,985.68
2023-09-04,19.0782,104.236,13.82,89.0,4.8785,4.1788,11.1250283109098,8.358,8.25,995.5
2023-09-05,19.2051,104.807,14.01,90.04,4.9597,4.2598,11.229019337112799,8.35,8.25,985.84
2023-09-06,19.199,104.861,14.45,90.6,5.0162,4.2797,11.25315824013,8.333,8.25,981.42
2023-09-07,19.1767,105.059,14.4,89.92,4.9469,4.2441,11.2315875443427,8.333,8.25,973.59
2023-09-08,19.1308,105.09,13.84,90.65,4.9906,4.2641,11.2244796768677,8.333,8.25,973.86
2023-09-11,18.8733,104.569,13.8,90.64,4.9905,4.288,11.2609444410586,8.333,8.25,977.5
2023-09-12,18.9172,104.711,14.23,92.06,5.02,4.2801,11.2842509652922,8.333,8.25,975.72
2023-09-13,18.8174,104.766,13.48,91.88,4.9692,4.2485,11.2928875841704,8.333,8.25,974.56
2023-09-14,19.0187,105.405,12.82,93.7,5.0114,4.2863,11.3204114967302,8.333,8.25,982.11
2023-09-15,19.0097,105.322,13.79,93.93,5.0325,4.3324,11.3366623685693,8.333,8.25,984.99
2023-09-18,19.0115,105.202,14.0,94.43,5.0538,4.3026,11.377178034127999,8.333,8.25,976.17
2023-09-19,18.9386,105.133,14.11,94.34,5.0901,4.3586,11.362471950650201,8.333,8.25,974.5
2023-09-20,18.841,105.328,15.14,93.53,5.1758,4.407,11.352764605455699,8.333,8.25,970.87
2023-09-21,18.9538,105.363,17.54,93.3,5.1438,4.4942,11.442498900430401,8.333,8.25,956.25
2023-09-22,18.7553,105.583,17.2,93.27,5.1097,4.4337,11.5161015365794,8.333,8.25,964.24
2023-09-26,19.0777,106.231,18.94,93.96,5.1207,4.5356,11.6502414614022,8.333,8.25,947.18
2023-09-27,19.2094,106.666,18.22,96.55,5.1354,4.6075,11.680381747417801,8.333,8.25,948.25
2023-09-28,18.9817,106.224,17.34,95.38,5.0582,4.5748,11.8334730065166,8.333,8.25,944.08
2023-09-29,18.9226,106.174,17.52,95.31,5.0436,4.5711,11.651862349714099,8.333,8.25,952.78
2023-10-02,19.2165,106.904,17.61,90.71,5.1041,4.6785,11.7113397791226,8.333,8.25,951.49
2023-10-03,19.3469,107.0,19.78,90.92,5.1502,4.7955,11.7862729989786,8.342,8.25,939.16
2023-10-04,19.3333,106.799,18.58,85.81,5.0518,4.7329,11.8681249461977,8.342,8.25,927.86
2023-10-05,19.5176,106.332,18.49,84.07,5.0183,4.7185,11.7772696504957,8.342,8.25,930.23
2023-10-06,19.3,106.044,17.45,84.58,5.0813,4.8009,11.6940433802215,8.35,8.25,937.34
2023-10-09,19.3362,106.083,17.7,88.15,5.0813,4.8009,11.7040925447865,8.35,8.25,935.42
2023-10-10,19.0181,105.825,17.03,87.65,4.9696,4.653,11.5913470185227,8.342,8.25,944.55
2023-10-11,18.8269,105.82,16.09,85.82,4.9821,4.5582,11.5459785122429,8.342,8.25,956.84
2023-10-12,19.017,106.599,16.69,86.0,5.0687,4.6969,11.5182224428092,8.342,8.25,962.69
2023-10-13,19.0022,106.648,19.32,90.89,5.0538,4.6124,11.5883939912577,8.342,8.25,951.31
2023-10-16,18.771,106.243,17.21,89.65,5.0985,4.706,11.6340604726805,8.342,8.25,946.21
2023-10-17,18.8021,106.25,17.88,89.9,5.2095,4.8341,11.6454000285839,8.342,8.25,951.21
2023-10-18,18.9923,106.565,19.22,91.5,5.2225,4.9149,11.706558673874,8.342,8.25,943.12
2023-10-19,19.0237,106.253,21.4,92.38,5.1585,4.9898,11.7350061929092,8.35,8.25,930.8
2023-10-20,19.0104,106.163,21.71,92.16,5.0731,4.9137,11.6656772915834,8.35,8.25,925.58
2023-10-23,18.9618,105.536,20.37,89.83,5.0474,4.8502,11.6949745830126,8.35,8.25,917.69
2023-10-24,19.0425,106.27,18.97,88.07,5.1119,4.8229,11.5715943832019,8.35,8.25,920.57
2023-10-25,19.1255,106.528,20.19,90.13,5.1206,4.9549,11.5556638622298,8.35,8.25,920.78
2023-10-26,18.9643,106.602,20.68,87.93,5.0395,4.8445,11.575508714544599,8.358,8.25,910.91
2023-10-27,18.8396,106.559,21.27,90.48,5.0021,4.8346,11.5281544991412,8.358,8.25,919.78
2023-10-30,18.8575,106.12,19.75,87.45,5.054,4.8942,11.5844332960625,8.358,8.25,921.9
2023-10-31,18.6488,106.663,18.14,87.41,5.0873,4.9307,11.552513202496199,8.36,8.25,915.2
2023-11-01,18.5151,106.884,16.87,84.63,4.9436,4.7341,11.4566509668185,8.358,8.25,915.97
2023-11-02,18.4211,106.124,15.66,86.85,4.9893,4.659,11.2716040961028,8.358,8.25,930.62
2023-11-03,18.2604,105.021,14.91,84.89,4.8386,4.5724,11.218375158981999,8.358,8.25,948.26
2023-11-06,18.2926,105.215,14.89,85.18,4.9345,4.6431,11.2940650662902,8.358,8.25,968.91
2023-11-07,18.3386,105.542,14.81,81.61,4.9176,4.5665,11.3048982253831,8.358,8.25,960.66
2023-11-08,18.4732,105.593,14.45,79.54,4.932,4.4925,11.2210398697197,8.358,8.25,957.91
2023-11-09,18.66,105.91,15.29,80.01,5.0202,4.6241,11.238636318688899,8.358,8.25,956.25
2023-11-10,18.727,105.861,14.17,81.43,5.0623,4.6518,11.298360185583899,8.358,8.25,948.32
2023-11-13,18.7266,105.631,14.76,82.52,5.0348,4.6399,11.3643139374328,8.358,8.25,952.27
2023-11-14,18.2248,104.053,14.16,82.47,4.836,4.4473,11.1793953378997,8.358,8.25,959.12
2023-11-15,18.1813,104.394,14.18,81.18,4.9118,4.5314,11.1463217532096,8.358,8.25,983.51
2023-11-16,18.3731,104.349,14.32,77.42,4.8375,4.4355,11.0130325541174,8.358,8.25,982.25
2023-11-17,18.359,103.917,13.8,80.61,4.8855,4.4354,10.9987226492577,8.367,8.25,976.52
2023-11-20,18.3407,103.438,13.41,82.32,4.9109,4.4198,10.9799439855682,8.367,8.25,985.41
2023-11-21,18.6394,103.565,13.35,82.45,4.8723,4.3926,10.8450496512085,8.367,8.25,988.47
2023-11-22,18.8862,103.92,12.85,81.96,4.8996,4.4042,10.972010909614,8.367,8.25,983.6
2023-11-23,18.8142,103.92,12.8,81.42,4.8996,4.4042,11.029442065733699,8.367,8.25,988.08
2023-11-24,18.7791,103.403,12.46,80.58,4.9484,4.4665,11.132329761990501,8.367,8.25,980.33
2023-11-27,18.6543,103.199,12.69,79.98,4.888,4.3866,11.1065288665865,8.367,8.25,977.54
2023-11-28,18.6028,102.746,12.69,81.68,4.7342,4.3207,10.9914974507282,8.367,8.25,985.47
2023-11-29,18.7508,102.765,12.98,83.1,4.6455,4.2552,10.9075027310389,8.367,8.25,983.04
2023-11-30,18.8545,103.497,12.92,82.83,4.6802,4.3264,10.937918411388301,8.37,8.25,987.1
2023-12-01,18.6521,103.268,12.63,78.88,4.5384,4.1956,10.959206109462901,8.367,8.25,982.14
2023-12-04,18.8012,103.712,13.08,78.03,4.6353,4.2529,10.9205316522846,8.367,8.25,980.24
2023-12-05,18.9532,104.05,12.85,77.2,4.5767,4.1649,10.9466113043667,8.375,8.25,972.03
2023-12-06,18.9608,104.153,12.97,74.3,4.5929,4.104,10.9293961586223,8.375,8.25,974.98
2023-12-07,18.7652,103.541,13.06,74.05,4.5945,4.1495,10.921671357915,8.375,8.25,970.12
2023-12-08,18.9559,104.01,12.35,75.84,4.7209,4.2256,10.9888685406374,8.383,8.25,975.01
2023-12-11,19.0853,104.095,12.63,76.03,4.708,4.2333,11.0729437087024,8.4,8.25,973.23
2023-12-12,18.967,103.865,12.07,73.24,4.7308,4.2006,11.019439682652301,8.4,8.25,976.58
2023-12-13,18.6824,102.869,12.19,74.26,4.4265,4.0164,11.0116365157986,8.392,8.25,973.47
2023-12-14,18.3339,101.956,12.48,76.61,4.3882,3.9208,10.806650744471199,8.392,8.25,992.51
2023-12-18,18.5855,102.561,12.56,77.95,4.4463,3.9314,10.64335725015,8.392,8.25,997.91
2023-12-19,18.3221,102.167,12.53,79.23,4.4394,3.9313,10.7137277453768,8.4,8.25,998.6
2023-12-20,18.327,102.408,13.67,79.7,4.3313,3.8474,10.6657614129824,8.4,8.25,997.46
2023-12-21,18.361,101.843,13.65,79.39,4.3474,3.8881,10.7420963201079,8.4,8.25,998.32
2023-12-22,18.4313,101.698,13.03,79.07,4.3231,3.895,10.7095379542564,8.4,8.25,992.28
2023-12-27,18.3975,100.986,12.43,79.65,4.2416,3.7944,10.7048892987556,8.4,8.25,1009.84
2023-12-28,18.5389,101.229,12.47,78.39,4.2767,3.8443,10.7005867058981,8.4,8.25,1022.89
2023-12-29,18.3621,101.333,12.45,77.04,4.2499,3.8791,10.7472808029908,8.4,8.25,1023.74
2024-01-02,18.569,102.2,13.2,75.89,4.3201,3.9294,10.8268568723292,8.4,8.25,1016.38
2024-01-03,18.7192,102.494,14.04,78.25,4.3305,3.9162,10.8761724434893,8.4,8.25,1003.13
2024-01-04,18.7043,102.422,14.13,77.59,4.3845,3.9988,10.8850633043199,8.4,8.25,1004.26
2024-01-05,18.6852,102.412,13.35,78.76,4.3807,4.0457,10.8486369081819,8.4,8.25,1002.08
2024-01-08,18.6606,102.209,13.08,76.12,4.3746,4.0305,10.848345252665299,8.4,8.25,996.76
2024-01-09,18.6969,102.57,12.76,77.59,4.3642,4.0133,10.7115427567933,8.4,8.25,993.0
2024-01-10,18.694,102.362,12.69,76.8,4.358,4.0283,10.7252535867501,8.4,8.25,988.97
2024-01-11,18.6423,102.291,12.44,77.41,4.2451,3.9658,10.7039999729977,8.4,8.25,994.75
2024-01-12,18.6537,102.404,12.7,78.29,4.1441,3.939,10.7209121706919,8.4,8.25,996.3
2024-01-15,18.6752,102.404,13.25,78.15,4.1441,3.939,10.7550820229028,8.4,8.25,995.16
2024-01-16,18.9712,103.357,13.84,78.29,4.2195,4.0581,10.8614274742944,8.4,8.25,979.72
2024-01-17,19.0562,103.45,14.79,77.88,4.3608,4.1019,10.8741021736235,8.4,8.25,958.39
2024-01-18,18.9385,103.536,14.13,79.1,4.3524,4.142,10.8497562879609,8.4,8.25,961.34
2024-01-19,19.0308,103.288,13.3,78.56,4.3845,4.1226,10.8144375797094,8.4,8.25,970.91
2024-01-22,19.2024,103.331,13.19,80.06,4.3911,4.1052,10.7769301582769,8.4,8.25,964.15
2024-01-23,19.0411,103.617,12.55,79.55,4.3678,4.1282,10.789613786649301,8.4,8.25,969.97
2024-01-24,18.8881,103.236,13.14,80.04,4.3799,4.1762,10.775653752273,8.4,8.25,982.34
2024-01-25,18.874,103.574,13.45,82.43,4.2932,4.1184,10.794479319766701,8.392,8.25,988.3
2024-01-26,18.7883,103.433,13.26,83.55,4.3489,4.1373,10.809364670851899,8.392,8.25,985.1
2024-01-29,18.8117,103.609,13.6,82.4,4.318,4.074,10.814820278028101,8.392,8.25,990.18
2024-01-30,18.7995,103.397,13.31,82.87,4.3345,4.0319,10.8373489367967,8.392,8.25,980.59
2024-01-31,18.6849,103.274,14.35,81.71,4.2067,3.9124,10.822722164551001,8.39,8.25,975.8
2024-02-01,18.5989,103.048,13.88,78.7,4.2024,3.8802,10.7562642276572,8.392,8.25,982.12
2024-02-02,18.8995,103.922,13.85,77.33,4.3638,4.0199,10.8114238836689,8.367,8.25,988.21
2024-02-05,19.0667,104.452,13.67,77.99,4.4722,4.1579,10.8883219176864,8.367,8.25,983.32
2024-02-06,18.8271,104.213,13.06,78.59,4.4035,4.1,10.8834331430744,8.367,8.25,999.86
2024-02-07,18.9015,104.057,12.83,79.21,4.4287,4.1211,10.8922205909072,8.375,8.25,1002.55
2024-02-08,18.9695,104.165,12.79,81.63,4.454,4.154,10.9319677627392,8.367,8.25,997.54
2024-02-09,19.024,104.111,12.93,82.19,4.4799,4.1754,10.954755895879199,8.367,8.25,995.53
2024-02-12,18.9035,104.17,13.93,82.0,4.4738,4.1793,11.0574397744769,8.367,8.25,996.06
2024-02-13,19.1264,104.96,15.85,82.77,4.6578,4.3143,11.1111577378565,8.367,8.25,996.78
2024-02-14,19.0461,104.723,14.38,81.6,4.5778,4.2554,11.1476832340758,8.367,8.25,998.86
2024-02-15,18.9446,104.296,14.01,82.86,4.574,4.23,11.0435001236728,8.367,8.25,1007.7
2024-02-16,18.8837,104.275,14.24,83.47,4.6416,4.2792,11.0708576222081,8.367,8.25,1016.23
2024-02-19,18.9612,104.291,14.71,83.56,4.6416,4.2792,11.106080833295499,8.367,8.25,1016.38
2024-02-20,18.9116,104.079,15.42,82.34,4.6121,4.2753,11.0760443495672,8.367,8.25,1018.99
2024-02-21,18.9204,104.006,15.34,83.03,4.666,4.3187,10.9643118145492,8.367,8.25,1020.62
2024-02-22,19.1635,103.957,14.54,83.67,4.7116,4.3207,10.9936353951638,8.367,8.25,1029.44
2024-02-23,19.3143,103.936,13.75,81.62,4.6896,4.248,11.1012105553342,8.367,8.25,1028.31
2024-02-26,19.2913,103.827,13.74,82.53,4.7182,4.2795,11.1711163147693,8.367,8.25,1024.11
2024-02-27,19.097,103.829,13.43,83.65,4.6933,4.3032,11.1724003293607,8.367,8.25,1027.75
2024-02-28,19.275,103.975,13.84,83.68,4.6374,4.2639,11.111649503892899,8.367,8.25,1018.72
2024-02-29,19.204,104.156,13.4,83.62,4.6187,4.2502,11.0857387845326,8.37,8.25,1020.94
2024-03-01,19.1115,103.861,13.11,83.55,4.5313,4.1798,11.0854023474122,8.367,8.25,1024.68
2024-03-04,19.0415,103.832,13.49,82.8,4.6017,4.2131,11.1007025595978,8.367,8.25,1030.39
2024-03-05,18.9746,103.798,14.46,82.04,4.5579,4.1525,11.082748807583801,8.367,8.25,1021.74
2024-03-06,18.8309,103.369,14.5,82.96,4.5536,4.102,11.0761418423909,8.35,8.25,1027.95
2024-03-07,18.6815,102.823,14.44,82.96,4.5014,4.0827,11.0803665337593,8.35,8.25,1030.27
2024-03-08,18.7293,102.712,14.74,82.08,4.4735,4.0749,11.113038569899999,8.35,8.25,1037.09
2024-03-11,18.6792,102.869,15.22,82.21,4.536,4.0982,11.1322567724572,8.35,8.25,1039.07
2024-03-12,18.6698,102.957,13.84,81.92,4.5862,4.1507,11.1870852061367,8.35,8.25,1049.07
2024-03-13,18.5782,102.789,13.75,84.03,4.6345,4.1899,11.2257716024879,8.35,8.25,1046.51
2024-03-14,18.734,103.36,14.4,85.42,4.6936,4.2903,11.3018436699869,8.35,8.25,1048.68
2024-03-15,18.7733,103.432,14.41,85.34,4.7276,4.3063,11.3865774468255,8.35,8.25,1034.74
2024-03-18,18.946,103.579,14.33,86.89,4.7319,4.3242,11.4765354183299,8.35,8.25,1038.07
2024-03-19,18.9045,103.818,13.82,87.38,4.6831,4.2925,11.4600221350964,8.35,8.25,1027.78
2024-03-20,18.7034,103.389,13.04,85.95,4.6023,4.2728,11.406696809363199,8.35,8.25,1032.12
2024-03-22,19.0295,104.43,13.06,85.43,4.5891,4.1981,11.4267870584395,8.35,8.25,1039.32
2024-03-25,18.8847,104.224,13.19,86.75,4.6254,4.2454,11.4586284103761,8.35,8.25,1036.13
2024-03-26,18.9808,104.298,13.24,86.25,4.591,4.2316,11.5721234130072,8.35,8.25,1040.07
2024-03-27,18.909,104.348,12.78,86.09,4.5682,4.1903,11.5941628489232,8.35,8.25,1036.73
2024-03-28,18.9399,104.546,13.01,87.48,4.62,4.2003,11.6374974415672,8.35,8.25,1040.39
2024-04-02,18.7759,104.816,14.61,88.92,4.6888,4.3491,11.6207968917109,8.35,8.25,1049.93
2024-04-03,18.6722,104.249,14.33,89.35,4.6723,4.3472,11.525391531951799,8.35,8.25,1043.23
2024-04-04,18.7131,104.121,16.35,90.65,4.6474,4.3094,11.4429262283264,8.35,8.25,1048.76
2024-04-05,18.702,104.298,16.03,91.17,4.7505,4.4016,11.4905659839848,8.35,8.25,1045.71
2024-04-08,18.6409,104.14,15.19,90.38,4.7886,4.4198,11.5685537309063,8.35,8.25,1049.16
2024-04-09,18.4606,104.148,14.98,89.42,4.7426,4.3616,11.4884775527666,8.35,8.25,1055.37
2024-04-10,18.7767,105.245,15.8,90.48,4.9731,4.5435,11.563310738339801,8.35,8.25,1057.89
2024-04-11,18.7328,105.282,14.91,89.74,4.9609,4.5865,11.642250975828,8.35,8.25,1055.09
2024-04-12,18.8642,106.038,17.31,90.45,4.8966,4.5216,11.7193994689886,8.358,8.25,1041.7
2024-04-15,18.9867,106.208,19.23,90.1,4.9205,4.6014,11.7995240265459,8.358,8.25,1030.74
2024-04-16,19.0538,106.257,18.4,90.02,4.9871,4.6674,11.8727367520602,8.367,8.25,1009.84
2024-04-17,19.0276,105.951,18.21,87.29,4.9321,4.5873,11.7306660664175,8.367,8.25,1012.46
2024-04-18,19.1535,106.151,18.0,87.11,4.9861,4.6326,11.6727687176576,8.367,8.25,1018.59
2024-04-19,19.1033,106.154,18.71,87.29,4.9858,4.6207,11.7486247731853,8.358,8.25,1004.17
2024-04-22,19.194,106.077,16.94,87.0,4.9713,4.6085,11.746384890568299,8.358,8.25,1011.84
2024-04-23,19.1149,105.675,15.69,88.42,4.931,4.6004,11.682526711869,8.35,8.25,1019.34
2024-04-24,19.2276,105.857,15.97,88.02,4.9269,4.6417,11.7455920235104,8.35,8.25,1034.69
2024-04-25,19.032,105.598,15.37,89.01,4.9975,4.7039,11.8248794621344,8.35,8.25,1028.61
2024-04-26,18.8093,105.938,15.03,89.5,4.9934,4.663,11.6566384135875,8.35,8.25,1041.52
2024-04-29,18.6305,105.579,14.67,88.4,4.9767,4.6136,11.5887528396694,8.35,8.25,1051.33
2024-04-30,18.7821,106.221,15.65,87.86,5.0351,4.6798,11.5894310346894,8.35,8.25,1045.95
2024-05-02,18.5494,105.299,14.68,83.67,4.8727,4.5811,11.5269899941918,8.35,8.25,1052.86
2024-05-03,18.5102,105.03,13.49,82.96,4.816,4.5077,11.533959675886301,8.35,8.25,1061.45
2024-05-06,18.4769,105.051,13.49,83.33,4.8305,4.4874,11.5368234186701,8.35,8.25,1066.73
2024-05-07,18.5163,105.412,13.23,83.16,4.8304,4.457,11.4667029787495,8.35,8.25,1068.26
2024-05-08,18.5709,105.546,13.0,83.58,4.8365,4.4937,11.5134878004455,8.35,8.25,1066.62
2024-05-09,18.4866,105.227,12.69,83.88,4.8154,4.4531,11.5468974759002,8.35,8.25,1063.52
2024-05-10,18.446,105.301,12.55,82.79,4.8655,4.4963,11.5524364673286,8.35,8.25,1071.64
2024-05-13,18.3699,105.218,13.6,83.36,4.8612,4.4865,11.5022708488666,8.35,8.25,1078.72
2024-05-14,18.3888,105.013,13.42,82.38,4.8147,4.4394,11.5278681103878,8.35,8.25,1080.96
2024-05-15,18.2725,104.345,12.45,82.75,4.7237,4.34,11.4444547421569,8.35,8.25,1084.65
2024-05-16,18.1878,104.462,12.42,83.27,4.7953,4.375,11.384323329714901,8.35,8.25,1098.56
2024-05-17,18.1665,104.445,11.99,83.98,4.8245,4.4198,11.3769761073284,8.342,8.25,1099.79
2024-05-20,18.2004,104.565,12.15,83.71,4.8478,4.4433,11.3177017299621,8.342,8.25,1101.91
2024-05-21,18.0793,104.661,11.86,82.88,4.8285,4.412,11.2978140006124,8.342,8.25,1093.38
2024-05-22,18.2662,104.933,12.29,81.9,4.869,4.4218,11.299283200385899,8.342,8.25,1095.29
2024-05-23,18.4794,105.108,12.77,81.36,4.9353,4.4767,11.406814580991801,8.342,8.25,1091.37
2024-05-24,18.4174,104.724,11.93,82.12,4.9461,4.465,11.5077498944327,8.342,8.25,1082.98
2024-05-27,18.362,104.595,12.36,83.1,4.9461,4.465,11.5460533057671,8.342,8.25,1090.32
2024-05-28,18.2774,104.614,12.92,84.22,4.9764,4.55,11.4756247627155,8.342,8.25,1088.01
2024-05-30,18.7551,104.716,14.47,81.86,4.9248,4.546,11.4924139493883,8.342,8.25,1058.08
2024-05-31,18.793,104.671,12.92,81.62,4.8727,4.4985,11.6496751721451,8.34,8.25,1048.96
2024-06-03,18.5151,104.14,13.11,78.36,4.808,4.3884,11.532279340222,8.342,8.25,1069.31
2024-06-04,18.7127,104.11,13.16,77.52,4.7704,4.3259,11.5534942305574,8.342,8.25,1051.96
2024-06-05,18.9389,104.268,12.63,78.41,4.7222,4.2755,11.718127837002,8.342,8.25,1062.79
2024-06-06,18.9718,104.102,12.58,79.87,4.724,4.287,11.7044143402389,8.342,8.25,1073.26
2024-06-07,18.9035,104.885,12.22,79.62,4.8868,4.4335,11.558706613773,8.342,8.25,1073.14
2024-06-10,18.7218,105.15,12.74,81.63,4.8804,4.467,11.4670859283752,8.342,8.25,1070.33
2024-06-11,18.5988,105.23,12.85,81.92,4.834,4.404,11.3486874504935,8.342,8.25,1065.7
2024-06-12,18.3833,104.645,12.04,82.6,4.7518,4.316,11.2451241413223,8.342,8.25,1068.55
2024-06-13,18.4334,105.196,11.94,82.75,4.6969,4.2442,11.1409812109263,8.342,8.25,1075.54
2024-06-14,18.3861,105.55,12.66,82.62,4.7044,4.2209,11.187992397892401,8.35,8.25,1076.89
2024-06-18,18.0414,105.256,12.3,85.33,4.712,4.2227,10.8929890146101,8.35,8.25,1081.81
2024-06-19,17.955,105.254,12.48,85.07,4.712,4.2227,10.773722311941,8.35,8.25,1095.27
2024-06-20,17.9778,105.588,13.28,85.71,4.7372,4.2594,10.8045501576178,8.35,8.25,1095.76
2024-06-21,17.9691,105.796,13.2,85.24,4.7322,4.2554,10.7094902600981,8.35,8.25,1086.93
2024-06-24,18.1041,105.473,13.33,86.01,4.7234,4.2321,10.8105881639427,8.35,8.25,1084.32
2024-06-25,18.2479,105.607,12.84,85.01,4.7424,4.2476,10.8105881639427,8.35,8.25,1085.32
2024-06-26,18.1783,106.052,12.55,85.25,4.7472,4.3294,10.7315126200663,8.35,8.25,1086.2
2024-06-27,18.4725,105.906,12.24,86.39,4.712,4.2864,11.0561285627062,8.35,8.25,1081.87
2024-06-28,18.1933,105.866,12.44,86.41,4.7535,4.3961,10.9191690017318,8.35,8.25,1086.25
2024-07-01,18.3697,105.901,12.22,86.6,4.7556,4.4613,10.823766564578099,8.342,8.25,1087.38
2024-07-02,18.6063,105.722,12.03,86.24,4.7412,4.4316,10.8686909726652,8.342,8.25,1079.78
2024-07-03,18.4154,105.403,12.09,87.34,4.7059,4.3587,10.7247161162439,8.342,8.25,1092.38
2024-07-04,18.2587,105.13,12.26,87.43,4.7059,4.3587,10.6770617693146,8.342,8.25,1104.18
2024-07-05,18.1828,104.875,12.48,86.54,4.6035,4.2784,10.628715798947901,8.342,8.25,1104.88
2024-07-08,18.1174,105.0,12.37,85.75,4.6285,4.2783,10.606496045980201,8.342,8.25,1107.3
2024-07-09,18.1456,105.129,12.51,84.66,4.6264,4.2959,10.6612556438184,8.342,8.25,1111.7
2024-07-10,18.1253,105.048,12.85,85.08,4.62,4.2841,10.607973209497901,8.342,8.25,1111.22
2024-07-11,18.0049,104.44,12.92,85.4,4.513,4.2101,10.5174280596614,8.333,8.25,1124.86
2024-07-12,17.9547,104.093,12.46,85.03,4.4514,4.1829,10.4165214652082,8.333,8.25,1123.56
2024-07-15,18.2084,104.189,13.12,84.85,4.4575,4.2294,10.5123413016441,8.325,8.25,1120.27
2024-07-16,18.0603,104.27,13.19,83.73,4.4172,4.1576,10.4807342546221,8.325,8.25,1117.38
2024-07-17,18.1988,103.748,14.48,85.08,4.4379,4.1576,10.5526081793791,8.325,8.25,1111.46
2024-07-18,18.2584,104.173,15.93,85.11,4.4714,4.2021,10.5765495954962,8.325,8.25,1105.95
2024-07-19,18.2659,104.396,16.52,82.63,4.5109,4.2389,10.6225911087769,8.308,8.25,1089.61
2024-07-22,18.2593,104.314,14.91,82.4,4.517,4.2525,10.5580378728052,8.308,8.25,1085.48
2024-07-23,18.3909,104.45,14.72,81.01,4.4913,4.2506,10.4884159298564,8.308,8.25,1086.96
2024-07-24,18.3412,104.391,18.04,81.71,4.4307,4.2838,10.519432096034901,8.283,8.25,1082.44
2024-07-25,18.3525,104.355,18.46,82.37,4.4307,4.2407,10.5340439223065,8.283,8.25,1073.98
2024-07-26,18.2752,104.316,16.39,81.13,4.3832,4.1939,10.5121467621512,8.283,8.25,1072.28
2024-07-29,18.4533,104.564,16.6,79.78,4.3997,4.1744,10.5500633414135,8.283,8.25,1077.27
2024-07-30,18.3302,104.554,17.69,78.63,4.3585,4.1394,10.564023890874601,8.283,8.25,1071.6
2024-07-31,18.2031,104.096,16.36,80.72,4.2575,4.0296,10.4643130636256,8.28,8.25,1084.77
2024-08-01,18.274,104.421,18.59,79.52,4.1482,3.976,10.392191962844299,8.283,8.25,1087.8
2024-08-02,18.2653,103.208,23.39,76.81,3.8798,3.7904,10.3635894323657,8.275,8.25,1061.23
2024-08-05,18.5224,102.689,38.57,76.3,3.9201,3.7884,10.506670122528,8.258,8.25,1016.48
2024-08-06,18.4761,102.969,27.71,76.48,3.9751,3.8919,10.4771015899072,8.25,8.25,1030.86
2024-08-07,18.3862,103.197,27.85,78.33,3.9621,3.9431,10.4695823293315,8.25,8.25,1050.3
2024-08-08,18.361,103.209,23.79,79.16,4.038,3.9877,10.4342985138392,8.25,8.25,1046.31
2024-08-12,18.2356,103.139,20.71,82.3,4.0173,3.9035,10.403038228958,8.25,8.25,1069.11
2024-08-13,18.1417,102.559,18.12,80.69,3.9294,3.8428,10.302449830647099,8.25,8.25,1071.01
2024-08-14,18.0625,102.568,16.19,79.76,3.9558,3.8352,10.1941953285941,8.25,8.25,1076.57
2024-08-15,18.0226,102.977,15.23,81.04,4.0929,3.9131,10.2341012883152,8.25,8.25,1076.0
2024-08-16,17.8738,102.463,14.8,79.68,4.0497,3.8826,10.3190248920477,8.25,8.25,1093.65
2024-08-19,17.7017,101.886,14.65,77.66,4.066,3.8711,10.3066132110936,8.25,8.25,1103.53
2024-08-20,17.8203,101.441,15.88,77.2,3.9836,3.8067,10.3380403676463,8.25,8.25,1104.45
2024-08-21,17.8461,101.039,16.27,76.05,3.9305,3.801,10.2023538493066,8.25,8.25,1100.89
2024-08-22,18.0161,101.508,17.55,77.22,4.0035,3.8521,10.2394517713068,8.242,8.25,1100.98
2024-08-23,17.7037,100.718,15.86,79.02,3.9153,3.799,10.1532572116353,8.233,8.25,1100.68
2024-08-26,17.7399,100.851,16.15,81.43,3.9358,3.816,10.1330051970057,8.233,8.25,1104.28
2024-08-27,17.7253,100.552,15.43,79.55,3.8992,3.8216,10.1343111299843,8.233,8.25,1099.77
2024-08-28,17.8252,101.094,17.11,78.65,3.865,3.8349,10.1572190363322,8.233,8.25,1097.22
2024-08-29,17.7443,101.343,15.65,79.94,3.8939,3.8615,10.1191027672477,8.233,8.25,1094.96
2024-08-30,17.8183,101.698,15.0,78.8,3.9165,3.9034,10.200761983601101,8.233,8.25,1099.92
2024-09-02,17.8308,101.653,15.55,77.52,3.9165,3.9034,10.2273384771956,8.233,8.25,1096.34
2024-09-03,17.9807,101.825,20.72,73.75,3.8631,3.831,10.270332981950201,8.233,8.25,1090.17
2024-09-04,17.8601,101.358,21.32,72.7,3.7539,3.7552,10.169197487170202,8.233,8.25,1073.59
2024-09-05,17.7096,101.107,19.9,72.69,3.7435,3.7269,10.0636040626085,8.233,8.25,1076.09
2024-09-06,17.8505,101.177,22.38,71.06,3.6462,3.708,10.0469331040624,8.233,8.25,1074.89
2024-09-09,17.8846,101.552,19.45,71.84,3.6688,3.7004,10.0833586800795,8.233,8.25,1063.44
2024-09-10,17.9458,101.63,19.08,69.19,3.5941,3.6423,10.0877796009951,8.233,8.25,1062.88
2024-09-11,17.8984,101.684,17.69,70.61,3.6415,3.6534,10.0460936699953,8.233,8.25,1058.69
2024-09-12,17.801,101.366,17.07,71.97,3.6392,3.674,10.065233696376499,8.233,8.25,1075.62
2024-09-13,17.7202,101.114,16.56,71.61,3.5824,3.6513,9.96577214625004,8.233,8.25,1082.3
2024-09-16,17.6192,100.763,17.14,72.75,3.5509,3.6176,9.87151528111128,8.233,8.25,1086.02
2024-09-17,17.6193,100.894,17.61,73.7,3.6048,3.6456,9.874561837429791,8.233,8.25,1090.51
2024-09-18,17.5454,100.596,18.23,73.65,3.6172,3.7038,9.82314473736063,8.233,8.25,1087.75
2024-09-19,17.4945,100.614,16.33,74.88,3.5813,3.7131,9.80948282367645,8.225,8.25,1100.15
2024-09-20,17.4261,100.723,16.15,74.49,3.591,3.7413,9.79898618943299,8.1,8.0,1106.44
2024-09-23,17.3503,100.851,15.89,73.9,3.5866,3.7489,9.76979255939202,8.067,8.0,1110.66
2024-09-25,17.2694,100.912,15.41,73.46,3.5592,3.7849,9.76979255939202,8.05,8.0,1136.8
2024-09-26,17.1744,100.562,15.37,71.6,3.6287,3.7963,9.72645727491432,8.05,8.0,1163.38
2024-09-27,17.1151,100.381,16.96,71.98,3.5592,3.7506,9.66795088727217,8.05,8.0,1174.52
2024-09-30,17.2687,100.779,16.73,71.77,3.6411,3.7809,9.71361947481965,8.05,8.0,1170.85
2024-10-01,17.4061,101.194,19.26,73.56,3.6043,3.7315,9.858529825762579,8.05,8.0,1172.59
2024-10-02,17.3532,101.677,18.9,73.9,3.6414,3.7809,9.97564837266793,8.042,8.0,1187.97
2024-10-03,17.5128,101.989,20.49,77.62,3.7053,3.8458,10.0550552609991,8.042,8.0,1173.02
2024-10-04,17.4885,102.52,19.21,78.05,3.9217,3.9672,10.0757287127325,8.042,8.0,1179.34
2024-10-07,17.3883,102.537,22.64,80.93,3.9952,4.0256,10.0983333052171,8.042,8.0,1183.78
2024-10-08,17.5735,102.549,21.42,77.18,3.9582,4.0119,10.1014128118042,8.042,8.0,1156.23
2024-10-09,17.655,102.928,20.86,76.58,4.0215,4.0726,10.0764680962651,8.042,8.0,1148.27
2024-10-10,17.5333,102.988,20.93,79.4,3.9573,4.0608,10.0442988902793,8.042,8.0,1156.96
2024-10-11,17.4212,102.89,20.46,79.04,3.9554,4.1003,10.020990243147,8.042,8.0,1159.56
2024-10-14,17.5657,103.298,19.7,77.46,3.9554,4.1003,10.085435257422901,8.042,8.0,1160.06
2024-10-15,17.6329,103.261,20.64,74.25,3.9454,4.0317,10.1233674463411,8.042,8.0,1149.73
2024-10-16,17.6227,103.59,19.58,74.22,3.9376,4.0122,10.1485207052603,8.033,8.0,1144.04
2024-10-17,17.6867,103.825,19.11,74.45,3.9719,4.0906,10.2398190990902,8.033,8.0,1135.13
2024-10-18,17.6072,103.493,18.03,73.06,3.9483,4.0828,10.2220151731788,8.033,8.0,1155.12
2024-10-21,17.6126,104.012,18.37,74.29,4.0317,4.1956,10.269687713984501,8.033,8.0,1148.42
2024-10-22,17.548,104.075,18.2,76.04,4.0324,4.2076,10.2652770202569,8.017,8.0,1142.19
2024-10-24,17.6742,104.058,19.08,74.38,4.0787,4.2118,10.2654511468407,8.017,8.0,1134.52
2024-10-25,17.6657,104.257,20.33,76.05,4.1046,4.2399,10.1124003109404,8.017,8.0,1134.88
2024-10-28,17.6997,104.316,19.8,71.42,4.1377,4.2821,10.0861144056341,8.017,8.0,1137.94
2024-10-29,17.6676,104.316,19.34,71.12,4.0962,4.2541,10.0680848034617,8.017,8.0,1136.47
2024-10-30,17.6544,103.994,20.35,72.55,4.1826,4.3004,10.0824584287023,8.017,8.0,1126.51
2024-10-31,17.6029,103.976,23.16,73.16,4.1702,4.2844,10.1882045359684,8.02,8.0,1119.52
2024-11-01,17.6549,104.282,21.88,73.1,4.2054,4.3836,10.210065959533301,8.017,8.0,1122.28
2024-11-04,17.5301,103.885,21.98,75.08,4.1599,4.2847,10.2115737059449,8.017,8.0,1129.82
2024-11-05,17.3996,103.423,20.49,75.53,4.1765,4.2708,10.2040823322702,8.017,8.0,1139.11
2024-11-06,17.6214,105.088,16.27,74.92,4.2617,4.4315,10.2613602196321,8.0,8.0,1131.87
2024-11-07,17.3063,104.508,15.2,75.63,4.1994,4.3257,10.0571824021881,7.983,8.0,1140.54
2024-11-08,17.6002,104.997,14.94,73.87,4.2539,4.3043,10.035928615752,7.983,8.0,1135.65
2024-11-11,17.9402,105.543,14.97,71.83,4.2539,4.3043,10.0909151001759,7.983,8.0,1125.89
2024-11-12,18.1109,106.024,14.71,71.89,4.3401,4.4275,10.108304645677201,7.958,8.0,1103.19
2024-11-13,18.2213,106.481,14.02,72.28,4.2857,4.4512,10.0741691716681,7.95,8.0,1093.7
2024-11-14,18.2707,106.673,14.31,72.56,4.3448,4.4354,10.0793174890578,7.933,8.0,1084.41
2024-11-15,18.1875,106.687,16.14,71.04,4.3033,4.4394,10.0583734797683,7.933,8.0,1085.0
2024-11-18,17.9627,106.275,15.58,73.3,4.2802,4.4138,10.0218490061028,7.933,8.0,1089.72
2024-11-19,18.0535,106.206,16.35,73.31,4.2803,4.3962,10.0434335853786,7.892,8.0,1094.94
2024-11-20,18.116,106.68,17.16,72.81,4.3144,4.41,9.98215768871911,7.883,8.0,1093.85
2024-11-21,18.1052,106.972,16.87,74.23,4.3487,4.4218,9.8613879093746,7.875,7.75,1085.49
2024-11-22,18.1119,107.554,15.24,75.17,4.373,4.4002,9.83714789698092,7.792,7.75,1087.27
2024-11-25,18.0621,106.817,14.6,73.01,4.2685,4.2731,9.81345826322639,7.792,7.75,1092.2
2024-11-26,18.1966,107.013,14.1,72.81,4.2561,4.3062,9.88368332796035,7.792,7.75,1086.93
2024-11-27,18.181,106.084,14.1,72.83,4.2272,4.2634,9.89080671823022,7.792,7.75,1087.58
2024-11-28,18.1133,106.048,13.9,73.28,4.2272,4.2634,9.85567188978528,7.792,7.75,1079.65
2024-11-29,18.0569,105.737,13.51,72.94,4.1509,4.1685,9.81566164636139,7.792,7.75,1078.57
2024-12-02,18.1334,106.446,13.34,71.83,4.1796,4.1897,9.86447331110093,7.792,7.75,1086.39
2024-12-03,18.1159,106.365,13.3,73.62,4.1795,4.2245,9.83104276958827,7.792,7.75,1097.52
2024-12-04,18.164,106.321,13.45,72.31,4.1256,4.18,9.90629586126715,7.792,7.75,1100.49
2024-12-05,18.0157,105.714,13.54,72.09,4.144,4.1761,9.88785913283666,7.792,7.75,1102.29
2024-12-06,18.0255,106.055,12.77,71.12,4.1039,4.1529,9.86659609298067,7.792,7.75,1105.08
2024-12-09,17.7726,106.145,14.19,72.14,4.1245,4.2012,9.84070618750304,7.792,7.75,1114.04
2024-12-10,17.8095,106.399,14.18,72.19,4.143,4.2263,9.87251034102286,7.792,7.75,1111.71
2024-12-11,17.6993,106.71,13.58,73.52,4.1532,4.2711,9.861635126298241,7.792,7.75,1108.43
2024-12-12,17.8037,106.956,13.92,73.41,4.1906,4.3278,9.83551037601699,7.792,7.75,1112.94
2024-12-13,17.8711,107.003,13.81,74.49,4.2448,4.3967,9.834048093243771,7.792,7.75,1107.01
2024-12-17,18.1038,106.956,15.87,73.19,4.2447,4.3987,9.90014166707539,7.792,7.75,1093.2
2024-12-18,18.3435,108.027,27.62,73.39,4.3545,4.514,9.96647374509109,7.783,7.75,1095.31
2024-12-19,18.3919,108.408,24.09,72.88,4.3165,4.5621,10.033682989981001,7.783,7.75,1081.76
2024-12-20,18.3054,107.621,18.36,72.94,4.3102,4.5222,10.0476194580897,7.783,7.75,1072.25
2024-12-23,18.5571,108.037,16.78,72.63,4.3401,4.5865,10.021204199990299,7.783,7.75,1081.95
2024-12-24,18.6786,108.257,14.27,73.58,4.3324,4.5887,9.95444522593076,7.783,7.75,1084.99
2024-12-27,18.7021,107.998,15.95,74.17,4.3262,4.6253,9.95928301971837,7.783,7.75,1082.87
2024-12-30,18.8106,108.13,17.4,74.39,4.2418,4.5327,9.99200079999919,7.767,7.75,1078.4
2024-12-31,18.8432,108.487,17.35,74.64,4.2416,4.569,9.97501177274976,7.75,7.75,1075.48
2025-01-02,18.7461,109.394,17.93,75.93,4.2395,4.559,9.923980015721929,7.75,7.75,1071.0
2025-01-03,18.7232,108.952,16.13,76.51,4.2787,4.5975,9.93067103681582,7.75,7.75,1073.21
2025-01-06,18.5772,108.257,16.04,76.3,4.2745,4.63,9.95789092494094,7.75,7.75,1078.89
2025-01-07,18.6955,108.542,17.82,77.05,4.2911,4.685,9.98627995688802,7.75,7.75,1080.07
2025-01-08,18.9037,109.09,17.7,76.16,4.2828,4.6892,10.0887464517412,7.75,7.75,1070.79
2025-01-09,18.93,109.179,18.07,76.92,4.264,4.6893,10.1337047435619,7.742,7.75,1066.47
2025-01-10,19.1084,109.65,19.54,79.76,4.3792,4.7592,10.2628675079009,7.733,7.75,1057.1
2025-01-13,19.0436,109.956,19.19,81.01,4.3793,4.7779,10.3462431299568,7.733,7.75,1039.11
2025-01-14,18.9174,109.273,18.71,79.92,4.3668,4.7924,10.296597922070399,7.708,7.75,1053.05
2025-01-15,18.7822,109.09,16.12,82.03,4.2638,4.6531,10.1663031267372,7.708,7.75,1055.8
2025-01-16,18.83,108.957,16.6,81.29,4.23,4.6125,10.1920192848852,7.7,7.75,1066.67
2025-01-17,18.749,109.347,15.97,80.79,4.2826,4.627,10.1896752270883,7.7,7.75,1070.12
2025-01-20,18.5389,109.347,15.81,80.15,4.2826,4.627,10.1354335332085,7.7,7.75,1080.5
2025-01-21,18.5031,108.062,15.06,79.29,4.2741,4.5764,10.0445196725716,7.692,7.75,1081.11
2025-01-22,18.4877,108.167,15.1,79.0,4.2975,4.6109,9.96974176877381,7.683,7.75,1082.34
2025-01-23,18.505,108.047,15.02,78.29,4.289,4.6436,10.047587940705501,7.675,7.75,1081.34
2025-01-24,18.4009,107.443,14.85,78.5,4.2655,4.6214,10.0167244955126,7.675,7.75,1090.02
2025-01-27,18.7303,107.341,17.9,77.08,4.195,4.5343,10.135293455184401,7.658,7.75,1087.54
2025-01-28,18.6863,107.866,16.41,77.49,4.1949,4.5323,10.0349405885187,7.65,7.75,1089.13
2025-01-29,18.5384,108.0,16.56,76.58,4.2135,4.5284,9.96512422540689,7.65,7.75,1092.31
2025-01-30,18.5944,107.797,15.84,76.87,4.2073,4.5163,9.98527996001593,7.65,7.5,1095.75
2025-01-31,18.6694,108.37,16.43,76.76,4.1971,4.5387,10.0410028848507,7.56,7.5,1093.37
2025-02-03,18.7466,108.99,18.62,75.96,4.2489,4.555,10.1600389670997,7.558,7.5,1073.72
2025-02-04,18.6755,107.96,17.21,76.2,4.2137,4.5105,10.1145352702429,7.558,7.5,1092.93
2025-02-05,18.5589,107.579,15.77,74.61,4.1868,4.4181,10.0712988710975,7.558,7.5,1095.79
2025-02-06,18.4374,107.689,15.5,74.29,4.2118,4.4342,10.0815061150859,7.558,7.5,1102.25
2025-02-07,18.403,108.04,16.54,74.66,4.2892,4.4947,10.074510658457001,7.558,7.5,1108.48
2025-02-10,18.448,108.319,15.81,75.87,4.2747,4.4968,10.1382038923181,7.558,7.5,1108.46
2025-02-11,18.4755,107.963,16.02,77.0,4.2833,4.5352,10.1933182759161,7.558,7.5,1104.63
2025-02-12,18.5269,107.938,15.89,75.18,4.3548,4.6208,10.1924646314226,7.558,7.5,1111.01
2025-02-13,18.4914,107.313,15.1,75.02,4.3067,4.5288,10.2207056213756,7.558,7.5,1113.25
2025-02-14,18.3875,106.71,14.77,74.74,4.2589,4.4762,10.15946008881,7.558,7.5,1125.23
2025-02-17,18.3997,106.575,15.37,75.22,4.2589,4.4762,10.191002992664,7.558,7.5,1130.61
2025-02-18,18.405,107.054,15.35,75.84,4.3056,4.5503,10.173613194557001,7.558,7.5,1138.92
2025-02-19,18.5216,107.173,15.27,76.04,4.2676,4.5327,10.2394005755521,7.558,7.5,1136.87
2025-02-20,18.3459,106.372,15.66,76.48,4.2699,4.5053,10.2635245282505,7.558,7.5,1132.45
2025-02-21,18.3844,106.612,18.21,74.43,4.198,4.4313,10.2425603375478,7.558,7.5,1147.3
2025-02-24,18.3826,106.596,18.98,74.78,4.1747,4.4003,10.197244045444199,7.558,7.5,1135.74
2025-02-25,18.4152,106.308,19.43,73.02,4.0942,4.2945,10.1917802633803,7.558,7.5,1122.38
2025-02-26,18.3921,106.416,19.1,72.53,4.0716,4.2562,10.1097560024976,7.558,7.5,1135.41
2025-02-27,18.4626,107.244,21.13,74.04,4.0511,4.2599,10.1655452218334,7.558,7.5,1124.03
2025-02-28,18.6906,107.614,19.63,73.18,3.9889,4.2082,10.1913172635126,7.56,7.5,1097.25
2025-03-03,18.6071,106.747,22.78,71.62,3.9496,4.1551,10.182585686449,7.558,7.5,1097.37
2025-03-04,18.4879,105.743,23.51,71.04,3.9905,4.2442,10.1144327318077,7.558,7.5,1093.0
2025-03-05,18.3292,104.276,21.93,69.3,4.0047,4.2785,10.1075930217986,7.558,7.5,1115.55
2025-03-06,18.1302,104.062,24.87,69.46,3.959,4.2784,10.1544800904652,7.558,7.5,1131.26
2025-03-07,18.2426,103.838,23.37,70.36,3.9997,4.3011,10.2234555883311,7.558,7.5,1128.55
2025-03-10,18.3335,103.9,27.86,69.28,3.8833,4.2131,10.1647409531991,7.558,7.5,1113.06
2025-03-11,18.2132,103.419,26.92,69.56,3.9431,4.2799,10.1426210506813,7.558,7.5,1109.16
2025-03-12,18.342,103.612,24.23,70.95,3.9866,4.3124,10.1642863187207,7.558,7.5,1111.13
2025-03-13,18.3304,103.828,24.66,69.88,3.9571,4.2682,10.2066103788509,7.558,7.5,1106.07
2025-03-14,18.1969,103.718,21.77,70.58,4.017,4.3121,10.253867713989399,7.558,7.5,1119.61
2025-03-17,18.0857,103.37,20.51,71.07,4.0441,4.2985,10.290156941087899,7.558,7.5,1131.44
2025-03-18,18.1444,103.244,21.7,70.56,4.0398,4.2831,10.2770998817173,7.558,7.5,1145.17
2025-03-19,18.1222,103.428,19.9,70.78,3.9723,4.2428,10.2375980915555,7.558,7.5,1143.29
2025-03-20,18.1594,103.851,19.8,72.0,3.9636,4.2369,10.2304239655106,7.558,7.5,1140.69
2025-03-24,18.2539,104.262,17.48,73.0,4.0346,4.3346,10.3089171745971,7.558,7.5,1136.01
2025-03-25,18.2709,104.184,17.15,73.02,4.0132,4.3133,10.3542002407165,7.558,7.5,1129.41
2025-03-26,18.2649,104.547,18.33,73.79,4.0166,4.3519,10.2983582366035,7.558,7.5,1131.54
2025-03-27,18.2343,104.335,18.69,74.03,3.9899,4.3595,10.3238694908186,7.558,7.5,1130.54
2025-03-28,18.4307,104.044,21.65,73.63,3.9119,4.2494,10.347960652198001,7.558,7.5,1120.72
2025-03-31,18.3227,104.21,22.28,74.74,3.8832,4.2053,10.276330653898599,7.56,7.5,1101.4
2025-04-01,18.4723,104.26,21.77,74.49,3.8811,4.1689,10.2680616665649,7.558,7.5,1110.66
2025-04-02,18.8884,103.807,21.51,74.95,3.8584,4.1307,10.4512349457855,7.558,7.5,1111.68
2025-04-03,18.7262,102.072,30.02,70.14,3.6817,4.0286,10.4607204866631,7.558,7.5,1102.78
2025-04-04,19.1367,103.023,45.31,65.58,3.652,3.9943,10.6934864412354,7.542,7.5,1087.59
2025-04-07,19.6589,103.256,46.98,64.21,3.7629,4.1835,10.7002834789374,7.542,7.5,1001.49
2025-04-08,19.7634,102.955,52.33,62.82,3.7256,4.2929,10.5807884201724,7.542,7.5,1002.6
2025-04-09,19.2996,102.9,33.62,65.48,3.9077,4.3315,10.6826292793843,7.542,7.5,993.45
2025-04-10,19.4139,100.867,40.72,63.33,3.862,4.4249,10.530016563626301,7.542,7.5,1028.86
2025-04-11,19.1686,100.102,37.56,64.76,3.9599,4.4895,10.6610768931027,7.542,7.5,1045.2
2025-04-14,18.8986,99.64,30.89,64.88,3.845,4.3739,10.5815838818223,7.542,7.5,1060.22
2025-04-15,19.0372,100.215,30.12,64.67,3.8449,4.333,10.550337147210099,7.542,7.5,1070.26
2025-04-16,18.849,99.38,32.64,65.85,3.7695,4.2768,10.516260810455499,7.542,7.5,1059.1
2025-04-17,18.8066,99.376,29.65,67.96,3.7982,4.3249,10.5388826127982,7.542,7.5,1067.07
2025-04-22,18.6199,98.918,30.57,67.44,3.819,4.4008,10.5733691342382,7.542,7.5,1073.79
2025-04-23,18.6595,99.844,28.45,66.12,3.8709,4.3812,10.4468358314504,7.542,7.5,1096.05
2025-04-24,18.797,99.377,26.47,66.55,3.7971,4.3149,10.3209623695716,7.542,7.5,1092.98
2025-04-25,18.7106,99.471,24.84,66.87,3.748,4.2353,10.3189883861914,7.542,7.5,1097.1
2025-04-29,18.549,99.237,24.17,64.25,3.6499,4.1716,10.268009890540899,7.542,7.5,1105.99
2025-04-30,18.6057,99.468,24.7,63.12,3.6027,4.1619,10.2488802710829,7.54,7.5,1112.84
2025-05-02,18.3994,100.03,22.68,61.29,3.8239,4.3083,10.2676243428813,7.525,7.5,1133.27
2025-05-05,18.2703,99.831,23.64,60.23,3.8323,4.3433,10.2831256404347,7.525,7.5,1139.59
2025-05-06,18.2132,99.238,24.76,62.15,3.7827,4.2946,10.3386339628082,7.508,7.5,1137.42
2025-05-07,18.2651,99.614,23.55,61.12,3.7765,4.2694,10.2996830938467,7.508,7.5,1137.41
2025-05-08,18.2009,100.64,22.48,62.84,3.8739,4.3785,10.235652708243299,7.5,7.5,1133.58
2025-05-09,18.2017,100.339,21.9,63.91,3.891,4.3785,10.1971446925436,7.492,7.5,1138.4
2025-05-12,18.2639,101.788,18.39,64.96,4.0103,4.4709,10.204463728103299,7.483,7.5,1161.85
2025-05-13,18.3151,101.003,18.22,66.63,4.0001,4.465,10.229347263889501,7.458,7.5,1156.82
2025-05-14,18.2697,101.039,18.62,66.09,4.0508,4.5363,10.2360002257998,7.458,7.5,1173.65
2025-05-15,18.0173,100.879,17.83,64.53,3.9608,4.4315,10.1418964705971,7.458,7.5,1173.53
2025-05-16,18.0443,101.092,17.24,65.41,3.9995,4.477,10.1179668228354,7.458,7.5,1172.38
2025-05-19,18.0863,100.426,18.14,65.54,3.9765,4.4474,10.1711163141164,7.458,7.5,1166.64
2025-05-20,17.9216,100.118,18.09,65.38,3.9704,4.4869,10.1466465266972,7.458,7.5,1167.46
2025-05-21,17.9608,99.559,20.87,64.91,4.0194,4.5985,10.1448923192913,7.458,7.5,1174.56
2025-05-22,18.0077,99.96,20.28,64.44,3.99,4.5287,10.1909716919911,7.458,7.5,1165.38
2025-05-23,17.8405,99.112,22.29,64.78,3.9912,4.511,10.1697046114518,7.45,7.5,1170.98
2025-05-26,17.8649,98.934,20.57,64.74,3.9912,4.511,10.1762554292202,7.45,7.5,1170.13
2025-05-27,17.9489,99.521,18.96,64.09,3.9808,4.4436,10.1098838565588,7.442,7.5,1164.1
2025-05-28,17.9303,99.875,19.31,64.9,3.9901,4.4773,10.0450082133799,7.442,7.5,1163.84
2025-05-29,17.8125,99.278,19.18,64.15,3.9386,4.418,9.90434139191489,7.442,7.25,1170.16
2025-05-30,18.0027,99.329,18.57,63.9,3.8975,4.4004,9.87462383508954,7.325,7.25,1157.34
2025-06-02,17.8537,98.706,18.36,64.63,3.9366,4.4399,9.93813742777635,7.325,7.25,1153.77
2025-06-03,17.8609,99.227,17.69,65.63,3.9511,4.4537,9.856030897934529,7.325,7.25,1158.13
2025-06-04,17.8237,98.787,17.61,64.86,3.8665,4.3552,9.72705006421171,7.325,7.25,1172.45
2025-06-05,17.7349,98.741,18.48,65.34,3.9201,4.3906,9.77171368277251,7.325,7.25,1182.68
2025-06-06,17.7802,99.19,16.77,66.47,4.0365,4.5056,9.7938421078833,7.325,7.25,1182.93
2025-06-09,17.7318,98.939,17.16,67.04,4.0034,4.4738,9.86883449277457,7.317,7.25,1193.78
2025-06-10,17.7054,99.098,16.95,66.87,4.0181,4.4698,9.8098978029163,7.317,7.25,1201.13
2025-06-11,17.7301,98.631,17.26,69.77,3.9515,4.4203,9.83114941911529,7.317,7.25,1208.98
2025-06-12,17.776,97.921,18.02,69.36,3.9077,4.3592,9.816101713566221,7.317,7.25,1202.74
2025-06-13,17.9455,98.184,20.82,74.23,3.9475,4.3987,9.86402076883228,7.317,7.25,1190.03
2025-06-17,18.0214,98.82,21.6,76.45,3.9518,4.3888,9.841146911120271,7.317,7.25,1196.96
2025-06-18,18.0019,98.905,20.14,76.7,3.9414,4.3909,9.84379052918594,7.317,7.25,1193.45
2025-06-19,18.03,98.905,22.17,78.85,3.9414,4.3909,9.84064701547374,7.317,7.25,1177.31
2025-06-20,17.9932,98.707,20.62,77.01,3.9077,4.3751,9.77537848788152,7.317,7.25,1189.85
2025-06-23,17.8733,98.416,19.83,71.48,3.8633,4.3475,9.80161535364814,7.317,7.25,1182.25
2025-06-24,17.7626,97.858,17.48,67.14,3.8251,4.2945,9.69191710250227,7.317,7.25,1211.84
2025-06-25,17.7528,97.679,16.76,67.68,3.7807,4.2906,9.67036270936141,7.308,7.25,1220.72
2025-06-26,17.8461,97.147,16.59,67.73,3.7193,4.2417,9.69034958014844,7.292,7.25,1226.95
2025-06-27,17.8204,97.401,16.32,67.77,3.748,4.2769,9.70045807792043,7.292,7.25,1228.53
2025-06-30,17.7118,96.875,16.73,67.61,3.7192,4.228,9.69943379955209,7.29,7.25,1222.78
2025-07-01,17.5972,96.819,16.83,67.11,3.7725,4.2416,9.60536908438504,7.275,7.25,1229.25
2025-07-02,17.5655,96.776,16.64,69.11,3.7848,4.2769,9.58992050742155,7.275,7.25,1230.24
2025-07-03,17.5163,97.18,16.38,68.8,3.8799,4.3457,9.50744064453709,7.275,7.25,1236.97
2025-07-04,17.5774,97.18,17.48,68.3,3.8799,4.3457,9.48852487677623,7.275,7.25,1231.63
2025-07-07,17.8623,97.48,17.79,69.58,3.8946,4.3794,9.588292144344681,7.275,7.25,1226.19
2025-07-08,17.786,97.516,16.81,70.15,3.8905,4.3992,9.638427179792371,7.275,7.25,1231.54
2025-07-09,17.8301,97.555,15.94,70.19,3.8429,4.332,9.60430702987371,7.275,7.25,1227.87
2025-07-10,17.7471,97.652,15.78,68.64,3.8721,4.3498,9.55061881597375,7.275,7.25,1231.26
2025-07-11,17.9422,97.853,16.4,70.36,3.885,4.4093,9.634263513411561,7.267,7.25,1229.13
2025-07-14,17.9078,98.081,17.2,69.21,3.8998,4.4333,9.652070990435261,7.267,7.25,1228.59
2025-07-15,17.927,98.616,17.38,68.71,3.9398,4.4813,9.60780419085095,7.267,7.25,1240.45
2025-07-16,17.8167,98.392,17.16,68.52,3.8917,4.4553,9.64819238364353,7.267,7.25,1239.53
2025-07-17,17.8301,98.734,16.52,69.52,3.9045,4.4513,9.704483904823311,7.258,7.25,1241.25
2025-07-18,17.7154,98.482,16.41,69.28,3.8691,4.4155,9.69188252103579,7.25,7.25,1249.38
2025-07-21,17.6208,97.853,16.65,69.21,3.8608,4.3777,9.73396018683967,7.233,7.25,1253.46
2025-07-22,17.558,97.392,16.5,68.59,3.8334,4.344,9.61357305973195,7.208,7.25,1248.05
2025-07-23,17.5284,97.214,15.37,68.51,3.88,4.3798,9.567887664157409,7.208,7.25,1265.16
2025-07-24,17.6306,97.377,15.39,69.18,3.9162,4.3957,9.57560874810973,7.2,7.25,1267.29
2025-07-25,17.7676,97.645,14.93,68.44,3.9232,4.3878,9.59707982311804,7.192,7.25,1257.78
2025-07-28,17.8768,98.634,15.03,70.04,3.9255,4.4098,9.57436802184421,7.175,7.25,1255.44
2025-07-29,17.8882,98.886,15.98,72.51,3.8689,4.3204,9.579025983867611,7.15,7.25,1252.31
2025-07-30,17.9979,99.815,15.48,73.24,3.9406,4.37,9.56985981875135,7.142,7.25,1252.47
2025-07-31,18.2175,99.968,16.72,72.53,3.9571,4.374,9.397343865794861,7.13,7.0,1243.23
2025-08-01,18.1124,99.141,20.38,69.67,3.6817,4.2159,9.38652890242763,7.042,7.0,1226.18
2025-08-04,17.9314,98.784,17.52,68.76,3.6752,4.1923,9.407283744769899,7.042,7.0,1237.05
2025-08-05,17.9172,98.782,17.85,67.64,3.7242,4.21,9.464882152959179,7.025,7.0,1246.1
2025-08-06,17.7731,98.177,16.77,66.89,3.7137,4.2257,9.45746055708737,7.025,7.0,1244.43
2025-08-07,17.7187,98.4,16.57,66.43,3.7279,4.25,9.43851936684404,7.025,7.0,1260.46
2025-08-08,17.7469,98.18,15.15,66.59,3.7624,4.2829,9.40850484013325,7.025,7.0,1253.79
2025-08-11,17.7572,98.52,16.25,66.63,3.7684,4.2849,9.45201446675673,7.017,7.0,1255.65
2025-08-12,17.5932,98.097,14.73,66.12,3.7308,4.2888,9.461339520275489,7.017,7.0,1257.27
2025-08-13,17.5205,97.84,14.49,65.63,3.6745,4.2326,9.40177345579789,7.017,7.0,1276.97
2025-08-14,17.5967,98.254,14.83,66.84,3.7324,4.2849,9.39116358646466,7.017,7.0,1271.97
2025-08-15,17.5923,97.852,15.09,65.85,3.7505,4.316,9.37974343354861,7.017,7.0,1272.43
2025-08-18,17.6347,98.167,14.99,66.6,3.7629,4.3335,9.42007884349818,7.017,7.0,1273.09
2025-08-19,17.6814,98.265,15.57,65.79,3.748,4.3062,9.43453602756347,7.017,7.0,1270.73
2025-08-20,17.6712,98.218,15.69,66.84,3.7478,4.2907,9.389930829868721,7.017,7.0,1259.88
2025-08-21,17.7176,98.619,16.6,67.67,3.7918,4.3277,9.39841113413571,7.017,7.0,1261.74
2025-08-22,17.449,97.716,14.22,67.73,3.6963,4.2537,9.3638494180252,7.017,7.0,1266.55
2025-08-25,17.6074,98.43,14.79,68.8,3.7235,4.2751,9.361691176925909,7.017,7.0,1285.46
2025-08-26,17.6311,98.225,14.62,67.22,3.6789,4.2615,9.37644279718674,7.017,7.0,1274.21
2025-08-27,17.6938,98.232,14.85,68.05,3.6085,4.2343,9.3881273070439,7.017,7.0,1269.11
2025-08-28,17.6977,97.813,14.43,68.62,3.629,4.2033,9.39039608823323,7.017,7.0,1261.26
2025-08-29,17.6566,97.771,15.36,68.12,3.6167,4.2284,9.39059537971403,7.017,7.0,1258.44
2025-09-01,17.6175,97.771,16.12,68.15,3.6167,4.2284,9.37789136093004,7.017,7.0,1266.58
2025-09-02,17.6907,98.397,17.17,69.14,3.6392,4.2614,9.42173636291416,7.017,7.0,1265.44
2025-09-03,17.6643,98.142,16.35,67.6,3.6166,4.2168,9.41148367274737,7.017,7.0,1267.0
2025-09-04,17.7787,98.347,15.3,66.99,3.5878,4.1607,9.404366231757889,7.017,7.0,1261.56
2025-09-05,17.59,97.768,15.18,65.5,3.5092,4.0742,9.33776691791337,7.017,7.0,1276.05
2025-09-08,17.4953,97.454,15.11,66.02,3.4863,4.0398,9.325693871682029,7.017,7.0,1282.2
2025-09-09,17.5434,97.788,15.04,66.39,3.5584,4.0875,9.2826411534997,7.017,7.0,1295.38
2025-09-10,17.4875,97.78,15.35,67.49,3.5438,4.0454,9.27435451544136,7.008,7.0,1307.49
2025-09-11,17.3618,97.531,14.71,66.37,3.5415,4.0206,9.17368071407266,7.008,7.0,1310.08
2025-09-12,17.3909,97.55,14.76,66.99,3.5556,4.0643,9.14567353295059,7.0,7.0,1325.73
2025-09-15,17.3597,97.302,15.69,67.44,3.5368,4.0375,9.03049921086781,6.983,7.0,1328.79
2025-09-16,17.3391,96.633,16.36,68.47,3.5033,4.0279,9.065092959944671,6.975,7.0,1339.91
2025-09-17,17.399,96.873,15.72,67.95,3.5531,4.0872,8.98943744975098,6.975,7.0,1347.85
2025-09-18,17.3505,97.348,15.7,67.44,3.5635,4.1044,9.00265958078621,6.933,7.0,1345.83
2025-09-19,17.3437,97.644,15.45,66.68,3.5715,4.1274,8.99109664561465,7.017,7.0,1340.91
2025-09-22,17.326,97.341,16.1,66.57,3.603,4.1467,8.9699035297783,7.017,7.0,1343.73
2025-09-23,17.2454,97.264,16.64,67.63,3.586,4.1061,8.91018504155546,7.008,7.0,1346.55
2025-09-25,17.4266,98.553,16.74,69.42,3.6553,4.1698,8.96172281456855,7.008,7.0,1343.82
2025-09-26,17.3366,98.152,15.29,70.13,3.643,4.1755,8.9766015592448,7.008,7.0,1325.58
2025-09-29,17.2726,97.906,16.12,67.97,3.6205,4.1387,8.97081518263097,7.0,7.0,1339.71
2025-09-30,17.2704,97.775,16.28,67.02,3.6083,4.1503,8.98914781289984,7.0,7.0,1346.05
2025-10-01,17.2324,97.706,16.29,65.35,3.5347,4.0981,8.982353386300499,7.0,7.0,1352.73
2025-10-02,17.2919,97.846,16.63,64.11,3.5388,4.0827,8.995380851621,7.0,7.0,1367.71
2025-10-03,17.2349,97.723,16.65,64.53,3.5759,4.1192,8.98496088306873,7.0,7.0,1373.89
2025-10-06,17.1716,98.108,16.37,65.47,3.5883,4.152,9.04151313149221,7.0,7.0,1372.25
2025-10-07,17.2208,98.578,17.24,65.45,3.5636,4.123,8.98294683996625,7.0,7.0,1375.23
2025-10-08,17.1569,98.915,16.3,66.25,3.5802,4.1171,8.92209262440536,7.0,7.0,1372.04
2025-10-09,17.2153,99.538,16.43,65.22,3.5927,4.1384,8.873565437779481,7.0,7.0,1375.9
2025-10-10,17.5045,98.978,21.66,62.73,3.5015,4.0322,8.8995847802016,7.0,7.0,1365.67
2025-10-13,17.3184,99.269,19.03,63.32,3.5015,4.0322,8.9526649129413,6.975,7.0,1353.31
2025-10-14,17.3829,99.047,20.81,62.39,3.4807,4.0321,8.9753332191502,6.975,7.0,1338.98
2025-10-15,17.3513,98.793,20.64,61.91,3.4973,4.0282,8.90375699776211,6.975,7.0,1365.69
2025-10-16,17.3396,98.336,25.31,61.06,3.4243,3.9745,8.875590596333929,6.975,7.0,1378.96
2025-10-17,17.3699,98.433,20.78,61.29,3.4573,4.0088,8.881171000299611,6.975,7.0,1361.6
2025-10-20,17.2309,98.586,18.23,61.01,3.4552,3.98,8.79867324624211,6.975,7.0,1383.26
2025-10-21,17.3984,98.934,17.87,61.32,3.4551,3.9627,8.78129915099142,6.975,7.0,1383.64
2025-10-22,17.4115,98.897,18.6,62.59,3.4445,3.9493,8.812751051753109,6.975,7.0,1380.07
2025-10-23,17.3298,98.936,17.3,65.99,3.4885,4.0009,8.81113935894002,6.975,7.0,1381.37
2025-10-24,17.266,98.952,16.37,65.94,3.4799,4.0007,8.78613066284309,6.975,7.0,1389.39
2025-10-27,17.2221,98.783,15.79,65.62,3.4905,3.9795,8.76470322776024,6.975,7.0,1407.94
2025-10-28,17.156,98.667,16.42,64.4,3.4898,3.9756,8.75625480017151,6.975,7.0,1402.66
2025-10-29,17.2012,99.22,16.92,64.92,3.598,4.0757,8.72777049425708,6.975,7.0,1416.39
2025-10-30,17.2853,99.526,16.91,65.0,3.6082,4.097,8.750625755091699,6.975,7.0,1411.65
2025-10-31,17.3325,99.804,17.44,65.07,3.5736,4.0775,8.74245801136722,6.97,7.0,1401.55
2025-11-03,17.319,99.873,17.17,64.89,3.6045,4.1104,8.732573366957979,6.967,7.0,1410.43
2025-11-04,17.5117,100.224,19.0,64.44,3.5758,4.0852,8.72345110419911,6.967,7.0,1393.38
2025-11-05,17.4181,100.204,18.01,63.52,3.6295,4.1591,8.67705585121915,6.967,7.0,1382.96
2025-11-06,17.3765,99.733,19.5,63.38,3.5553,4.0831,8.713527408834471,6.967,7.0,1393.77
2025-11-07,17.3037,99.603,19.08,63.63,3.5616,4.0966,8.76223588198731,6.967,7.0,1381.63
2025-11-10,17.1604,99.589,17.6,64.06,3.5908,4.116,8.70496126166144,6.967,7.0,1400.21
2025-11-11,17.1596,99.443,17.28,65.16,3.5908,4.116,8.75605620627569,6.958,7.0,1402.67
2025-11-12,17.0843,99.495,17.51,62.71,3.568,4.0693,8.644158246554671,6.933,7.0,1407.73
2025-11-13,17.0426,99.156,20.0,63.01,3.5909,4.1192,8.55245207645679,6.917,7.0,1409.8
2025-11-14,17.0904,99.299,19.83,64.39,3.6058,4.1483,8.5990483321075,6.908,7.0,1385.61
2025-11-17,17.1728,99.588,22.38,64.2,3.6101,4.1386,8.57324157988666,6.892,7.0,1387.85
2025-11-18,17.1851,99.55,24.69,64.89,3.5725,4.1134,8.617958987139849,6.867,7.0,1361.75
2025-11-19,17.1966,100.228,23.66,63.51,3.5915,4.1367,8.62061994682995,6.858,7.0,1360.31
2025-11-20,17.2481,100.158,26.42,63.38,3.5327,4.0845,8.56693907863673,6.858,6.75,1371.54
2025-11-21,17.3783,100.18,23.43,62.56,3.5075,4.0633,8.59136900693309,6.783,6.75,1333.96
2025-11-24,17.3137,100.142,20.52,63.37,3.4969,4.0248,8.58596323473609,6.783,6.75,1342.1
2025-11-25,17.2094,99.664,18.56,62.48,3.4586,3.996,8.569070857928459,6.783,6.75,1353.84
2025-11-26,17.1063,99.595,17.19,63.13,3.475,3.9941,8.54040602230571,6.783,6.75,1371.46
2025-11-27,17.1518,99.536,17.21,63.34,3.475,3.9941,8.53838843604751,6.783,6.75,1370.39
2025-11-28,17.113,99.459,16.35,63.2,3.4893,4.0132,8.468941103875121,6.783,6.75,1366.92
2025-12-01,17.0796,99.414,17.24,63.17,3.5304,4.0865,8.47089846221941,6.783,6.75,1368.27
2025-12-02,17.1354,99.357,16.59,62.45,3.508,4.0865,8.43901157683347,6.783,6.75,1373.87
2025-12-03,17.042,98.854,16.08,62.67,3.4835,4.0633,8.31636405825972,6.783,6.75,1372.95
2025-12-04,16.9832,98.989,15.78,63.26,3.5226,4.0981,8.30409846073304,6.783,6.75,1376.79
2025-12-05,16.9338,98.992,15.41,63.75,3.5603,4.1351,8.29978026682447,6.783,6.75,1385.48
2025-12-08,17.0209,99.087,16.66,62.49,3.575,4.1643,8.39476759754316,6.783,6.75,1386.62
2025-12-09,17.0629,99.22,16.93,61.94,3.6147,4.1878,8.46733191639785,6.783,6.75,1378.93
2025-12-10,16.992,98.786,15.77,62.21,3.5381,4.1468,8.48058514130155,6.783,6.75,1382.51
2025-12-11,16.8637,98.346,14.85,61.28,3.5404,4.1566,8.4021183671366,6.783,6.75,1376.73
2025-12-12,16.8854,98.399,15.74,61.12,3.5222,4.1841,8.3742223766582,6.775,6.75,1389.99
2025-12-15,16.8019,98.309,16.5,60.56,3.5015,4.1723,8.35437288002185,6.775,6.75,1373.88
2025-12-17,16.7301,98.368,17.62,59.68,3.4829,4.1528,8.34413763410792,6.775,6.75,1358.97
2025-12-18,16.7458,98.427,16.87,59.82,3.46,4.1217,8.37303508415522,6.775,6.75,1358.18
2025-12-19,16.7764,98.599,14.91,60.47,3.4834,4.1471,8.388267914887109,6.775,6.75,1368.48
2025-12-22,16.7106,98.286,14.08,62.07,3.5067,4.1628,8.41443396822759,6.775,6.75,1383.83
2025-12-23,16.7024,97.942,14.0,62.38,3.5321,4.1628,8.38458230928706,6.775,6.75,1387.13
2025-12-24,16.6632,97.976,13.47,62.24,3.5014,4.1335,8.31244736098444,6.758,6.75,1392.07
2025-12-29,16.7045,98.037,14.2,61.94,3.4545,4.1102,8.28538704933873,6.758,6.75,1401.66
2025-12-30,16.5832,98.238,14.33,61.92,3.4484,4.1219,8.20085035634765,6.75,6.75,1402.53
2025-12-31,16.5669,98.322,14.95,60.85,3.473,4.167,8.18915182943735,6.75,6.75,1404.37
